instructor,rmp_rating,rmp_difficulty,rmp_num_ratings,rmp_take_again,rmp_url,rmp_dept,rmp_tags
"FINKELSTEIN, RUTH",2.0,4.5,111,7%,https://www.ratemyprofessors.com/professor/168264,Biology,"TEST HEAVY, TOUGH GRADER, LECTURE HEAVY, GRADED BY FEW THINGS, GET READY TO READ, TEST HEAVY, HILARIOUS, TEST HEAVY, TOUGH GRADER, GRADED BY FEW THINGS, TOUGH GRADER, TEST HEAVY"
"GONZALES SMITH, MYRIAM",3.2,3.1,58,50%,https://www.ratemyprofessors.com/professor/857625,Languages,"GROUP PROJECTS, CARING, ACCESSIBLE OUTSIDE CLASS, PARTICIPATION MATTERS, TOUGH GRADER, GROUP PROJECTS, CARING, ACCESSIBLE OUTSIDE CLASS, TOUGH GRADER"
"YANG, FENGRUI",1.3,4.2,24,8%,https://www.ratemyprofessors.com/professor/3042220,Mathematics,"GRADED BY FEW THINGS, TEST HEAVY, TOUGH GRADER, LECTURE HEAVY, EXTRA CREDIT, TOUGH GRADER, TEST HEAVY, GRADED BY FEW THINGS"
"RUTHERFORD, KEVIN",4.4,2.1,23,82%,https://www.ratemyprofessors.com/professor/2586194,Writing,"CARING, GROUP PROJECTS, GIVES GOOD FEEDBACK, CLEAR GRADING CRITERIA, INSPIRATIONAL, GROUP PROJECTS, GIVES GOOD FEEDBACK, HILARIOUS, PARTICIPATION MATTERS, CARING, GROUP PROJECTS, INSPIRATIONAL, CARING, CLEAR GRADING CRITERIA, ONLINE SAVVY, CLEAR GRADING CRITERIA, HILARIOUS, CARING"
"GERMAN, ELAINE",4.6,1.5,14,100%,https://www.ratemyprofessors.com/professor/623673,Psychology,"HILARIOUS, AMAZING LECTURES, CLEAR GRADING CRITERIA, INSPIRATIONAL, CARING, CLEAR GRADING CRITERIA, INSPIRATIONAL, HILARIOUS, AMAZING LECTURES, CARING, LECTURE HEAVY"
"WINK, MATTHIAS",3.2,3.3,12,58%,https://www.ratemyprofessors.com/professor/3083884,Mathematics,"TEST HEAVY, GRADED BY FEW THINGS, TOUGH GRADER, CLEAR GRADING CRITERIA, LECTURE HEAVY, GRADED BY FEW THINGS, TOUGH GRADER, TEST HEAVY, TOUGH GRADER, TEST HEAVY, GRADED BY FEW THINGS, CARING, TEST HEAVY, ACCESSIBLE OUTSIDE CLASS"
"RUSSELL, NADINE",2.4,3.6,10,20%,https://www.ratemyprofessors.com/professor/3085429,Economics,"BEWARE OF POP QUIZZES, GET READY TO READ, PARTICIPATION MATTERS, TEST HEAVY, GRADED BY FEW THINGS, LECTURE HEAVY, TEST HEAVY, GRADED BY FEW THINGS, PARTICIPATION MATTERS, AMAZING LECTURES, TOUGH GRADER, PARTICIPATION MATTERS, GET READY TO READ, TEST HEAVY, GRADED BY FEW THINGS, GET READY TO READ, TEST HEAVY, GRADED BY FEW THINGS"
"SAKR, LAILA",3.0,2.3,3,33%,https://www.ratemyprofessors.com/professor/2678292,Film,"GET READY TO READ, PARTICIPATION MATTERS, GROUP PROJECTS, BEWARE OF POP QUIZZES, GRADED BY FEW THINGS, GET READY TO READ, PARTICIPATION MATTERS, BEWARE OF POP QUIZZES, GET READY TO READ, GROUP PROJECTS, GRADED BY FEW THINGS"
"KHARITONOVA, YEKATERINA KATE",2.5,3.6,185,34%,https://www.ratemyprofessors.com/professor/2450605,Computer Science,"LOTS OF HOMEWORK, TOUGH GRADER, CARING, PARTICIPATION MATTERS, BEWARE OF POP QUIZZES, PARTICIPATION MATTERS, GROUP PROJECTS, LECTURE HEAVY, PARTICIPATION MATTERS, GROUP PROJECTS, CLEAR GRADING CRITERIA, GROUP PROJECTS, AMAZING LECTURES, CARING, PARTICIPATION MATTERS, GROUP PROJECTS, LOTS OF HOMEWORK"
"HARTMAN, JOHN",2.1,3.8,183,24%,https://www.ratemyprofessors.com/professor/1112610,Economics,"TEST HEAVY, TOUGH GRADER, GRADED BY FEW THINGS, CLEAR GRADING CRITERIA, LECTURE HEAVY, TEST HEAVY, GRADED BY FEW THINGS, TOUGH GRADER, TEST HEAVY, TOUGH GRADER, LOTS OF HOMEWORK, GRADED BY FEW THINGS, TOUGH GRADER, LECTURE HEAVY, TEST HEAVY"
"WROBEL, ALEX",4.8,2.5,101,93%,https://www.ratemyprofessors.com/professor/2777126,Science,"AMAZING LECTURES, CARING, CLEAR GRADING CRITERIA, HILARIOUS, LECTURE HEAVY, INSPIRATIONAL, TOUGH GRADER, HILARIOUS, GRADED BY FEW THINGS, CLEAR GRADING CRITERIA, CARING, AMAZING LECTURES, GIVES GOOD FEEDBACK, GRADED BY FEW THINGS"
"FULKERSON, SCOTT",4.3,3.9,73,84%,https://www.ratemyprofessors.com/professor/2346208,Economics,"TEST HEAVY, CLEAR GRADING CRITERIA, AMAZING LECTURES, RESPECTED, CARING, AMAZING LECTURES, RESPECTED, TEST HEAVY, GROUP PROJECTS, AMAZING LECTURES, HILARIOUS, CLEAR GRADING CRITERIA, RESPECTED, GRADED BY FEW THINGS, AMAZING LECTURES, TEST HEAVY"
"WHITE, JEREMY",3.7,2.9,70,67%,https://www.ratemyprofessors.com/professor/895623,Art History,"GET READY TO READ, LECTURE HEAVY, SKIP CLASS? YOU WON'T PASS., EXTRA CREDIT, CLEAR GRADING CRITERIA, GET READY TO READ, CLEAR GRADING CRITERIA, GRADED BY FEW THINGS, GET READY TO READ, BEWARE OF POP QUIZZES, TEST HEAVY, LECTURE HEAVY, GET READY TO READ, EXTRA CREDIT, GROUP PROJECTS"
"BERNSTEIN, HILARY",4.0,3.2,57,63%,https://www.ratemyprofessors.com/professor/543961,History,"GET READY TO READ, TOUGH GRADER, PARTICIPATION MATTERS, SO MANY PAPERS, CLEAR GRADING CRITERIA, GET READY TO READ, GRADED BY FEW THINGS, ACCESSIBLE OUTSIDE CLASS, TOUGH GRADER, GET READY TO READ, LECTURE HEAVY, GET READY TO READ, AMAZING LECTURES, SO MANY PAPERS, GET READY TO READ, GET READY TO READ, PARTICIPATION MATTERS, AMAZING LECTURES"
"BENZARTI, YOUSSEF",4.5,2.4,40,87%,https://www.ratemyprofessors.com/professor/2622730,Economics,"CLEAR GRADING CRITERIA, AMAZING LECTURES, RESPECTED, CARING, TEST HEAVY, TEST HEAVY, HILARIOUS, RESPECTED, ACCESSIBLE OUTSIDE CLASS, AMAZING LECTURES, HILARIOUS, ONLINE SAVVY, GRADED BY FEW THINGS"
"KURIS, ARMAND",4.3,3.8,36,66%,https://www.ratemyprofessors.com/professor/346672,Biology,"TEST HEAVY, GRADED BY FEW THINGS, RESPECTED, TOUGH GRADER, AMAZING LECTURES, TOUGH GRADER, LECTURE HEAVY, TEST HEAVY, AMAZING LECTURES, TEST HEAVY, GRADED BY FEW THINGS, INSPIRATIONAL, HILARIOUS, RESPECTED, HILARIOUS, TEST HEAVY, GRADED BY FEW THINGS"
"WARWICK, NICOLE",4.7,2.1,33,92%,https://www.ratemyprofessors.com/professor/1886356,Writing,"GIVES GOOD FEEDBACK, CARING, CLEAR GRADING CRITERIA, INSPIRATIONAL, PARTICIPATION MATTERS, CLEAR GRADING CRITERIA, GRADED BY FEW THINGS, ACCESSIBLE OUTSIDE CLASS, PARTICIPATION MATTERS, GROUP PROJECTS, ACCESSIBLE OUTSIDE CLASS, PARTICIPATION MATTERS, INSPIRATIONAL, CARING, PARTICIPATION MATTERS, GIVES GOOD FEEDBACK, INSPIRATIONAL"
"MIESCHER, STEPHAN",3.4,2.8,23,69%,https://www.ratemyprofessors.com/professor/804774,History,"GET READY TO READ, PARTICIPATION MATTERS, SKIP CLASS? YOU WON'T PASS., EXTRA CREDIT, CARING, GET READY TO READ, PARTICIPATION MATTERS, BEWARE OF POP QUIZZES, GET READY TO READ, PARTICIPATION MATTERS, CARING, GET READY TO READ, LECTURE HEAVY, GIVES GOOD FEEDBACK, ACCESSIBLE OUTSIDE CLASS, GET READY TO READ"
"GARCIA DAHAN, LETTY",4.7,1.9,14,100%,https://www.ratemyprofessors.com/professor/3015202,Theater,"CARING, GET READY TO READ, HILARIOUS, EXTRA CREDIT, ACCESSIBLE OUTSIDE CLASS, AMAZING LECTURES, HILARIOUS, CARING, EXTRA CREDIT, PARTICIPATION MATTERS, AMAZING LECTURES, CARING, GET READY TO READ, ACCESSIBLE OUTSIDE CLASS"
"PAREDES-RIVERA, CARINA",4.9,2.4,12,100%,https://www.ratemyprofessors.com/professor/2723094,Spanish,"PARTICIPATION MATTERS, CARING, LOTS OF HOMEWORK, GIVES GOOD FEEDBACK, INSPIRATIONAL, PARTICIPATION MATTERS, LOTS OF HOMEWORK, CARING, PARTICIPATION MATTERS, LOTS OF HOMEWORK, CARING, PARTICIPATION MATTERS, CARING, ACCESSIBLE OUTSIDE CLASS, PARTICIPATION MATTERS, AMAZING LECTURES, INSPIRATIONAL, GROUP PROJECTS, GIVES GOOD FEEDBACK, CARING"
"ANYIKA, MERCY",3.0,4.0,123,53%,https://www.ratemyprofessors.com/professor/2748603,Chemistry,"TEST HEAVY, TOUGH GRADER, HILARIOUS, LECTURE HEAVY, GET READY TO READ, TOUGH GRADER, LECTURE HEAVY, TOUGH GRADER, HILARIOUS, TEST HEAVY, LECTURE HEAVY, TEST HEAVY"
"BLAKE, FELICE",4.3,2.9,51,84%,https://www.ratemyprofessors.com/professor/1259723,English,"GET READY TO READ, BEWARE OF POP QUIZZES, INSPIRATIONAL, AMAZING LECTURES, RESPECTED, BEWARE OF POP QUIZZES, LECTURE HEAVY, GRADED BY FEW THINGS, GET READY TO READ, INSPIRATIONAL, BEWARE OF POP QUIZZES, GET READY TO READ, BEWARE OF POP QUIZZES, PARTICIPATION MATTERS, GROUP PROJECTS, BEWARE OF POP QUIZZES, GET READY TO READ, INSPIRATIONAL, BEWARE OF POP QUIZZES"
"LANUZA, YADER",3.4,2.0,27,62%,https://www.ratemyprofessors.com/professor/2796649,Sociology,"GROUP PROJECTS, LECTURE HEAVY, CLEAR GRADING CRITERIA, AMAZING LECTURES, GRADED BY FEW THINGS, GROUP PROJECTS, HILARIOUS, GROUP PROJECTS, CLEAR GRADING CRITERIA, BEWARE OF POP QUIZZES, GROUP PROJECTS, LECTURE HEAVY, GRADED BY FEW THINGS"
"CASTILLO-MUNOZ, VERONICA",2.4,2.9,20,50%,https://www.ratemyprofessors.com/professor/1731161,History,"GET READY TO READ, CARING, EXTRA CREDIT, AMAZING LECTURES, GIVES GOOD FEEDBACK, GET READY TO READ, EXTRA CREDIT, CLEAR GRADING CRITERIA, CARING, GROUP PROJECTS, CARING, GET READY TO READ, SO MANY PAPERS"
"TOBER, TARA",4.6,2.2,126,92%,https://www.ratemyprofessors.com/professor/2351706,Sociology,"AMAZING LECTURES, GET READY TO READ, CARING, CLEAR GRADING CRITERIA, RESPECTED, GET READY TO READ, GROUP PROJECTS, CARING, GRADED BY FEW THINGS, TEST HEAVY, ACCESSIBLE OUTSIDE CLASS, GET READY TO READ, RESPECTED, LECTURE HEAVY, AMAZING LECTURES, LOTS OF HOMEWORK, TEST HEAVY"
"BLOOM, PETER",2.5,3.8,32,15%,https://www.ratemyprofessors.com/professor/428139,Film,"GET READY TO READ, LOTS OF HOMEWORK, SO MANY PAPERS, TOUGH GRADER, PARTICIPATION MATTERS, GET READY TO READ, GROUP PROJECTS, LOTS OF HOMEWORK, GET READY TO READ, TOUGH GRADER, LOTS OF HOMEWORK, SO MANY PAPERS, GET READY TO READ, SO MANY PAPERS, LECTURE HEAVY"
"VENEGAS, CHRISTINA",2.4,3.3,25,8%,https://www.ratemyprofessors.com/professor/547776,Film,"LECTURE HEAVY, GET READY TO READ, LOTS OF HOMEWORK, TOUGH GRADER, PARTICIPATION MATTERS, GET READY TO READ, PARTICIPATION MATTERS, LOTS OF HOMEWORK, GET READY TO READ, PARTICIPATION MATTERS, RESPECTED, GET READY TO READ, SO MANY PAPERS, LECTURE HEAVY, LECTURE HEAVY, TOUGH GRADER, LOTS OF HOMEWORK"
"BOSWELL, ALICIA",2.9,3.3,23,39%,https://www.ratemyprofessors.com/professor/2572177,Art,"CLEAR GRADING CRITERIA, GET READY TO READ, EXTRA CREDIT, LECTURE HEAVY, TOUGH GRADER, EXTRA CREDIT, LOTS OF HOMEWORK, SO MANY PAPERS, EXTRA CREDIT, PARTICIPATION MATTERS, CLEAR GRADING CRITERIA, LECTURE HEAVY, EXTRA CREDIT, CLEAR GRADING CRITERIA, TEST HEAVY"
"VERTIZ, VICKIE",4.3,2.2,10,80%,https://www.ratemyprofessors.com/professor/2602685,Chicano Studies,"GIVES GOOD FEEDBACK, CARING, INSPIRATIONAL, ACCESSIBLE OUTSIDE CLASS, GET READY TO READ, GET READY TO READ, PARTICIPATION MATTERS, ACCESSIBLE OUTSIDE CLASS, EXTRA CREDIT, GIVES GOOD FEEDBACK, CARING, GIVES GOOD FEEDBACK, INSPIRATIONAL, CARING, PARTICIPATION MATTERS, GIVES GOOD FEEDBACK, CARING, GIVES GOOD FEEDBACK, INSPIRATIONAL, CARING"
"PIMIENTA, OMAR",5.0,3.6,5,100%,https://www.ratemyprofessors.com/professor/3018042,Spanish & Portuguese,"AMAZING LECTURES, HILARIOUS, CLEAR GRADING CRITERIA, GIVES GOOD FEEDBACK, GROUP PROJECTS, GROUP PROJECTS, AMAZING LECTURES, HILARIOUS, AMAZING LECTURES, CLEAR GRADING CRITERIA, HILARIOUS, AMAZING LECTURES, GIVES GOOD FEEDBACK, RESPECTED, AMAZING LECTURES, CLEAR GRADING CRITERIA, INSPIRATIONAL, AMAZING LECTURES, HILARIOUS"
"HILTNER, KENNETH (KEN)",3.7,2.7,352,65%,https://www.ratemyprofessors.com/professor/932951,English,"GET READY TO READ, LECTURE HEAVY, INSPIRATIONAL, GRADED BY FEW THINGS, CLEAR GRADING CRITERIA, GET READY TO READ, PARTICIPATION MATTERS, CARING, CLEAR GRADING CRITERIA, RESPECTED, GET READY TO READ, INSPIRATIONAL, CARING, TOUGH GRADER, GET READY TO READ, LECTURE HEAVY, GET READY TO READ, PARTICIPATION MATTERS, TEST HEAVY"
"SEIKALY , SHERENE ",4.4,3.5,29,90%,https://www.ratemyprofessors.com/professor/2022780,History,"GET READY TO READ, AMAZING LECTURES, RESPECTED, GIVES GOOD FEEDBACK, INSPIRATIONAL, CLEAR GRADING CRITERIA, GET READY TO READ, PARTICIPATION MATTERS, AMAZING LECTURES, GET READY TO READ, AMAZING LECTURES, ACCESSIBLE OUTSIDE CLASS, GET READY TO READ, PARTICIPATION MATTERS, AMAZING LECTURES, AMAZING LECTURES, INSPIRATIONAL, ACCESSIBLE OUTSIDE CLASS"
"BAKER, ANDREW",3.8,2.6,23,69%,https://www.ratemyprofessors.com/professor/2343293,Linguistics,"GIVES GOOD FEEDBACK, RESPECTED, TOUGH GRADER, CARING, EXTRA CREDIT, HILARIOUS, GROUP PROJECTS, GIVES GOOD FEEDBACK, CARING, TOUGH GRADER, LOTS OF HOMEWORK, GRADED BY FEW THINGS, TOUGH GRADER, LOTS OF HOMEWORK, TOUGH GRADER, GRADED BY FEW THINGS"
"ZACKRISON, ERIC",3.1,3.1,18,61%,https://www.ratemyprofessors.com/professor/2445003,Business,"GROUP PROJECTS, TOUGH GRADER, LOTS OF HOMEWORK, PARTICIPATION MATTERS, AMAZING LECTURES, PARTICIPATION MATTERS, GROUP PROJECTS, CLEAR GRADING CRITERIA, TOUGH GRADER, GROUP PROJECTS, PARTICIPATION MATTERS, CLEAR GRADING CRITERIA, CARING, ACCESSIBLE OUTSIDE CLASS"
"SEGURA, NATHAN",5.0,2.9,7,100%,https://www.ratemyprofessors.com/professor/2813586,Art,"PARTICIPATION MATTERS, GIVES GOOD FEEDBACK, HILARIOUS, AMAZING LECTURES, GET READY TO READ, GET READY TO READ, PARTICIPATION MATTERS, LOTS OF HOMEWORK, PARTICIPATION MATTERS, AMAZING LECTURES, INSPIRATIONAL, PARTICIPATION MATTERS, AMAZING LECTURES, GIVES GOOD FEEDBACK, PARTICIPATION MATTERS, GIVES GOOD FEEDBACK, HILARIOUS, PARTICIPATION MATTERS, GIVES GOOD FEEDBACK, CARING"
"BRUSUTTI, ANNA",3.1,2.9,183,44%,https://www.ratemyprofessors.com/professor/268051,Film,"GET READY TO READ, LECTURE HEAVY, GRADED BY FEW THINGS, TOUGH GRADER, SO MANY PAPERS, GIVES GOOD FEEDBACK, HILARIOUS, ACCESSIBLE OUTSIDE CLASS, HILARIOUS, RESPECTED, LECTURE HEAVY, HILARIOUS, CARING, GRADED BY FEW THINGS, INSPIRATIONAL, HILARIOUS, RESPECTED"
"ALAGONA, PETER",4.5,2.5,119,88%,https://www.ratemyprofessors.com/professor/1701804,History,"AMAZING LECTURES, GET READY TO READ, INSPIRATIONAL, RESPECTED, CARING, PARTICIPATION MATTERS, EXTRA CREDIT, GET READY TO READ, AMAZING LECTURES, INSPIRATIONAL, GET READY TO READ, AMAZING LECTURES, INSPIRATIONAL, AMAZING LECTURES, RESPECTED, ACCESSIBLE OUTSIDE CLASS, EXTRA CREDIT, AMAZING LECTURES, CARING"
"MAJEDI, MARYAM",2.6,4.0,112,43%,https://www.ratemyprofessors.com/professor/2938378,Computer Science,"TOUGH GRADER, PARTICIPATION MATTERS, TEST HEAVY, ACCESSIBLE OUTSIDE CLASS, CARING, TOUGH GRADER, PARTICIPATION MATTERS, TOUGH GRADER, TOUGH GRADER, PARTICIPATION MATTERS"
"WELTER, VOLKER",3.8,3.0,63,66%,https://www.ratemyprofessors.com/professor/463145,Architecture,"TOUGH GRADER, LECTURE HEAVY, GET READY TO READ, CLEAR GRADING CRITERIA, AMAZING LECTURES, GET READY TO READ, PARTICIPATION MATTERS, TOUGH GRADER, LECTURE HEAVY, TOUGH GRADER, GET READY TO READ, LECTURE HEAVY"
"TRUGMAN, ANNA",4.0,2.8,16,68%,https://www.ratemyprofessors.com/professor/2641665,Geography,"CLEAR GRADING CRITERIA, CARING, PARTICIPATION MATTERS, LECTURE HEAVY, ACCESSIBLE OUTSIDE CLASS, PARTICIPATION MATTERS, GROUP PROJECTS, CLEAR GRADING CRITERIA, LOTS OF HOMEWORK, CLEAR GRADING CRITERIA, CARING, LECTURE HEAVY, LECTURE HEAVY, TEST HEAVY, ACCESSIBLE OUTSIDE CLASS"
"STEVENS, HANNAH",3.1,2.6,10,50%,https://www.ratemyprofessors.com/professor/3129627,Communication,"TOUGH GRADER, PARTICIPATION MATTERS, LECTURE HEAVY, GIVES GOOD FEEDBACK, GET READY TO READ, TOUGH GRADER, GET READY TO READ, PARTICIPATION MATTERS, AMAZING LECTURES, LECTURE HEAVY, TEST HEAVY, TOUGH GRADER, PARTICIPATION MATTERS, GIVES GOOD FEEDBACK, TOUGH GRADER, LECTURE HEAVY, GRADED BY FEW THINGS"
"CORONA, ANDREEA",1.0,5.0,1,,https://www.ratemyprofessors.com/professor/3159556,Linguistics,"LOTS OF HOMEWORK, LOTS OF HOMEWORK"
"NYEU , MAUNG ",5.0,1.0,1,100%,https://www.ratemyprofessors.com/professor/3158663,Education,"GROUP PROJECTS, AMAZING LECTURES, CLEAR GRADING CRITERIA, GROUP PROJECTS, AMAZING LECTURES, CLEAR GRADING CRITERIA"
"JOSEPH, CRISJOE",4.2,3.7,388,82%,https://www.ratemyprofessors.com/professor/1829388,Chemistry,"TEST HEAVY, CLEAR GRADING CRITERIA, AMAZING LECTURES, LOTS OF HOMEWORK, GRADED BY FEW THINGS, EXTRA CREDIT, GRADED BY FEW THINGS, AMAZING LECTURES, LOTS OF HOMEWORK, TEST HEAVY, GRADED BY FEW THINGS, PARTICIPATION MATTERS, AMAZING LECTURES, CLEAR GRADING CRITERIA, INSPIRATIONAL, LOTS OF HOMEWORK, TEST HEAVY"
"SMITH, STUART",2.8,3.1,131,56%,https://www.ratemyprofessors.com/professor/349755,Anthropology,"GROUP PROJECTS, GET READY TO READ, EXTRA CREDIT, SO MANY PAPERS, PARTICIPATION MATTERS, EXTRA CREDIT, INSPIRATIONAL, EXTRA CREDIT, GROUP PROJECTS, AMAZING LECTURES, EXTRA CREDIT, GROUP PROJECTS, LECTURE HEAVY, PARTICIPATION MATTERS, EXTRA CREDIT, AMAZING LECTURES, GET READY TO READ, EXTRA CREDIT, CLEAR GRADING CRITERIA"
"YU, HONGBO",3.8,2.7,33,69%,https://www.ratemyprofessors.com/professor/2668256,Psychology,"GET READY TO READ, CARING, LECTURE HEAVY, GRADED BY FEW THINGS, CLEAR GRADING CRITERIA, CLEAR GRADING CRITERIA, CARING, GRADED BY FEW THINGS, CLEAR GRADING CRITERIA, LECTURE HEAVY, GRADED BY FEW THINGS, EXTRA CREDIT, GIVES GOOD FEEDBACK, RESPECTED, EXTRA CREDIT, AMAZING LECTURES, TEST HEAVY"
"LAM, KELVIN",3.1,2.7,17,58%,https://www.ratemyprofessors.com/professor/3061230,Mathematics,"CLEAR GRADING CRITERIA, LECTURE HEAVY, LOTS OF HOMEWORK, CARING, TEST HEAVY, CLEAR GRADING CRITERIA, CARING, RESPECTED, CLEAR GRADING CRITERIA, TEST HEAVY, GRADED BY FEW THINGS, LOTS OF HOMEWORK, LECTURE HEAVY, ONLINE SAVVY"
"KEUM, TAE-YEOUN",4.1,3.5,12,66%,https://www.ratemyprofessors.com/professor/2681300,Political Science,"GET READY TO READ, AMAZING LECTURES, CARING, PARTICIPATION MATTERS, TOUGH GRADER, TOUGH GRADER, GET READY TO READ, GRADED BY FEW THINGS, AMAZING LECTURES, INSPIRATIONAL, RESPECTED, TOUGH GRADER, GET READY TO READ, PARTICIPATION MATTERS, AMAZING LECTURES, CARING, TOUGH GRADER, GET READY TO READ, PARTICIPATION MATTERS"
"SHAY, JACKIE",5.0,1.9,11,100%,https://www.ratemyprofessors.com/professor/3021688,Biology,"CARING, INSPIRATIONAL, AMAZING LECTURES, CLEAR GRADING CRITERIA, ACCESSIBLE OUTSIDE CLASS, AMAZING LECTURES, CLEAR GRADING CRITERIA, CARING, AMAZING LECTURES, INSPIRATIONAL, CARING, AMAZING LECTURES, INSPIRATIONAL, CARING, PARTICIPATION MATTERS, HILARIOUS, CARING, INSPIRATIONAL, CARING, ACCESSIBLE OUTSIDE CLASS"
"MCCAULEY, DOUGLAS",4.8,2.0,4,100%,https://www.ratemyprofessors.com/professor/2610280,Biology,"AMAZING LECTURES, LECTURE HEAVY, PARTICIPATION MATTERS, GROUP PROJECTS, CLEAR GRADING CRITERIA, GROUP PROJECTS, LECTURE HEAVY, GRADED BY FEW THINGS, AMAZING LECTURES, CARING, LECTURE HEAVY, PARTICIPATION MATTERS, AMAZING LECTURES, CLEAR GRADING CRITERIA"
"BRADY, SARAH",1.8,2.3,4,25%,https://www.ratemyprofessors.com/professor/2772528,Art,"GET READY TO READ, LECTURE HEAVY, GET READY TO READ, LECTURE HEAVY, GET READY TO READ, LECTURE HEAVY, GET READY TO READ"
"ARMSTEAD, SHAUN",5.0,3.0,1,100%,https://www.ratemyprofessors.com/professor/3079768,History,"GET READY TO READ, PARTICIPATION MATTERS, GET READY TO READ, PARTICIPATION MATTERS"
"PORTER, MATT",4.4,2.5,310,86%,https://www.ratemyprofessors.com/professor/1857546,Mathematics,"CLEAR GRADING CRITERIA, LOTS OF HOMEWORK, CARING, AMAZING LECTURES, ACCESSIBLE OUTSIDE CLASS, EXTRA CREDIT, LECTURE HEAVY, LOTS OF HOMEWORK, CARING, ACCESSIBLE OUTSIDE CLASS, EXTRA CREDIT, CARING, ACCESSIBLE OUTSIDE CLASS, CARING, ACCESSIBLE OUTSIDE CLASS, EXTRA CREDIT, CLEAR GRADING CRITERIA, ACCESSIBLE OUTSIDE CLASS"
"SCHLEY, NATHAN",2.5,3.3,132,40%,https://www.ratemyprofessors.com/professor/1984011,Mathematics,"LOTS OF HOMEWORK, EXTRA CREDIT, CARING, ACCESSIBLE OUTSIDE CLASS, TOUGH GRADER, PARTICIPATION MATTERS, CARING, GRADED BY FEW THINGS, LOTS OF HOMEWORK, HILARIOUS, CARING, BEWARE OF POP QUIZZES"
"REID, SCOTT",3.6,3.6,58,57%,https://www.ratemyprofessors.com/professor/931361,Communication,"LECTURE HEAVY, AMAZING LECTURES, TOUGH GRADER, RESPECTED, SKIP CLASS? YOU WON'T PASS., AMAZING LECTURES, RESPECTED, LECTURE HEAVY, GET READY TO READ, AMAZING LECTURES, HILARIOUS, TOUGH GRADER, LECTURE HEAVY, GRADED BY FEW THINGS, LECTURE HEAVY, TEST HEAVY, GRADED BY FEW THINGS, TOUGH GRADER, HILARIOUS, LECTURE HEAVY"
"NABI, ROBIN",3.6,4.0,58,53%,https://www.ratemyprofessors.com/professor/600908,Communication,"TOUGH GRADER, SKIP CLASS? YOU WON'T PASS., GRADED BY FEW THINGS, AMAZING LECTURES, LECTURE HEAVY, GRADED BY FEW THINGS, AMAZING LECTURES, RESPECTED, GRADED BY FEW THINGS, TOUGH GRADER, GRADED BY FEW THINGS, AMAZING LECTURES, CLEAR GRADING CRITERIA, CARING"
"LANG, MATTHEW",3.6,3.0,33,63%,https://www.ratemyprofessors.com/professor/3081750,Economics,"TEST HEAVY, GRADED BY FEW THINGS, ACCESSIBLE OUTSIDE CLASS, AMAZING LECTURES, CLEAR GRADING CRITERIA, GIVES GOOD FEEDBACK, INSPIRATIONAL, CARING, PARTICIPATION MATTERS, HILARIOUS, ACCESSIBLE OUTSIDE CLASS, AMAZING LECTURES, CLEAR GRADING CRITERIA, TEST HEAVY"
"SOBOTKA, TAGART",3.4,3.1,23,59%,https://www.ratemyprofessors.com/professor/2946451,Sociology,"GROUP PROJECTS, GET READY TO READ, TOUGH GRADER, PARTICIPATION MATTERS, AMAZING LECTURES, TOUGH GRADER, GROUP PROJECTS, TOUGH GRADER, GET READY TO READ, GROUP PROJECTS, TOUGH GRADER, GET READY TO READ, GROUP PROJECTS, GET READY TO READ, GROUP PROJECTS, LECTURE HEAVY, GET READY TO READ, CARING, ACCESSIBLE OUTSIDE CLASS"
"GUTIÉRREZ-MAGALLANES, DR. COCO",2.0,1.8,15,26%,https://www.ratemyprofessors.com/professor/2896190,Feminist Studies,"PARTICIPATION MATTERS, CARING, EXTRA CREDIT, HILARIOUS, GET READY TO READ, PARTICIPATION MATTERS, GROUP PROJECTS, CARING, EXTRA CREDIT, HILARIOUS, GRADED BY FEW THINGS"
"DING, QINGHUA",4.2,1.8,10,70%,https://www.ratemyprofessors.com/professor/2354857,Geography,"CARING, LECTURE HEAVY, ACCESSIBLE OUTSIDE CLASS, TOUGH GRADER, PARTICIPATION MATTERS, LECTURE HEAVY, TOUGH GRADER, LECTURE HEAVY, CLEAR GRADING CRITERIA, CARING, ACCESSIBLE OUTSIDE CLASS"
"SYLVESTER, BRYANNA",3.6,3.4,389,62%,https://www.ratemyprofessors.com/professor/1634616,Chemistry,"TEST HEAVY, SKIP CLASS? YOU WON'T PASS., GRADED BY FEW THINGS, CLEAR GRADING CRITERIA, TOUGH GRADER, LOTS OF HOMEWORK, TEST HEAVY, GRADED BY FEW THINGS, CLEAR GRADING CRITERIA, TEST HEAVY, GRADED BY FEW THINGS, HILARIOUS, TEST HEAVY, GRADED BY FEW THINGS, HILARIOUS, CARING, TEST HEAVY"
"BENELLI, CINDY",2.7,2.9,220,36%,https://www.ratemyprofessors.com/professor/1031087,Economics,"CARING, GRADED BY FEW THINGS, TEST HEAVY, TOUGH GRADER, GET READY TO READ, TOUGH GRADER, TEST HEAVY, TOUGH GRADER, TEST HEAVY, TOUGH GRADER, AMAZING LECTURES, HILARIOUS"
"ABRA, GORDON ",3.9,3.5,91,75%,https://www.ratemyprofessors.com/professor/1954380,Sociology,"AMAZING LECTURES, SKIP CLASS? YOU WON'T PASS., GET READY TO READ, HILARIOUS, GRADED BY FEW THINGS, TOUGH GRADER, LECTURE HEAVY, TEST HEAVY, AMAZING LECTURES, RESPECTED, LECTURE HEAVY, GET READY TO READ, AMAZING LECTURES, TEST HEAVY, AMAZING LECTURES, LECTURE HEAVY, TEST HEAVY, PARTICIPATION MATTERS, AMAZING LECTURES, LECTURE HEAVY"
"NALL, CLAYTON",3.0,3.7,46,56%,https://www.ratemyprofessors.com/professor/2593661,Political Science,"GET READY TO READ, TOUGH GRADER, PARTICIPATION MATTERS, LOTS OF HOMEWORK, SO MANY PAPERS, GET READY TO READ, PARTICIPATION MATTERS, GRADED BY FEW THINGS, GET READY TO READ, GRADED BY FEW THINGS, GET READY TO READ, PARTICIPATION MATTERS, LOTS OF HOMEWORK"
"LEW, JOHN",3.4,3.6,43,37%,https://www.ratemyprofessors.com/professor/587012,Biology,"TEST HEAVY, TOUGH GRADER, GRADED BY FEW THINGS, LECTURE HEAVY, ACCESSIBLE OUTSIDE CLASS, TOUGH GRADER, TEST HEAVY, GRADED BY FEW THINGS, TOUGH GRADER, CLEAR GRADING CRITERIA, TEST HEAVY, TOUGH GRADER, TEST HEAVY, GRADED BY FEW THINGS, TOUGH GRADER, LECTURE HEAVY, GRADED BY FEW THINGS"
"MILLNER, ANTONY",2.6,4.2,19,42%,https://www.ratemyprofessors.com/professor/2678607,Economics,"TEST HEAVY, GRADED BY FEW THINGS, TOUGH GRADER, CLEAR GRADING CRITERIA, RESPECTED, TOUGH GRADER, TEST HEAVY, GRADED BY FEW THINGS, CLEAR GRADING CRITERIA, TEST HEAVY, GRADED BY FEW THINGS, TEST HEAVY"
"MONTELL, DENISE",3.2,3.3,17,33%,https://www.ratemyprofessors.com/professor/1957168,Biology,"SKIP CLASS? YOU WON'T PASS., LECTURE HEAVY, TEST HEAVY, GET READY TO READ, AMAZING LECTURES, INSPIRATIONAL, HILARIOUS, ONLINE SAVVY, INSPIRATIONAL, RESPECTED, GET READY TO READ, TEST HEAVY, AMAZING LECTURES, CLEAR GRADING CRITERIA, GIVES GOOD FEEDBACK, ONLINE SAVVY"
"GRIGORIAN, KAREN",2.9,3.6,47,51%,https://www.ratemyprofessors.com/professor/2946937,Statistics,"PARTICIPATION MATTERS, LOTS OF HOMEWORK, TEST HEAVY, EXTRA CREDIT, LECTURE HEAVY, PARTICIPATION MATTERS, EXTRA CREDIT, PARTICIPATION MATTERS, EXTRA CREDIT, LOTS OF HOMEWORK"
"SALEM, LOAI",2.7,2.5,31,41%,https://www.ratemyprofessors.com/professor/2583635,Electrical & Comp. Engineering,"LOTS OF HOMEWORK, TEST HEAVY, TOUGH GRADER, EXTRA CREDIT, AMAZING LECTURES, HILARIOUS, TEST HEAVY, GRADED BY FEW THINGS"
"MARTIN, CRYSTAL",3.0,4.2,26,45%,https://www.ratemyprofessors.com/professor/297697,Physics,"GET READY TO READ, TEST HEAVY, TOUGH GRADER, LOTS OF HOMEWORK, LECTURE HEAVY, AMAZING LECTURES, RESPECTED, GIVES GOOD FEEDBACK, LOTS OF HOMEWORK, GET READY TO READ, LECTURE HEAVY, TEST HEAVY, GET READY TO READ, TEST HEAVY, TOUGH GRADER"
"CRAWLEY, ALAN",5.0,4.0,1,100%,https://www.ratemyprofessors.com/professor/3108217,Communication,"AMAZING LECTURES, CARING, TEST HEAVY, AMAZING LECTURES, CARING, TEST HEAVY"
"RODWELL, MARK",3.0,3.4,29,50%,https://www.ratemyprofessors.com/professor/568950,Engineering,"HILARIOUS, TOUGH GRADER, AMAZING LECTURES, LECTURE HEAVY, GROUP PROJECTS, INSPIRATIONAL, HILARIOUS, ACCESSIBLE OUTSIDE CLASS, AMAZING LECTURES"
"WALKER, FAYE",1.3,4.6,22,4%,https://www.ratemyprofessors.com/professor/3046802,Chemistry,"SO MANY PAPERS, LOTS OF HOMEWORK, TOUGH GRADER, GET READY TO READ, PARTICIPATION MATTERS, SO MANY PAPERS, LOTS OF HOMEWORK, SO MANY PAPERS, TOUGH GRADER, GET READY TO READ, PARTICIPATION MATTERS"
"BIRCHENALL, JAVIER",2.5,3.7,116,36%,https://www.ratemyprofessors.com/professor/744241,Economics,"TEST HEAVY, TOUGH GRADER, GRADED BY FEW THINGS, GET READY TO READ, LECTURE HEAVY, TEST HEAVY, TOUGH GRADER, LECTURE HEAVY, TEST HEAVY"
"FRIDLUND, ALAN",4.1,3.1,512,74%,https://www.ratemyprofessors.com/professor/855,Psychology,"GET READY TO READ, AMAZING LECTURES, HILARIOUS, TEST HEAVY, SKIP CLASS? YOU WON'T PASS., GET READY TO READ, TEST HEAVY, GET READY TO READ, GRADED BY FEW THINGS, TOUGH GRADER, GRADED BY FEW THINGS, AMAZING LECTURES, GRADED BY FEW THINGS, ACCESSIBLE OUTSIDE CLASS, GET READY TO READ, AMAZING LECTURES, TEST HEAVY"
"SOMERVILLE, JASON",2.0,4.0,1,,https://www.ratemyprofessors.com/professor/3160507,Economics,"EXTRA CREDIT, EXTRA CREDIT"
"GAINER, MORGAN",3.4,4.1,161,62%,https://www.ratemyprofessors.com/professor/1845792,Chemistry,"TOUGH GRADER, LOTS OF HOMEWORK, SKIP CLASS? YOU WON'T PASS., GET READY TO READ, ACCESSIBLE OUTSIDE CLASS, PARTICIPATION MATTERS, TEST HEAVY"
"ARMBRUSTER-SANDOVAL, RALPH",4.3,2.3,93,94%,https://www.ratemyprofessors.com/professor/1184167,Chicano Studies,"INSPIRATIONAL, GET READY TO READ, AMAZING LECTURES, CARING, RESPECTED, GET READY TO READ, INSPIRATIONAL, GRADED BY FEW THINGS, GET READY TO READ, INSPIRATIONAL, ACCESSIBLE OUTSIDE CLASS, GET READY TO READ, AMAZING LECTURES, INSPIRATIONAL, GET READY TO READ, AMAZING LECTURES, ACCESSIBLE OUTSIDE CLASS, GET READY TO READ, PARTICIPATION MATTERS, INSPIRATIONAL"
"DESCHENES, OLIVIER",4.1,3.6,60,83%,https://www.ratemyprofessors.com/professor/773936,Economics,"TEST HEAVY, GRADED BY FEW THINGS, CLEAR GRADING CRITERIA, CARING, HILARIOUS, TEST HEAVY, LECTURE HEAVY, TEST HEAVY, GRADED BY FEW THINGS, AMAZING LECTURES, LECTURE HEAVY, TEST HEAVY, GRADED BY FEW THINGS, GRADED BY FEW THINGS"
"RAYMOND, ELENA",3.3,2.8,53,64%,https://www.ratemyprofessors.com/professor/2198952,Sociology,"GROUP PROJECTS, GET READY TO READ, BEWARE OF POP QUIZZES, CARING, CLEAR GRADING CRITERIA, GROUP PROJECTS, CARING, ACCESSIBLE OUTSIDE CLASS, GROUP PROJECTS, CARING, LECTURE HEAVY, GROUP PROJECTS, GROUP PROJECTS, GROUP PROJECTS, AMAZING LECTURES, CARING"
"SCHOW, CLINT",2.6,4.3,22,36%,https://www.ratemyprofessors.com/professor/2387242,Electrical & Comp. Engineering,"TEST HEAVY, TOUGH GRADER, LECTURE HEAVY, LOTS OF HOMEWORK, HILARIOUS, TOUGH GRADER, TEST HEAVY, LECTURE HEAVY, TEST HEAVY, GRADED BY FEW THINGS, TEST HEAVY, TOUGH GRADER"
"CHI, PETER",4.9,2.1,9,100%,https://www.ratemyprofessors.com/professor/3047655,Statistics,"AMAZING LECTURES, CARING, CLEAR GRADING CRITERIA, ACCESSIBLE OUTSIDE CLASS, PARTICIPATION MATTERS, PARTICIPATION MATTERS, GIVES GOOD FEEDBACK, ACCESSIBLE OUTSIDE CLASS, AMAZING LECTURES, CLEAR GRADING CRITERIA, CARING, PARTICIPATION MATTERS, AMAZING LECTURES, LECTURE HEAVY, CARING, ACCESSIBLE OUTSIDE CLASS, ONLINE SAVVY, AMAZING LECTURES, CARING, RESPECTED"
"MASON, ELINOR",4.3,2.7,3,66%,https://www.ratemyprofessors.com/professor/2823058,Philosophy,"AMAZING LECTURES, GRADED BY FEW THINGS, TOUGH GRADER, GET READY TO READ, CLEAR GRADING CRITERIA, TOUGH GRADER, CLEAR GRADING CRITERIA, GRADED BY FEW THINGS, AMAZING LECTURES, RESPECTED, GRADED BY FEW THINGS, GET READY TO READ, AMAZING LECTURES, CARING"
"PIETRASZEWSKI, DAVID",5.0,1.0,1,100%,https://www.ratemyprofessors.com/professor/3075571,Psychology,"CARING, RESPECTED, CARING, RESPECTED"
"GELLER, ROBERT",3.4,3.3,283,54%,https://www.ratemyprofessors.com/professor/73600,Physics,"LOTS OF HOMEWORK, TOUGH GRADER, AMAZING LECTURES, GET READY TO READ, CLEAR GRADING CRITERIA, TOUGH GRADER, PARTICIPATION MATTERS, GRADED BY FEW THINGS, TEST HEAVY, GRADED BY FEW THINGS, AMAZING LECTURES, LOTS OF HOMEWORK, GRADED BY FEW THINGS, GET READY TO READ, AMAZING LECTURES"
"AFIFI, WALID",3.5,3.3,62,59%,https://www.ratemyprofessors.com/professor/933080,Communication,"TOUGH GRADER, CARING, TEST HEAVY, AMAZING LECTURES, INSPIRATIONAL, TOUGH GRADER, GET READY TO READ, LECTURE HEAVY, TEST HEAVY, GRADED BY FEW THINGS, GIVES GOOD FEEDBACK, CARING, HILARIOUS, TEST HEAVY"
"JARADA, MOHAMAD",3.5,4.0,2,50%,https://www.ratemyprofessors.com/professor/3108057,Anthropology,"GET READY TO READ, TOUGH GRADER, GIVES GOOD FEEDBACK, LOTS OF HOMEWORK, RESPECTED, TOUGH GRADER, GET READY TO READ, LOTS OF HOMEWORK, GET READY TO READ, GIVES GOOD FEEDBACK, RESPECTED"
"HOELLE, JEFFREY",4.0,2.4,91,71%,https://www.ratemyprofessors.com/professor/1798681,Anthropology,"HILARIOUS, EXTRA CREDIT, GET READY TO READ, LECTURE HEAVY, GRADED BY FEW THINGS, HILARIOUS, GET READY TO READ, SO MANY PAPERS, LECTURE HEAVY, TOUGH GRADER, HILARIOUS, GRADED BY FEW THINGS, HILARIOUS, EXTRA CREDIT, LECTURE HEAVY"
"LIPSHUTZ, BRUCE",3.9,4.0,44,88%,https://www.ratemyprofessors.com/professor/360761,Chemistry,"HILARIOUS, SKIP CLASS? YOU WON'T PASS., AMAZING LECTURES, INSPIRATIONAL, CARING, INSPIRATIONAL, CARING, TEST HEAVY, AMAZING LECTURES, INSPIRATIONAL, HILARIOUS, HILARIOUS, LECTURE HEAVY, TEST HEAVY, HILARIOUS, TEST HEAVY, GRADED BY FEW THINGS, AMAZING LECTURES, RESPECTED, GRADED BY FEW THINGS"
"GIESBRECHT, BARRY",4.5,3.0,21,100%,https://www.ratemyprofessors.com/professor/485454,Psychology,"AMAZING LECTURES, RESPECTED, CLEAR GRADING CRITERIA, PARTICIPATION MATTERS, SKIP CLASS? YOU WON'T PASS., AMAZING LECTURES, RESPECTED, GRADED BY FEW THINGS, PARTICIPATION MATTERS, CLEAR GRADING CRITERIA, RESPECTED, GIVES GOOD FEEDBACK, AMAZING LECTURES, CARING, ACCESSIBLE OUTSIDE CLASS, SKIP CLASS? YOU WON'T PASS., CLEAR GRADING CRITERIA"
"KIM, LINA",2.2,3.1,16,27%,https://www.ratemyprofessors.com/professor/1476153,Engineering,"PARTICIPATION MATTERS, GIVES GOOD FEEDBACK, RESPECTED, AMAZING LECTURES, CLEAR GRADING CRITERIA, LOTS OF HOMEWORK"
"YAN, MINGSONG",5.0,1.1,8,100%,https://www.ratemyprofessors.com/professor/3056734,Mathematics,"CLEAR GRADING CRITERIA, CARING, ACCESSIBLE OUTSIDE CLASS, AMAZING LECTURES, INSPIRATIONAL, AMAZING LECTURES, CLEAR GRADING CRITERIA, ACCESSIBLE OUTSIDE CLASS, AMAZING LECTURES, CLEAR GRADING CRITERIA, CARING, INSPIRATIONAL, CARING, CLEAR GRADING CRITERIA, CLEAR GRADING CRITERIA, INSPIRATIONAL, CARING"
"PRICE, SCOTT",4.6,3.4,391,92%,https://www.ratemyprofessors.com/professor/1755841,Chemistry,"AMAZING LECTURES, RESPECTED, CARING, TEST HEAVY, SKIP CLASS? YOU WON'T PASS., HILARIOUS, TEST HEAVY, ACCESSIBLE OUTSIDE CLASS, AMAZING LECTURES, GIVES GOOD FEEDBACK, RESPECTED, GIVES GOOD FEEDBACK, TEST HEAVY, GRADED BY FEW THINGS, AMAZING LECTURES, CARING, RESPECTED"
"GARFIELD, PETER",3.8,2.8,251,78%,https://www.ratemyprofessors.com/professor/2184972,Mathematics,"LOTS OF HOMEWORK, CARING, ACCESSIBLE OUTSIDE CLASS, HILARIOUS, PARTICIPATION MATTERS, HILARIOUS, CARING, CLEAR GRADING CRITERIA, LOTS OF HOMEWORK, CARING, LOTS OF HOMEWORK"
"KENNEDY, ROBERT (BOB)",4.1,2.5,180,84%,https://www.ratemyprofessors.com/professor/1148287,Linguistics,"CARING, RESPECTED, CLEAR GRADING CRITERIA, LECTURE HEAVY, HILARIOUS, GET READY TO READ, LOTS OF HOMEWORK, GIVES GOOD FEEDBACK, LOTS OF HOMEWORK, LECTURE HEAVY, PARTICIPATION MATTERS, AMAZING LECTURES"
"BARRETT, THOMAS",4.8,2.3,72,93%,https://www.ratemyprofessors.com/professor/2435150,Philosophy,"AMAZING LECTURES, HILARIOUS, CARING, ACCESSIBLE OUTSIDE CLASS, EXTRA CREDIT, CLEAR GRADING CRITERIA, HILARIOUS, CARING, EXTRA CREDIT, CLEAR GRADING CRITERIA, CARING, EXTRA CREDIT, HILARIOUS, ACCESSIBLE OUTSIDE CLASS, EXTRA CREDIT, CARING, ACCESSIBLE OUTSIDE CLASS, CLEAR GRADING CRITERIA, CARING, ACCESSIBLE OUTSIDE CLASS"
"PERRONE, GIULIANA",4.6,2.6,55,85%,https://www.ratemyprofessors.com/professor/2294553,History,"AMAZING LECTURES, GET READY TO READ, GRADED BY FEW THINGS, CARING, RESPECTED, GET READY TO READ, AMAZING LECTURES, GRADED BY FEW THINGS, GET READY TO READ, INSPIRATIONAL, TEST HEAVY, TOUGH GRADER, GET READY TO READ, AMAZING LECTURES, AMAZING LECTURES, CARING, AMAZING LECTURES, INSPIRATIONAL"
"PANDYA, SAMEER",4.4,2.6,54,88%,https://www.ratemyprofessors.com/professor/1252531,Ethnic Studies,"GET READY TO READ, AMAZING LECTURES, GRADED BY FEW THINGS, INSPIRATIONAL, LECTURE HEAVY, LECTURE HEAVY, GET READY TO READ, RESPECTED, GRADED BY FEW THINGS, AMAZING LECTURES, INSPIRATIONAL, GRADED BY FEW THINGS, GET READY TO READ"
"MOKRISKI, DAVID",4.0,2.8,32,68%,https://www.ratemyprofessors.com/professor/2241164,Philosophy,"CLEAR GRADING CRITERIA, GRADED BY FEW THINGS, TEST HEAVY, GIVES GOOD FEEDBACK, LECTURE HEAVY, GRADED BY FEW THINGS, ACCESSIBLE OUTSIDE CLASS, CLEAR GRADING CRITERIA, GIVES GOOD FEEDBACK, RESPECTED, AMAZING LECTURES, CLEAR GRADING CRITERIA, RESPECTED"
"FRANK, DANIEL",4.9,2.3,24,95%,https://www.ratemyprofessors.com/professor/2464254,Writing,"GIVES GOOD FEEDBACK, CARING, PARTICIPATION MATTERS, AMAZING LECTURES, RESPECTED, GIVES GOOD FEEDBACK, RESPECTED, LECTURE HEAVY, HILARIOUS, CARING, ACCESSIBLE OUTSIDE CLASS, SO MANY PAPERS, CARING, ONLINE SAVVY, GET READY TO READ, PARTICIPATION MATTERS, CARING, RESPECTED"
"LIU, HAOYANG",3.3,3.5,4,50%,https://www.ratemyprofessors.com/professor/3150367,Mathematics,"TOUGH GRADER, CLEAR GRADING CRITERIA, LOTS OF HOMEWORK, CARING, CLEAR GRADING CRITERIA, CARING, TOUGH GRADER, LOTS OF HOMEWORK, TOUGH GRADER"
"CHIANG, HUNG",3.3,3.0,3,66%,https://www.ratemyprofessors.com/professor/3125688,Mathematics,"EXTRA CREDIT, GRADED BY FEW THINGS, TOUGH GRADER, PARTICIPATION MATTERS, LOTS OF HOMEWORK, EXTRA CREDIT, GRADED BY FEW THINGS, EXTRA CREDIT, GRADED BY FEW THINGS, TOUGH GRADER, PARTICIPATION MATTERS, LOTS OF HOMEWORK"
"MORALES, HELEN",4.2,2.0,88,91%,https://www.ratemyprofessors.com/professor/1406022,Classics,"CLEAR GRADING CRITERIA, AMAZING LECTURES, GET READY TO READ, HILARIOUS, RESPECTED, GET READY TO READ, CLEAR GRADING CRITERIA, AMAZING LECTURES, GRADED BY FEW THINGS, AMAZING LECTURES, CLEAR GRADING CRITERIA, CLEAR GRADING CRITERIA, GRADED BY FEW THINGS"
"O'CONNOR, ALICE",4.0,3.3,68,65%,https://www.ratemyprofessors.com/professor/41969,History,"GET READY TO READ, TOUGH GRADER, AMAZING LECTURES, GRADED BY FEW THINGS, PARTICIPATION MATTERS, GET READY TO READ, AMAZING LECTURES, GIVES GOOD FEEDBACK, GET READY TO READ, GET READY TO READ, AMAZING LECTURES, GET READY TO READ, PARTICIPATION MATTERS, AMAZING LECTURES"
"AZARENKO, OLGA",2.8,3.8,64,51%,https://www.ratemyprofessors.com/professor/2612875,Biology,"LECTURE HEAVY, TEST HEAVY, TOUGH GRADER, GROUP PROJECTS, EXTRA CREDIT, TOUGH GRADER, GROUP PROJECTS, LECTURE HEAVY, TOUGH GRADER, GROUP PROJECTS, TEST HEAVY, CLEAR GRADING CRITERIA, HILARIOUS, EXTRA CREDIT, GROUP PROJECTS, LECTURE HEAVY, TOUGH GRADER, GROUP PROJECTS, TEST HEAVY"
"JARRETT, GREG",4.0,3.2,46,81%,https://www.ratemyprofessors.com/professor/1677243,Religion,"GET READY TO READ, PARTICIPATION MATTERS, HILARIOUS, AMAZING LECTURES, SKIP CLASS? YOU WON'T PASS., PARTICIPATION MATTERS, AMAZING LECTURES, HILARIOUS, GET READY TO READ, PARTICIPATION MATTERS, TEST HEAVY, PARTICIPATION MATTERS, AMAZING LECTURES, HILARIOUS, GET READY TO READ, PARTICIPATION MATTERS, AMAZING LECTURES"
"FALASCA, SIMONETTA",3.7,2.9,28,57%,https://www.ratemyprofessors.com/professor/584099,Sociology,"GET READY TO READ, LECTURE HEAVY, CARING, GRADED BY FEW THINGS, TOUGH GRADER, CLEAR GRADING CRITERIA, LECTURE HEAVY, GET READY TO READ, LECTURE HEAVY, GRADED BY FEW THINGS, GET READY TO READ, LECTURE HEAVY, GET READY TO READ, TEST HEAVY, GRADED BY FEW THINGS, CARING, LECTURE HEAVY, GRADED BY FEW THINGS"
"MELNICK, ROSS",4.6,2.6,13,85%,https://www.ratemyprofessors.com/professor/1824808,Film,"GIVES GOOD FEEDBACK, CARING, ACCESSIBLE OUTSIDE CLASS, GET READY TO READ, AMAZING LECTURES, GIVES GOOD FEEDBACK, INSPIRATIONAL, CARING, HILARIOUS, CARING, ACCESSIBLE OUTSIDE CLASS, RESPECTED, ACCESSIBLE OUTSIDE CLASS, INSPIRATIONAL, GIVES GOOD FEEDBACK, HILARIOUS, AMAZING LECTURES"
"DAMLUJI, MONA",3.7,2.9,10,70%,https://www.ratemyprofessors.com/professor/2470697,Film,"PARTICIPATION MATTERS, AMAZING LECTURES, CLEAR GRADING CRITERIA, SO MANY PAPERS, GIVES GOOD FEEDBACK, SO MANY PAPERS, LECTURE HEAVY, CLEAR GRADING CRITERIA, CARING, ACCESSIBLE OUTSIDE CLASS, PARTICIPATION MATTERS, AMAZING LECTURES, CLEAR GRADING CRITERIA, SO MANY PAPERS, LOTS OF HOMEWORK"
"JENKINS, CHRIS",3.6,2.6,7,66%,https://www.ratemyprofessors.com/professor/2023910,Film,"GROUP PROJECTS, RESPECTED, GRADED BY FEW THINGS, GIVES GOOD FEEDBACK, TOUGH GRADER, PARTICIPATION MATTERS, GROUP PROJECTS, GRADED BY FEW THINGS, TOUGH GRADER, LOTS OF HOMEWORK, GRADED BY FEW THINGS, GIVES GOOD FEEDBACK, RESPECTED, GROUP PROJECTS, CARING"
"XIAO, TING",1.7,3.3,6,,https://www.ratemyprofessors.com/professor/3129097,Business,"GROUP PROJECTS, TOUGH GRADER, PARTICIPATION MATTERS, LECTURE HEAVY, GRADED BY FEW THINGS, TOUGH GRADER, PARTICIPATION MATTERS, GROUP PROJECTS, PARTICIPATION MATTERS, GROUP PROJECTS, GRADED BY FEW THINGS, TOUGH GRADER, GROUP PROJECTS, LECTURE HEAVY, TOUGH GRADER, PARTICIPATION MATTERS, EXTRA CREDIT, GROUP PROJECTS, LECTURE HEAVY"
"BOURNE, JANET",4.7,2.3,3,100%,https://www.ratemyprofessors.com/professor/2444287,Music,"GET READY TO READ, PARTICIPATION MATTERS, CLEAR GRADING CRITERIA, CARING, LECTURE HEAVY, PARTICIPATION MATTERS, CLEAR GRADING CRITERIA, LECTURE HEAVY, GET READY TO READ, GRADED BY FEW THINGS, CARING"
"ROTTNER, RENNE",4.0,2.7,3,66%,https://www.ratemyprofessors.com/professor/2880516,Business,"CLEAR GRADING CRITERIA, GIVES GOOD FEEDBACK, CARING, GRADED BY FEW THINGS, ACCESSIBLE OUTSIDE CLASS, CLEAR GRADING CRITERIA, GIVES GOOD FEEDBACK, CARING, CLEAR GRADING CRITERIA, GRADED BY FEW THINGS, ACCESSIBLE OUTSIDE CLASS"
"CALDWELL, SARA",4.5,2.5,2,100%,https://www.ratemyprofessors.com/professor/3109103,Film,"TOUGH GRADER, GET READY TO READ, GIVES GOOD FEEDBACK, HILARIOUS, LECTURE HEAVY, TOUGH GRADER, GIVES GOOD FEEDBACK, HILARIOUS, GET READY TO READ, LECTURE HEAVY"
"FREUND, ERNEST",4.4,2.9,228,87%,https://www.ratemyprofessors.com/professor/164131,Physics,"HILARIOUS, TEST HEAVY, RESPECTED, AMAZING LECTURES, CLEAR GRADING CRITERIA, HILARIOUS, CARING, ACCESSIBLE OUTSIDE CLASS, HILARIOUS, CARING, GRADED BY FEW THINGS, GET READY TO READ, TEST HEAVY, AMAZING LECTURES"
"STRATHMAN,  BRENT",3.4,4.2,107,49%,https://www.ratemyprofessors.com/professor/1991902,Political Science,"GET READY TO READ, TOUGH GRADER, AMAZING LECTURES, LECTURE HEAVY, RESPECTED, TOUGH GRADER, GET READY TO READ, AMAZING LECTURES, GET READY TO READ, AMAZING LECTURES, GET READY TO READ, AMAZING LECTURES, GRADED BY FEW THINGS"
"BERGSTROM, RANDY",3.9,3.1,99,51%,https://www.ratemyprofessors.com/professor/54750,History,"GET READY TO READ, RESPECTED, HILARIOUS, GRADED BY FEW THINGS, SKIP CLASS? YOU WON'T PASS., GIVES GOOD FEEDBACK, CARING, RESPECTED, GET READY TO READ, AMAZING LECTURES, CARING, GET READY TO READ, PARTICIPATION MATTERS, LECTURE HEAVY"
"KITTLER, WOLF",2.7,2.7,91,32%,https://www.ratemyprofessors.com/professor/666453,Languages,"GET READY TO READ, GRADED BY FEW THINGS, LECTURE HEAVY, BEWARE OF POP QUIZZES, CARING, GRADED BY FEW THINGS, CLEAR GRADING CRITERIA, LECTURE HEAVY, GRADED BY FEW THINGS, GRADED BY FEW THINGS, LECTURE HEAVY, GRADED BY FEW THINGS"
"SCUDDER, SAMANTHA",4.7,2.7,56,92%,https://www.ratemyprofessors.com/professor/2669812,Psychology,"AMAZING LECTURES, CLEAR GRADING CRITERIA, CARING, ACCESSIBLE OUTSIDE CLASS, INSPIRATIONAL, AMAZING LECTURES, CLEAR GRADING CRITERIA, LECTURE HEAVY, AMAZING LECTURES, CLEAR GRADING CRITERIA, AMAZING LECTURES, AMAZING LECTURES, CLEAR GRADING CRITERIA, CARING"
"SIEGEL, GREG",2.9,4.1,35,34%,https://www.ratemyprofessors.com/professor/1003594,Film,"GET READY TO READ, TOUGH GRADER, LECTURE HEAVY, BEWARE OF POP QUIZZES, TEST HEAVY, TEST HEAVY, GRADED BY FEW THINGS, TOUGH GRADER, GET READY TO READ, LOTS OF HOMEWORK, TOUGH GRADER, GET READY TO READ, LECTURE HEAVY, TOUGH GRADER, GET READY TO READ, TOUGH GRADER"
"WOO, BRANDON",4.8,2.0,6,100%,https://www.ratemyprofessors.com/professor/3068554,Psychology,"CLEAR GRADING CRITERIA, CARING, GRADED BY FEW THINGS, PARTICIPATION MATTERS, INSPIRATIONAL, CLEAR GRADING CRITERIA, CARING, ACCESSIBLE OUTSIDE CLASS, CLEAR GRADING CRITERIA, RESPECTED, GRADED BY FEW THINGS, CLEAR GRADING CRITERIA, CARING, GRADED BY FEW THINGS, CLEAR GRADING CRITERIA, INSPIRATIONAL, CARING"
"ALLEN, COLIN",3.8,3.4,5,60%,https://www.ratemyprofessors.com/professor/2987737,Philosophy,"AMAZING LECTURES, EXTRA CREDIT, INSPIRATIONAL, RESPECTED, LECTURE HEAVY, EXTRA CREDIT, AMAZING LECTURES, INSPIRATIONAL, AMAZING LECTURES, RESPECTED, ACCESSIBLE OUTSIDE CLASS, LECTURE HEAVY, GRADED BY FEW THINGS"
"HAYNES, REAGAN",2.7,1.7,3,33%,https://www.ratemyprofessors.com/professor/2914500,Fine Arts,"PARTICIPATION MATTERS, GROUP PROJECTS, GRADED BY FEW THINGS, PARTICIPATION MATTERS, GROUP PROJECTS, GRADED BY FEW THINGS, PARTICIPATION MATTERS, GROUP PROJECTS, GRADED BY FEW THINGS"
"HAGHIGHI, MEHDI",4.0,3.0,2,100%,https://www.ratemyprofessors.com/professor/3109447,Political Science,"PARTICIPATION MATTERS, EXTRA CREDIT, AMAZING LECTURES, ACCESSIBLE OUTSIDE CLASS, EXTRA CREDIT, PARTICIPATION MATTERS, AMAZING LECTURES, ACCESSIBLE OUTSIDE CLASS"
"BRUHN, KATHLEEN",3.4,3.2,101,55%,https://www.ratemyprofessors.com/professor/43810,Political Science,"GET READY TO READ, TOUGH GRADER, GRADED BY FEW THINGS, LECTURE HEAVY, AMAZING LECTURES, GET READY TO READ, LECTURE HEAVY, GRADED BY FEW THINGS, TOUGH GRADER, TOUGH GRADER, SO MANY PAPERS, RESPECTED, TOUGH GRADER, GET READY TO READ, GRADED BY FEW THINGS, GET READY TO READ, SO MANY PAPERS, LECTURE HEAVY"
"DONNELLY, BRIAN",4.4,2.8,49,86%,https://www.ratemyprofessors.com/professor/1406076,English,"AMAZING LECTURES, GRADED BY FEW THINGS, HILARIOUS, GET READY TO READ, CARING, TOUGH GRADER, GET READY TO READ, TOUGH GRADER, GET READY TO READ, GRADED BY FEW THINGS, AMAZING LECTURES, HILARIOUS, CARING, GET READY TO READ, AMAZING LECTURES, ACCESSIBLE OUTSIDE CLASS"
"BAHAM, MELINDA",3.9,2.5,30,80%,https://www.ratemyprofessors.com/professor/2914518,Psychology,"CARING, CLEAR GRADING CRITERIA, AMAZING LECTURES, GIVES GOOD FEEDBACK, LECTURE HEAVY, GIVES GOOD FEEDBACK, GRADED BY FEW THINGS, CLEAR GRADING CRITERIA, GIVES GOOD FEEDBACK, CARING, TOUGH GRADER, GIVES GOOD FEEDBACK, SO MANY PAPERS, CLEAR GRADING CRITERIA, CARING"
"ANDERSON, KEVIN",3.7,2.8,26,57%,https://www.ratemyprofessors.com/professor/1399333,Sociology,"GRADED BY FEW THINGS, GET READY TO READ, CLEAR GRADING CRITERIA, BEWARE OF POP QUIZZES, RESPECTED, GET READY TO READ, BEWARE OF POP QUIZZES, LECTURE HEAVY, GRADED BY FEW THINGS, AMAZING LECTURES, RESPECTED, GRADED BY FEW THINGS, GET READY TO READ, RESPECTED"
"STOLL, HEATHER",3.4,3.5,21,45%,https://www.ratemyprofessors.com/professor/524663,Political Science,"CLEAR GRADING CRITERIA, LOTS OF HOMEWORK, TOUGH GRADER, PARTICIPATION MATTERS, LECTURE HEAVY, GROUP PROJECTS, PARTICIPATION MATTERS, GROUP PROJECTS, CLEAR GRADING CRITERIA, LOTS OF HOMEWORK, TEST HEAVY, GRADED BY FEW THINGS, CLEAR GRADING CRITERIA, CARING, GRADED BY FEW THINGS, CLEAR GRADING CRITERIA, LECTURE HEAVY"
"MAHDAVI, PAASHA",4.4,3.4,19,84%,https://www.ratemyprofessors.com/professor/2533812,Political Science,"CARING, RESPECTED, CLEAR GRADING CRITERIA, LOTS OF HOMEWORK, TOUGH GRADER, TOUGH GRADER, LECTURE HEAVY, TEST HEAVY, LECTURE HEAVY, ACCESSIBLE OUTSIDE CLASS, CLEAR GRADING CRITERIA, CARING, AMAZING LECTURES, CARING, RESPECTED"
"CHARRY, JON",4.0,3.0,6,83%,https://www.ratemyprofessors.com/professor/3017822,Philosophy,"AMAZING LECTURES, CARING, ACCESSIBLE OUTSIDE CLASS, PARTICIPATION MATTERS, CLEAR GRADING CRITERIA, PARTICIPATION MATTERS, CLEAR GRADING CRITERIA, LECTURE HEAVY, GET READY TO READ, CARING, ACCESSIBLE OUTSIDE CLASS, AMAZING LECTURES, CARING, ACCESSIBLE OUTSIDE CLASS, AMAZING LECTURES, CLEAR GRADING CRITERIA, CARING"
"MUNDAY, LIZ",5.0,1.6,5,100%,https://www.ratemyprofessors.com/professor/3117727,Sociology,"HILARIOUS, GET READY TO READ, CARING, AMAZING LECTURES, GIVES GOOD FEEDBACK, HILARIOUS, CARING, RESPECTED, GIVES GOOD FEEDBACK, HILARIOUS, CARING, GET READY TO READ, AMAZING LECTURES, HILARIOUS, GET READY TO READ, AMAZING LECTURES, HILARIOUS, GET READY TO READ, CARING"
"FELDWINN, DARBY",3.0,4.2,241,30%,https://www.ratemyprofessors.com/professor/1346549,Chemistry,"TOUGH GRADER, LOTS OF HOMEWORK, TEST HEAVY, SKIP CLASS? YOU WON'T PASS., LECTURE HEAVY, EXTRA CREDIT, LOTS OF HOMEWORK, TEST HEAVY, TOUGH GRADER, CARING, ACCESSIBLE OUTSIDE CLASS, TOUGH GRADER, LOTS OF HOMEWORK, TEST HEAVY, TOUGH GRADER, TEST HEAVY"
"VEGA, JULIO",5.0,2.5,4,100%,https://www.ratemyprofessors.com/professor/2390052,Classics,"AMAZING LECTURES, CLEAR GRADING CRITERIA, GRADED BY FEW THINGS, ACCESSIBLE OUTSIDE CLASS, GIVES GOOD FEEDBACK, AMAZING LECTURES, CLEAR GRADING CRITERIA, GIVES GOOD FEEDBACK, CLEAR GRADING CRITERIA, GRADED BY FEW THINGS, ACCESSIBLE OUTSIDE CLASS, AMAZING LECTURES, GRADED BY FEW THINGS, ACCESSIBLE OUTSIDE CLASS, INSPIRATIONAL, HILARIOUS, CARING"
"ICHIBA, TOMOYUKI",3.7,2.9,17,72%,https://www.ratemyprofessors.com/professor/1539079,Statistics,"CARING, LECTURE HEAVY, ACCESSIBLE OUTSIDE CLASS, TOUGH GRADER, EXTRA CREDIT, CARING, CLEAR GRADING CRITERIA, RESPECTED, LECTURE HEAVY, TOUGH GRADER, CARING, ACCESSIBLE OUTSIDE CLASS"
"BARRY, CARAGH",2.4,4.3,16,18%,https://www.ratemyprofessors.com/professor/2282678,Spanish,"TOUGH GRADER, PARTICIPATION MATTERS, LOTS OF HOMEWORK, CARING, SKIP CLASS? YOU WON'T PASS., TOUGH GRADER, TOUGH GRADER, PARTICIPATION MATTERS, LOTS OF HOMEWORK, TOUGH GRADER, PARTICIPATION MATTERS, TOUGH GRADER, PARTICIPATION MATTERS, LOTS OF HOMEWORK, TOUGH GRADER, PARTICIPATION MATTERS, LOTS OF HOMEWORK"
"UMANA, JEANNE",2.6,1.7,7,,https://www.ratemyprofessors.com/professor/37034,Law,"TOUGH GRADER, LOTS OF HOMEWORK, LECTURE HEAVY, TOUGH GRADER, TOUGH GRADER"
"KLEIN, STANLEY",4.3,2.6,210,83%,https://www.ratemyprofessors.com/professor/277079,Psychology,"AMAZING LECTURES, GRADED BY FEW THINGS, HILARIOUS, INSPIRATIONAL, RESPECTED, LECTURE HEAVY, GRADED BY FEW THINGS, AMAZING LECTURES, CLEAR GRADING CRITERIA, LECTURE HEAVY, GRADED BY FEW THINGS, AMAZING LECTURES, INSPIRATIONAL, ACCESSIBLE OUTSIDE CLASS, CARING, LECTURE HEAVY, ACCESSIBLE OUTSIDE CLASS"
"MA, DZWOKAI",3.2,4.5,51,48%,https://www.ratemyprofessors.com/professor/568490,Biology,"TOUGH GRADER, TEST HEAVY, GRADED BY FEW THINGS, LECTURE HEAVY, SKIP CLASS? YOU WON'T PASS., GET READY TO READ, AMAZING LECTURES, TEST HEAVY, TOUGH GRADER, TEST HEAVY, GRADED BY FEW THINGS, TOUGH GRADER, EXTRA CREDIT, GRADED BY FEW THINGS, TOUGH GRADER, LECTURE HEAVY, TEST HEAVY"
"TSOUNA, VOULA",3.9,3.0,50,82%,https://www.ratemyprofessors.com/professor/89483,Philosophy,"GET READY TO READ, GRADED BY FEW THINGS, AMAZING LECTURES, LECTURE HEAVY, INSPIRATIONAL, GET READY TO READ, AMAZING LECTURES, GRADED BY FEW THINGS, TOUGH GRADER, GET READY TO READ, LECTURE HEAVY, GET READY TO READ, PARTICIPATION MATTERS, GRADED BY FEW THINGS, AMAZING LECTURES, LECTURE HEAVY, GET READY TO READ"
"DELOMBARD, JEANNINE",2.5,4.1,41,20%,https://www.ratemyprofessors.com/professor/2091910,English,"TOUGH GRADER, GET READY TO READ, GRADED BY FEW THINGS, LECTURE HEAVY, PARTICIPATION MATTERS, CLEAR GRADING CRITERIA, GIVES GOOD FEEDBACK, TOUGH GRADER, GET READY TO READ, CARING, GET READY TO READ, PARTICIPATION MATTERS, LECTURE HEAVY, TOUGH GRADER, GET READY TO READ, GRADED BY FEW THINGS, TOUGH GRADER, GET READY TO READ, LOTS OF HOMEWORK"
"GONZALES, AMY",2.8,3.4,37,35%,https://www.ratemyprofessors.com/professor/2518008,Communication,"TOUGH GRADER, GET READY TO READ, LECTURE HEAVY, TEST HEAVY, GRADED BY FEW THINGS, GET READY TO READ, GROUP PROJECTS, GRADED BY FEW THINGS, TOUGH GRADER, LECTURE HEAVY, TEST HEAVY, GROUP PROJECTS, CLEAR GRADING CRITERIA, TOUGH GRADER, EXTRA CREDIT, GROUP PROJECTS, CLEAR GRADING CRITERIA, GIVES GOOD FEEDBACK, CARING"
"WHITEHEAD, KEVIN",4.4,3.0,34,81%,https://www.ratemyprofessors.com/professor/1158051,Sociology,"CARING, PARTICIPATION MATTERS, SKIP CLASS? YOU WON'T PASS., AMAZING LECTURES, CLEAR GRADING CRITERIA, AMAZING LECTURES, GIVES GOOD FEEDBACK, CARING, AMAZING LECTURES, HILARIOUS, GRADED BY FEW THINGS, GIVES GOOD FEEDBACK, CARING, RESPECTED, PARTICIPATION MATTERS, AMAZING LECTURES, CLEAR GRADING CRITERIA, LECTURE HEAVY, ACCESSIBLE OUTSIDE CLASS"
"DODGE, SOMAYEH",3.5,3.3,13,53%,https://www.ratemyprofessors.com/professor/2657627,Geography,"PARTICIPATION MATTERS, GROUP PROJECTS, CLEAR GRADING CRITERIA, CARING, AMAZING LECTURES, PARTICIPATION MATTERS, GROUP PROJECTS, INSPIRATIONAL, CLEAR GRADING CRITERIA, CARING, ACCESSIBLE OUTSIDE CLASS, TOUGH GRADER"
"RUPERT, PETER",2.8,3.7,102,30%,https://www.ratemyprofessors.com/professor/1098627,Economics,"TOUGH GRADER, TEST HEAVY, SKIP CLASS? YOU WON'T PASS., GET READY TO READ, LECTURE HEAVY, GET READY TO READ, TEST HEAVY, GRADED BY FEW THINGS"
"AMBRUSTER-SANDOVAL, RALPH",4.2,2.4,42,100%,https://www.ratemyprofessors.com/professor/172227,Ethnic Studies,"INSPIRATIONAL, AMAZING LECTURES, CARING, ACCESSIBLE OUTSIDE CLASS, GET READY TO READ, GET READY TO READ, INSPIRATIONAL, ACCESSIBLE OUTSIDE CLASS, AMAZING LECTURES, GIVES GOOD FEEDBACK, INSPIRATIONAL, AMAZING LECTURES, INSPIRATIONAL, CARING, ACCESSIBLE OUTSIDE CLASS, INSPIRATIONAL, CLEAR GRADING CRITERIA, INSPIRATIONAL, CARING"
"SALDIVAR, TANAKA",4.1,2.3,7,66%,https://www.ratemyprofessors.com/professor/1553008,Anthropology,"GROUP PROJECTS, GET READY TO READ, PARTICIPATION MATTERS, AMAZING LECTURES, CLEAR GRADING CRITERIA, PARTICIPATION MATTERS, GROUP PROJECTS, CARING, AMAZING LECTURES, CLEAR GRADING CRITERIA, RESPECTED, GET READY TO READ, GROUP PROJECTS"
"MARTIN, DANIEL",5.0,3.3,3,100%,https://www.ratemyprofessors.com/professor/3108841,Economics,"AMAZING LECTURES, CARING, HILARIOUS, AMAZING LECTURES, CARING, AMAZING LECTURES, HILARIOUS, CARING, AMAZING LECTURES, HILARIOUS, CARING"
"BARND, NATCHEE",5.0,1.0,1,100%,https://www.ratemyprofessors.com/professor/3144070,History,None
"LOW, SENG",2.4,4.3,240,21%,https://www.ratemyprofessors.com/professor/1256774,Biology,"TEST HEAVY, TOUGH GRADER, LECTURE HEAVY, GRADED BY FEW THINGS, HILARIOUS, TOUGH GRADER, TEST HEAVY, GRADED BY FEW THINGS, LECTURE HEAVY, GRADED BY FEW THINGS, TOUGH GRADER, HILARIOUS, TEST HEAVY, TOUGH GRADER, TEST HEAVY, GROUP PROJECTS, HILARIOUS, TEST HEAVY"
"BERMUDEZ, SILVIA",3.1,3.3,53,20%,https://www.ratemyprofessors.com/professor/549479,Languages,"GET READY TO READ, PARTICIPATION MATTERS, TOUGH GRADER, LECTURE HEAVY, GRADED BY FEW THINGS, PARTICIPATION MATTERS, PARTICIPATION MATTERS, CLEAR GRADING CRITERIA, GRADED BY FEW THINGS, PARTICIPATION MATTERS, GRADED BY FEW THINGS, GIVES GOOD FEEDBACK, LECTURE HEAVY, GRADED BY FEW THINGS, TOUGH GRADER, GET READY TO READ, GRADED BY FEW THINGS"
"ALVES, JAIME",2.8,3.2,22,45%,https://www.ratemyprofessors.com/professor/2558342,Black Studies,"GET READY TO READ, PARTICIPATION MATTERS, TOUGH GRADER, GRADED BY FEW THINGS, AMAZING LECTURES, GET READY TO READ, PARTICIPATION MATTERS, LECTURE HEAVY, GET READY TO READ, PARTICIPATION MATTERS, GET READY TO READ, EXTRA CREDIT, AMAZING LECTURES, TOUGH GRADER, PARTICIPATION MATTERS, SO MANY PAPERS"
"CAMSARI, KEREM",4.8,2.8,9,100%,https://www.ratemyprofessors.com/professor/2960689,Engineering,"AMAZING LECTURES, CARING, INSPIRATIONAL, LECTURE HEAVY, TEST HEAVY, AMAZING LECTURES, AMAZING LECTURES, GRADED BY FEW THINGS, AMAZING LECTURES, TEST HEAVY, GRADED BY FEW THINGS, AMAZING LECTURES, CARING, ACCESSIBLE OUTSIDE CLASS, AMAZING LECTURES, INSPIRATIONAL, CARING"
"PALANIAPPAN, V.",2.9,3.5,21,52%,https://www.ratemyprofessors.com/professor/3041445,Statistics,"TEST HEAVY, CARING, GET READY TO READ, TOUGH GRADER, CLEAR GRADING CRITERIA, GET READY TO READ, CARING, TEST HEAVY"
"BUI, AN",1.0,5.0,1,,https://www.ratemyprofessors.com/professor/3079583,Biology,"TOUGH GRADER, TOUGH GRADER"
"GERMAN, TAMSIN",4.5,2.0,209,92%,https://www.ratemyprofessors.com/professor/289948,Psychology,"AMAZING LECTURES, CLEAR GRADING CRITERIA, CARING, ACCESSIBLE OUTSIDE CLASS, GET READY TO READ, CLEAR GRADING CRITERIA, HILARIOUS, GRADED BY FEW THINGS, ACCESSIBLE OUTSIDE CLASS, AMAZING LECTURES, CLEAR GRADING CRITERIA, ONLINE SAVVY, CLEAR GRADING CRITERIA, CARING, RESPECTED, CLEAR GRADING CRITERIA, HILARIOUS, CARING"
"MILLER, JACK",4.7,2.0,49,97%,https://www.ratemyprofessors.com/professor/2889823,Statistics,"CARING, AMAZING LECTURES, CLEAR GRADING CRITERIA, EXTRA CREDIT, GIVES GOOD FEEDBACK, AMAZING LECTURES, CLEAR GRADING CRITERIA, INSPIRATIONAL, EXTRA CREDIT, CLEAR GRADING CRITERIA, GIVES GOOD FEEDBACK, CARING, RESPECTED, CARING"
"ALDANA, GERARDO",3.1,3.6,48,100%,https://www.ratemyprofessors.com/professor/421368,Ethnic Studies,"EXTRA CREDIT, GROUP PROJECTS, AMAZING LECTURES, INSPIRATIONAL, HILARIOUS, RESPECTED, GRADED BY FEW THINGS, HILARIOUS, RESPECTED, HILARIOUS, GROUP PROJECTS"
"HOLMES, SARAH ",2.8,2.0,47,55%,https://www.ratemyprofessors.com/professor/3044607,Fine Arts,"PARTICIPATION MATTERS, BEWARE OF POP QUIZZES, LECTURE HEAVY, TOUGH GRADER, EXTRA CREDIT, PARTICIPATION MATTERS, TOUGH GRADER, TEST HEAVY, GRADED BY FEW THINGS, TOUGH GRADER, PARTICIPATION MATTERS, BEWARE OF POP QUIZZES, TOUGH GRADER, BEWARE OF POP QUIZZES, LECTURE HEAVY"
"PAZOS, STEPHANIE",1.0,4.3,24,,https://www.ratemyprofessors.com/professor/3080855,Chemistry,"TOUGH GRADER, LOTS OF HOMEWORK, TEST HEAVY, SO MANY PAPERS, PARTICIPATION MATTERS, TOUGH GRADER, LOTS OF HOMEWORK, TOUGH GRADER, TOUGH GRADER, PARTICIPATION MATTERS, TOUGH GRADER, TOUGH GRADER"
"STREICHAN, SEBASTIAN",4.5,2.8,13,100%,https://www.ratemyprofessors.com/professor/2354923,Physics,"AMAZING LECTURES, ACCESSIBLE OUTSIDE CLASS, CLEAR GRADING CRITERIA, LECTURE HEAVY, GIVES GOOD FEEDBACK, AMAZING LECTURES, RESPECTED, ACCESSIBLE OUTSIDE CLASS, AMAZING LECTURES, ACCESSIBLE OUTSIDE CLASS, AMAZING LECTURES, LECTURE HEAVY, GRADED BY FEW THINGS, EXTRA CREDIT, CLEAR GRADING CRITERIA, GRADED BY FEW THINGS"
"NATIDO, AMOS",4.1,2.0,8,100%,https://www.ratemyprofessors.com/professor/3149691,Mathematics,"EXTRA CREDIT, CLEAR GRADING CRITERIA, CARING, GIVES GOOD FEEDBACK, RESPECTED, GIVES GOOD FEEDBACK, RESPECTED, CLEAR GRADING CRITERIA, CARING, LECTURE HEAVY, EXTRA CREDIT, EXTRA CREDIT, CARING, GRADED BY FEW THINGS"
"DAI, XIANZHE",2.6,3.5,173,22%,https://www.ratemyprofessors.com/professor/346088,Mathematics,"TEST HEAVY, GRADED BY FEW THINGS, TOUGH GRADER, LOTS OF HOMEWORK, HILARIOUS, GRADED BY FEW THINGS, LECTURE HEAVY, TEST HEAVY, GRADED BY FEW THINGS, AMAZING LECTURES, INSPIRATIONAL, CARING, CLEAR GRADING CRITERIA, LECTURE HEAVY, GRADED BY FEW THINGS, HILARIOUS, CARING, TEST HEAVY"
"PANDEY, PUJA",4.0,3.0,33,72%,https://www.ratemyprofessors.com/professor/2988389,Statistics,"BEWARE OF POP QUIZZES, AMAZING LECTURES, CARING, TEST HEAVY, GROUP PROJECTS, AMAZING LECTURES, CARING, LECTURE HEAVY, TOUGH GRADER, BEWARE OF POP QUIZZES, LECTURE HEAVY, GROUP PROJECTS, BEWARE OF POP QUIZZES, CARING, AMAZING LECTURES, BEWARE OF POP QUIZZES, LECTURE HEAVY"
"GILMORE, TIMOTHY",3.0,2.6,27,44%,https://www.ratemyprofessors.com/professor/2020145,English,"GET READY TO READ, GRADED BY FEW THINGS, AMAZING LECTURES, PARTICIPATION MATTERS, CLEAR GRADING CRITERIA, GET READY TO READ, BEWARE OF POP QUIZZES, BEWARE OF POP QUIZZES, GRADED BY FEW THINGS, ONLINE SAVVY, GRADED BY FEW THINGS, GET READY TO READ, AMAZING LECTURES, GET READY TO READ, PARTICIPATION MATTERS"
"ARENAS-VELAZQUEZ, ERIKA",2.2,3.2,16,25%,https://www.ratemyprofessors.com/professor/2235158,Sociology,"EXTRA CREDIT, LOTS OF HOMEWORK, TOUGH GRADER, GET READY TO READ, GRADED BY FEW THINGS, EXTRA CREDIT, AMAZING LECTURES, CARING, GET READY TO READ, EXTRA CREDIT, GRADED BY FEW THINGS, EXTRA CREDIT, GRADED BY FEW THINGS"
"MARTIN, JEN",3.4,2.9,89,60%,https://www.ratemyprofessors.com/professor/1981967,History,"GET READY TO READ, PARTICIPATION MATTERS, LECTURE HEAVY, CARING, SKIP CLASS? YOU WON'T PASS., GET READY TO READ, PARTICIPATION MATTERS, LECTURE HEAVY, PARTICIPATION MATTERS, LECTURE HEAVY, TOUGH GRADER, PARTICIPATION MATTERS, CARING, GET READY TO READ, SO MANY PAPERS, LECTURE HEAVY, GET READY TO READ, LECTURE HEAVY, GRADED BY FEW THINGS"
"ORLANDO, MARK",4.4,2.5,53,83%,https://www.ratemyprofessors.com/professor/1969949,Exercise  Sport Studies,"GROUP PROJECTS, CARING, ACCESSIBLE OUTSIDE CLASS, RESPECTED, INSPIRATIONAL, EXTRA CREDIT, GROUP PROJECTS, CLEAR GRADING CRITERIA, EXTRA CREDIT, GROUP PROJECTS, TEST HEAVY, INSPIRATIONAL, HILARIOUS, CARING, PARTICIPATION MATTERS, LECTURE HEAVY, GRADED BY FEW THINGS, AMAZING LECTURES, INSPIRATIONAL, CARING"
"PELLOW, DAVID",4.9,2.3,40,100%,https://www.ratemyprofessors.com/professor/2151033,Environmental Science  Mgmt.,"INSPIRATIONAL, RESPECTED, AMAZING LECTURES, CARING, GET READY TO READ, GET READY TO READ, AMAZING LECTURES, INSPIRATIONAL, HILARIOUS, CARING, RESPECTED, AMAZING LECTURES, CLEAR GRADING CRITERIA, INSPIRATIONAL, EXTRA CREDIT, AMAZING LECTURES, BEWARE OF POP QUIZZES"
"SEGURA, DENISE",2.0,3.6,28,8%,https://www.ratemyprofessors.com/professor/239947,Sociology,"TOUGH GRADER, GET READY TO READ, GRADED BY FEW THINGS, PARTICIPATION MATTERS, LOTS OF HOMEWORK, GET READY TO READ, GRADED BY FEW THINGS"
"CHADA, JOE",4.5,2.9,26,92%,https://www.ratemyprofessors.com/professor/2517201,Chemical Engineering,"GROUP PROJECTS, ACCESSIBLE OUTSIDE CLASS, CARING, AMAZING LECTURES, GIVES GOOD FEEDBACK, GROUP PROJECTS, AMAZING LECTURES, INSPIRATIONAL, INSPIRATIONAL, LOTS OF HOMEWORK, CARING, AMAZING LECTURES, LOTS OF HOMEWORK, CARING, GIVES GOOD FEEDBACK, LECTURE HEAVY, ACCESSIBLE OUTSIDE CLASS, GROUP PROJECTS, GRADED BY FEW THINGS, ACCESSIBLE OUTSIDE CLASS"
"TAYLOR, CATHERINE",3.3,3.2,24,54%,https://www.ratemyprofessors.com/professor/2468644,Sociology,"TOUGH GRADER, LOTS OF HOMEWORK, CARING, GET READY TO READ, PARTICIPATION MATTERS, PARTICIPATION MATTERS, AMAZING LECTURES, CARING, EXTRA CREDIT, TOUGH GRADER, PARTICIPATION MATTERS, LOTS OF HOMEWORK, TOUGH GRADER, GIVES GOOD FEEDBACK, LOTS OF HOMEWORK"
"GRASSET, ELOI",4.6,2.7,17,93%,https://www.ratemyprofessors.com/professor/2146665,Spanish & Portuguese,"PARTICIPATION MATTERS, AMAZING LECTURES, CLEAR GRADING CRITERIA, HILARIOUS, RESPECTED, PARTICIPATION MATTERS, CLEAR GRADING CRITERIA, LECTURE HEAVY, TOUGH GRADER, GET READY TO READ, PARTICIPATION MATTERS, PARTICIPATION MATTERS, GIVES GOOD FEEDBACK, GRADED BY FEW THINGS, PARTICIPATION MATTERS, GRADED BY FEW THINGS, PARTICIPATION MATTERS, GIVES GOOD FEEDBACK, CARING"
"MALVINNI, DAVID",2.7,2.2,15,33%,https://www.ratemyprofessors.com/professor/2992085,Music,"LECTURE HEAVY, GRADED BY FEW THINGS, TOUGH GRADER, PARTICIPATION MATTERS, GROUP PROJECTS, LECTURE HEAVY, GRADED BY FEW THINGS, LECTURE HEAVY, GRADED BY FEW THINGS, TOUGH GRADER, LOTS OF HOMEWORK"
"NIELSEN, ERIK",3.9,2.6,42,72%,https://www.ratemyprofessors.com/professor/1254486,Environmental Science,"CLEAR GRADING CRITERIA, HILARIOUS, LECTURE HEAVY, GRADED BY FEW THINGS, GET READY TO READ, AMAZING LECTURES, CLEAR GRADING CRITERIA, GRADED BY FEW THINGS, CARING, ACCESSIBLE OUTSIDE CLASS, GRADED BY FEW THINGS, GET READY TO READ, CLEAR GRADING CRITERIA, CARING, LECTURE HEAVY, GRADED BY FEW THINGS"
"CARLSON, JEAN",2.8,3.9,29,52%,https://www.ratemyprofessors.com/professor/1477994,Physics,"LOTS OF HOMEWORK, LECTURE HEAVY, TOUGH GRADER, PARTICIPATION MATTERS, SKIP CLASS? YOU WON'T PASS., LOTS OF HOMEWORK, LECTURE HEAVY, LECTURE HEAVY, GET READY TO READ, LOTS OF HOMEWORK, LECTURE HEAVY, TOUGH GRADER, CLEAR GRADING CRITERIA, LOTS OF HOMEWORK, LOTS OF HOMEWORK, CARING, LECTURE HEAVY"
"MILDENBERGER, MATTO",4.0,3.3,26,73%,https://www.ratemyprofessors.com/professor/2206290,Political Science,"GROUP PROJECTS, LECTURE HEAVY, GET READY TO READ, SKIP CLASS? YOU WON'T PASS., AMAZING LECTURES, PARTICIPATION MATTERS, PARTICIPATION MATTERS, GROUP PROJECTS, AMAZING LECTURES, CARING, RESPECTED, GRADED BY FEW THINGS, GROUP PROJECTS, LECTURE HEAVY, LECTURE HEAVY"
"MOREJON, CAROL",5.0,3.0,1,100%,https://www.ratemyprofessors.com/professor/3153468,Spanish,"PARTICIPATION MATTERS, LOTS OF HOMEWORK, CARING, PARTICIPATION MATTERS, LOTS OF HOMEWORK, CARING"
"EL-HASAN, HASAN",4.9,2.3,17,100%,https://www.ratemyprofessors.com/professor/3121401,Mathematics,"CARING, AMAZING LECTURES, CLEAR GRADING CRITERIA, RESPECTED, HILARIOUS, CLEAR GRADING CRITERIA, HILARIOUS, CARING, AMAZING LECTURES, INSPIRATIONAL, CARING, AMAZING LECTURES, CLEAR GRADING CRITERIA, ACCESSIBLE OUTSIDE CLASS, CLEAR GRADING CRITERIA, CARING, CARING, RESPECTED"
"CARR, DAVID",4.4,2.7,14,100%,https://www.ratemyprofessors.com/professor/748114,Geography,"INSPIRATIONAL, CARING, RESPECTED, EXTRA CREDIT, AMAZING LECTURES, INSPIRATIONAL, CARING, RESPECTED, INSPIRATIONAL, CARING, ONLINE SAVVY, RESPECTED, LECTURE HEAVY, INSPIRATIONAL, AMAZING LECTURES, EXTRA CREDIT"
"SANTORO, ALYSON",5.0,2.2,6,100%,https://www.ratemyprofessors.com/professor/2355075,Biology,"CLEAR GRADING CRITERIA, GIVES GOOD FEEDBACK, RESPECTED, PARTICIPATION MATTERS, SKIP CLASS? YOU WON'T PASS., PARTICIPATION MATTERS, CLEAR GRADING CRITERIA, LECTURE HEAVY, GIVES GOOD FEEDBACK, CARING, RESPECTED, RESPECTED, SKIP CLASS? YOU WON'T PASS., ACCESSIBLE OUTSIDE CLASS"
"BAKSHI, RHEA",4.2,2.9,28,82%,https://www.ratemyprofessors.com/professor/3042736,Mathematics,"CARING, AMAZING LECTURES, CLEAR GRADING CRITERIA, EXTRA CREDIT, TEST HEAVY, CLEAR GRADING CRITERIA, CARING, CLEAR GRADING CRITERIA, GIVES GOOD FEEDBACK, RESPECTED, AMAZING LECTURES, CLEAR GRADING CRITERIA, EXTRA CREDIT, CLEAR GRADING CRITERIA, CARING, EXTRA CREDIT, AMAZING LECTURES, CLEAR GRADING CRITERIA"
"WILSON, JUSTIN",3.7,3.5,10,60%,https://www.ratemyprofessors.com/professor/3150990,Chemistry,"LECTURE HEAVY, TEST HEAVY, ACCESSIBLE OUTSIDE CLASS, AMAZING LECTURES, CLEAR GRADING CRITERIA, CARING, TEST HEAVY, AMAZING LECTURES, GIVES GOOD FEEDBACK, ACCESSIBLE OUTSIDE CLASS, LECTURE HEAVY, TEST HEAVY, GRADED BY FEW THINGS, CLEAR GRADING CRITERIA, TEST HEAVY, ACCESSIBLE OUTSIDE CLASS"
"DIGESER, ELIZABETH",2.8,3.7,111,48%,https://www.ratemyprofessors.com/professor/464938,History,"GET READY TO READ, LECTURE HEAVY, TOUGH GRADER, SKIP CLASS? YOU WON'T PASS., GRADED BY FEW THINGS, GET READY TO READ, LECTURE HEAVY, GET READY TO READ, PARTICIPATION MATTERS"
"BERNT, CHRISTOPHER",2.9,3.7,89,50%,https://www.ratemyprofessors.com/professor/2184986,Chemistry,"TEST HEAVY, LOTS OF HOMEWORK, TOUGH GRADER, PARTICIPATION MATTERS, GRADED BY FEW THINGS, LOTS OF HOMEWORK, TEST HEAVY, GRADED BY FEW THINGS, TOUGH GRADER, LECTURE HEAVY, TOUGH GRADER, LOTS OF HOMEWORK, LOTS OF HOMEWORK, CARING, ONLINE SAVVY"
"WARE, RUDOLPH",3.3,2.9,28,57%,https://www.ratemyprofessors.com/professor/2499604,History,"AMAZING LECTURES, LECTURE HEAVY, GRADED BY FEW THINGS, GET READY TO READ, INSPIRATIONAL, GET READY TO READ, AMAZING LECTURES, LECTURE HEAVY, AMAZING LECTURES, LECTURE HEAVY, TEST HEAVY, GRADED BY FEW THINGS, AMAZING LECTURES, LECTURE HEAVY, GRADED BY FEW THINGS, CLEAR GRADING CRITERIA, LECTURE HEAVY"
"SANTIAGO, MARVIN",1.3,4.7,9,,https://www.ratemyprofessors.com/professor/3143978,Chemistry,"TEST HEAVY, GRADED BY FEW THINGS, TOUGH GRADER, TEST HEAVY, GRADED BY FEW THINGS, TOUGH GRADER, TEST HEAVY, TOUGH GRADER, TEST HEAVY, GRADED BY FEW THINGS"
"RIOS, VICTOR",4.1,2.0,98,66%,https://www.ratemyprofessors.com/professor/1253214,Sociology,"RESPECTED, INSPIRATIONAL, GET READY TO READ, EXTRA CREDIT, AMAZING LECTURES, PARTICIPATION MATTERS, AMAZING LECTURES, ACCESSIBLE OUTSIDE CLASS, GET READY TO READ, CLEAR GRADING CRITERIA, PARTICIPATION MATTERS, CLEAR GRADING CRITERIA, CARING, TOUGH GRADER, GRADED BY FEW THINGS, AMAZING LECTURES, CARING, RESPECTED"
"WATTS, ANDREW",4.0,1.8,4,75%,https://www.ratemyprofessors.com/professor/2665675,Music,"AMAZING LECTURES, CLEAR GRADING CRITERIA, GIVES GOOD FEEDBACK, CARING, HILARIOUS, HILARIOUS, AMAZING LECTURES, CLEAR GRADING CRITERIA, GIVES GOOD FEEDBACK, ACCESSIBLE OUTSIDE CLASS, AMAZING LECTURES, CARING, GIVES GOOD FEEDBACK, CLEAR GRADING CRITERIA, CARING"
"RIOUX, MATT",4.4,3.0,35,80%,https://www.ratemyprofessors.com/professor/2265040,Geology,"CARING, RESPECTED, LECTURE HEAVY, AMAZING LECTURES, CLEAR GRADING CRITERIA, PARTICIPATION MATTERS, GIVES GOOD FEEDBACK, ACCESSIBLE OUTSIDE CLASS, TOUGH GRADER, CLEAR GRADING CRITERIA, INSPIRATIONAL, CARING, PARTICIPATION MATTERS, CLEAR GRADING CRITERIA"
"ANDREA, BERNADETTE",4.1,2.9,24,70%,https://www.ratemyprofessors.com/professor/2386798,English,"GET READY TO READ, PARTICIPATION MATTERS, AMAZING LECTURES, INSPIRATIONAL, CARING, GET READY TO READ, INSPIRATIONAL, RESPECTED, GET READY TO READ, CLEAR GRADING CRITERIA, LECTURE HEAVY, SO MANY PAPERS, GET READY TO READ, LOTS OF HOMEWORK, SO MANY PAPERS, PARTICIPATION MATTERS, AMAZING LECTURES, CARING"
"LOKSHTANOV, DANIEL",3.7,4.1,20,60%,https://www.ratemyprofessors.com/professor/2469933,Computer Science,"LECTURE HEAVY, GRADED BY FEW THINGS, AMAZING LECTURES, LOTS OF HOMEWORK, TOUGH GRADER, GRADED BY FEW THINGS, AMAZING LECTURES, CARING, GRADED BY FEW THINGS, LECTURE HEAVY, GRADED BY FEW THINGS, TOUGH GRADER, LECTURE HEAVY, GRADED BY FEW THINGS"
"AFARY, JANET",3.8,2.6,14,80%,https://www.ratemyprofessors.com/professor/1422158,Religion,"GET READY TO READ, LECTURE HEAVY, GRADED BY FEW THINGS, CLEAR GRADING CRITERIA, PARTICIPATION MATTERS, CLEAR GRADING CRITERIA, RESPECTED, ACCESSIBLE OUTSIDE CLASS, TEST HEAVY, GRADED BY FEW THINGS"
"BOYLAND, PETER",1.9,4.4,20,15%,https://www.ratemyprofessors.com/professor/3003411,Computer Science,"LOTS OF HOMEWORK, TOUGH GRADER, GRADED BY FEW THINGS, GET READY TO READ, PARTICIPATION MATTERS, CLEAR GRADING CRITERIA, INSPIRATIONAL, GRADED BY FEW THINGS, GET READY TO READ, AMAZING LECTURES, ACCESSIBLE OUTSIDE CLASS"
"MCDONALD, KATE",4.5,2.3,20,90%,https://www.ratemyprofessors.com/professor/2182410,History,"GET READY TO READ, CLEAR GRADING CRITERIA, GIVES GOOD FEEDBACK, CARING, LECTURE HEAVY, GET READY TO READ, CLEAR GRADING CRITERIA, CARING, GET READY TO READ, CLEAR GRADING CRITERIA, CARING, GET READY TO READ, CLEAR GRADING CRITERIA, LOTS OF HOMEWORK, GET READY TO READ, GIVES GOOD FEEDBACK, GET READY TO READ, CLEAR GRADING CRITERIA, CARING"
"VIGNA, GIOVANNI",3.8,4.1,7,50%,https://www.ratemyprofessors.com/professor/1264467,Computer Science,"GROUP PROJECTS, LOTS OF HOMEWORK, SO MANY PAPERS, GROUP PROJECTS, SO MANY PAPERS, LOTS OF HOMEWORK"
"BIBILASHVILI, TENGIZ",4.6,3.2,85,96%,https://www.ratemyprofessors.com/professor/1831205,Physics,"CARING, HILARIOUS, AMAZING LECTURES, RESPECTED, INSPIRATIONAL, AMAZING LECTURES, CARING, CARING, LECTURE HEAVY, TEST HEAVY, INSPIRATIONAL, CARING, AMAZING LECTURES, CARING, ACCESSIBLE OUTSIDE CLASS"
"NARANG, NEIL",4.8,3.1,60,98%,https://www.ratemyprofessors.com/professor/1983498,Political Science,"RESPECTED, AMAZING LECTURES, GET READY TO READ, CARING, HILARIOUS, AMAZING LECTURES, HILARIOUS, RESPECTED, GET READY TO READ, AMAZING LECTURES, HILARIOUS, AMAZING LECTURES, INSPIRATIONAL, CARING, RESPECTED, GIVES GOOD FEEDBACK"
"NATHAN, JON",2.4,3.2,32,34%,https://www.ratemyprofessors.com/professor/653777,Music,"TOUGH GRADER, PARTICIPATION MATTERS, CLEAR GRADING CRITERIA, GET READY TO READ, GIVES GOOD FEEDBACK, TOUGH GRADER, GET READY TO READ, PARTICIPATION MATTERS, LOTS OF HOMEWORK"
"PHILLIPS, MARION",5.0,2.8,4,100%,https://www.ratemyprofessors.com/professor/2807649,French,"CARING, GROUP PROJECTS, ONLINE SAVVY, PARTICIPATION MATTERS, AMAZING LECTURES, LOTS OF HOMEWORK, CARING, ONLINE SAVVY, GROUP PROJECTS, CARING, ONLINE SAVVY, GROUP PROJECTS, AMAZING LECTURES, CARING, PARTICIPATION MATTERS, CARING, RESPECTED"
"NERELLA, TEJASWI",3.7,4.0,3,66%,https://www.ratemyprofessors.com/professor/3015715,Physics,"GET READY TO READ, PARTICIPATION MATTERS, GIVES GOOD FEEDBACK, INSPIRATIONAL, CARING, GET READY TO READ, PARTICIPATION MATTERS, GIVES GOOD FEEDBACK, INSPIRATIONAL, CARING, ACCESSIBLE OUTSIDE CLASS"
"FLANAGIN, ANDREW",3.6,4.0,148,56%,https://www.ratemyprofessors.com/professor/23375,Communication,"GET READY TO READ, SKIP CLASS? YOU WON'T PASS., AMAZING LECTURES, RESPECTED, TEST HEAVY, AMAZING LECTURES, HILARIOUS, ACCESSIBLE OUTSIDE CLASS, AMAZING LECTURES, INSPIRATIONAL, RESPECTED, CLEAR GRADING CRITERIA, INSPIRATIONAL, RESPECTED, LECTURE HEAVY, TEST HEAVY, GRADED BY FEW THINGS, AMAZING LECTURES, INSPIRATIONAL, RESPECTED"
"SANDER, HENRY",3.6,4.0,101,100%,https://www.ratemyprofessors.com/professor/123024,Economics,"TOUGH GRADER, AMAZING LECTURES, GIVES GOOD FEEDBACK, INSPIRATIONAL, RESPECTED, AMAZING LECTURES, GIVES GOOD FEEDBACK, INSPIRATIONAL, TOUGH GRADER, RESPECTED, LECTURE HEAVY"
"AFIFI, TAMMY",4.3,2.8,38,70%,https://www.ratemyprofessors.com/professor/954206,Communication,"AMAZING LECTURES, CARING, TOUGH GRADER, CLEAR GRADING CRITERIA, PARTICIPATION MATTERS, TOUGH GRADER, AMAZING LECTURES, CARING, AMAZING LECTURES, RESPECTED, GRADED BY FEW THINGS, PARTICIPATION MATTERS, CARING, ACCESSIBLE OUTSIDE CLASS"
"MYERS, KAREN",4.2,2.4,34,70%,https://www.ratemyprofessors.com/professor/995360,Communication,"BEWARE OF POP QUIZZES, AMAZING LECTURES, CLEAR GRADING CRITERIA, CARING, TOUGH GRADER, AMAZING LECTURES, CLEAR GRADING CRITERIA, INSPIRATIONAL, BEWARE OF POP QUIZZES, CLEAR GRADING CRITERIA, BEWARE OF POP QUIZZES, CARING, AMAZING LECTURES, CLEAR GRADING CRITERIA, BEWARE OF POP QUIZZES"
"FEIZ, AAZAM",5.0,1.7,17,100%,https://www.ratemyprofessors.com/professor/2475022,Religious Studies,"CARING, AMAZING LECTURES, INSPIRATIONAL, RESPECTED, PARTICIPATION MATTERS, INSPIRATIONAL, CARING, ACCESSIBLE OUTSIDE CLASS, CLEAR GRADING CRITERIA, CARING, RESPECTED, INSPIRATIONAL, CARING, RESPECTED, AMAZING LECTURES, CLEAR GRADING CRITERIA, GIVES GOOD FEEDBACK, AMAZING LECTURES, GIVES GOOD FEEDBACK, CARING"
"COTICH, CRAIG",4.2,2.9,49,66%,https://www.ratemyprofessors.com/professor/409817,Writing,"TOUGH GRADER, GIVES GOOD FEEDBACK, PARTICIPATION MATTERS, RESPECTED, CARING, AMAZING LECTURES, CARING, RESPECTED, PARTICIPATION MATTERS, CARING, ACCESSIBLE OUTSIDE CLASS, TOUGH GRADER, LOTS OF HOMEWORK"
"WYSS, ANDY",2.8,3.8,27,29%,https://www.ratemyprofessors.com/professor/2381552,Geology,"TEST HEAVY, TOUGH GRADER, GRADED BY FEW THINGS, LECTURE HEAVY, CARING, LECTURE HEAVY, TEST HEAVY, GRADED BY FEW THINGS, TOUGH GRADER, GRADED BY FEW THINGS, TOUGH GRADER, LECTURE HEAVY, TEST HEAVY, TOUGH GRADER, CARING, LECTURE HEAVY"
"PROPEN, AMY",4.8,1.7,12,100%,https://www.ratemyprofessors.com/professor/2151979,Writing,"CARING, GIVES GOOD FEEDBACK, CLEAR GRADING CRITERIA, ACCESSIBLE OUTSIDE CLASS, RESPECTED, PARTICIPATION MATTERS, CLEAR GRADING CRITERIA, CARING, CARING, GROUP PROJECTS, CLEAR GRADING CRITERIA, CARING, CLEAR GRADING CRITERIA, GIVES GOOD FEEDBACK, RESPECTED, CLEAR GRADING CRITERIA, CARING, ACCESSIBLE OUTSIDE CLASS"
"MACLEAN, ROSE",5.0,2.2,6,100%,https://www.ratemyprofessors.com/professor/1968571,Classics,"CLEAR GRADING CRITERIA, CARING, GIVES GOOD FEEDBACK, TOUGH GRADER, LOTS OF HOMEWORK, CLEAR GRADING CRITERIA, GIVES GOOD FEEDBACK, LOTS OF HOMEWORK, CLEAR GRADING CRITERIA, BEWARE OF POP QUIZZES, CLEAR GRADING CRITERIA, GIVES GOOD FEEDBACK, CARING, CLEAR GRADING CRITERIA, HILARIOUS, CARING, GRADED BY FEW THINGS, CLEAR GRADING CRITERIA, CARING"
"MAYER, CINDY",4.0,2.0,1,100%,https://www.ratemyprofessors.com/professor/2579425,Business,"PARTICIPATION MATTERS, TOUGH GRADER, GET READY TO READ, GROUP PROJECTS, CARING, PARTICIPATION MATTERS, GROUP PROJECTS, CARING"
"CORREA DE SA, ANDRE",4.3,2.2,12,83%,https://www.ratemyprofessors.com/professor/2430948,Spanish & Portuguese,"PARTICIPATION MATTERS, GET READY TO READ, GRADED BY FEW THINGS, GIVES GOOD FEEDBACK, LECTURE HEAVY, PARTICIPATION MATTERS, GRADED BY FEW THINGS, CLEAR GRADING CRITERIA, GET READY TO READ, PARTICIPATION MATTERS"
"DUTSCH, DOROTA",4.2,2.8,22,57%,https://www.ratemyprofessors.com/professor/865785,Classics,"CARING, SKIP CLASS? YOU WON'T PASS., AMAZING LECTURES, GIVES GOOD FEEDBACK, TOUGH GRADER, TOUGH GRADER, AMAZING LECTURES, CLEAR GRADING CRITERIA, GIVES GOOD FEEDBACK, GIVES GOOD FEEDBACK, LOTS OF HOMEWORK, CARING, SKIP CLASS? YOU WON'T PASS., AMAZING LECTURES, CARING"
"KAUFFMAN, MITCHELL",4.3,3.1,14,64%,https://www.ratemyprofessors.com/professor/2599987,Religious Studies,"PARTICIPATION MATTERS, GROUP PROJECTS, CARING, AMAZING LECTURES, LECTURE HEAVY, GROUP PROJECTS, AMAZING LECTURES, INSPIRATIONAL, HILARIOUS, CARING, LECTURE HEAVY, PARTICIPATION MATTERS, GROUP PROJECTS, AMAZING LECTURES, PARTICIPATION MATTERS, AMAZING LECTURES, CLEAR GRADING CRITERIA, PARTICIPATION MATTERS, HILARIOUS, ACCESSIBLE OUTSIDE CLASS"
"HOSSEINKHAN, ALIREZA ",1.5,3.8,8,,https://www.ratemyprofessors.com/professor/3081046,Mathematics,"EXTRA CREDIT, LOTS OF HOMEWORK, TOUGH GRADER, CLEAR GRADING CRITERIA, GRADED BY FEW THINGS, EXTRA CREDIT, EXTRA CREDIT, LOTS OF HOMEWORK, EXTRA CREDIT, LOTS OF HOMEWORK, EXTRA CREDIT, LOTS OF HOMEWORK"
"RAVAT, UMA",2.4,3.9,160,35%,https://www.ratemyprofessors.com/professor/2633478,Statistics,"TOUGH GRADER, TEST HEAVY, LOTS OF HOMEWORK, LECTURE HEAVY, GRADED BY FEW THINGS, EXTRA CREDIT, CLEAR GRADING CRITERIA, GIVES GOOD FEEDBACK, TOUGH GRADER, LOTS OF HOMEWORK, TOUGH GRADER, HILARIOUS"
"TAZHITDINOVA, ALISA",2.2,3.6,87,31%,https://www.ratemyprofessors.com/professor/2556139,Economics,"TEST HEAVY, GRADED BY FEW THINGS, TOUGH GRADER, CLEAR GRADING CRITERIA, LECTURE HEAVY, TEST HEAVY, GRADED BY FEW THINGS, TOUGH GRADER, GRADED BY FEW THINGS, TEST HEAVY, TOUGH GRADER"
"BUENO, MARIBEL",3.5,3.3,56,75%,https://www.ratemyprofessors.com/professor/1038380,Mathematics,"LOTS OF HOMEWORK, CARING, PARTICIPATION MATTERS, GIVES GOOD FEEDBACK, TOUGH GRADER, TOUGH GRADER, PARTICIPATION MATTERS, GROUP PROJECTS, PARTICIPATION MATTERS, GROUP PROJECTS, PARTICIPATION MATTERS, GROUP PROJECTS, TEST HEAVY, GET READY TO READ, GROUP PROJECTS, LOTS OF HOMEWORK"
"CASTEELS, KAREL",4.3,2.8,45,81%,https://www.ratemyprofessors.com/professor/1504927,Mathematics,"CARING, AMAZING LECTURES, ACCESSIBLE OUTSIDE CLASS, INSPIRATIONAL, LOTS OF HOMEWORK, PARTICIPATION MATTERS, AMAZING LECTURES, INSPIRATIONAL, LECTURE HEAVY, GRADED BY FEW THINGS, AMAZING LECTURES, CLEAR GRADING CRITERIA, CARING"
"WEI, GUOFANG",2.0,3.9,37,27%,https://www.ratemyprofessors.com/professor/2226208,Mathematics,"TEST HEAVY, TOUGH GRADER, GRADED BY FEW THINGS, LOTS OF HOMEWORK, LECTURE HEAVY, AMAZING LECTURES, LECTURE HEAVY, TOUGH GRADER, LECTURE HEAVY, TEST HEAVY, CARING, LECTURE HEAVY, GRADED BY FEW THINGS, LOTS OF HOMEWORK, CARING, TEST HEAVY"
"NASIR, NABEEL",4.9,2.3,12,100%,https://www.ratemyprofessors.com/professor/3065963,Computer Science,"AMAZING LECTURES, CARING, ACCESSIBLE OUTSIDE CLASS, EXTRA CREDIT, GET READY TO READ, EXTRA CREDIT, AMAZING LECTURES, ACCESSIBLE OUTSIDE CLASS, EXTRA CREDIT, AMAZING LECTURES, GIVES GOOD FEEDBACK, INSPIRATIONAL, CARING, ACCESSIBLE OUTSIDE CLASS, GET READY TO READ, AMAZING LECTURES, ACCESSIBLE OUTSIDE CLASS, AMAZING LECTURES, ACCESSIBLE OUTSIDE CLASS"
"TINSLEY, OMISE'EKE",5.0,2.3,7,100%,https://www.ratemyprofessors.com/professor/2605741,Black Studies,"EXTRA CREDIT, GRADED BY FEW THINGS, GET READY TO READ, CARING, AMAZING LECTURES, EXTRA CREDIT, HILARIOUS, LECTURE HEAVY, EXTRA CREDIT, CARING, GRADED BY FEW THINGS, EXTRA CREDIT, AMAZING LECTURES, RESPECTED, EXTRA CREDIT, CLEAR GRADING CRITERIA, GRADED BY FEW THINGS, GET READY TO READ, GRADED BY FEW THINGS, AMAZING LECTURES"
"PENG, QIRUI",4.6,2.1,7,71%,https://www.ratemyprofessors.com/professor/3136865,Mathematics,"GIVES GOOD FEEDBACK, CARING, CLEAR GRADING CRITERIA, INSPIRATIONAL, RESPECTED, ACCESSIBLE OUTSIDE CLASS, LECTURE HEAVY, TEST HEAVY, GRADED BY FEW THINGS, CLEAR GRADING CRITERIA, GIVES GOOD FEEDBACK, RESPECTED, CLEAR GRADING CRITERIA, GIVES GOOD FEEDBACK, CARING, RESPECTED"
"SCHEWELEW, ANNA",5.0,3.0,1,100%,https://www.ratemyprofessors.com/professor/3133504,Comparative Literature & Lang,"PARTICIPATION MATTERS, GIVES GOOD FEEDBACK, ACCESSIBLE OUTSIDE CLASS, PARTICIPATION MATTERS, GIVES GOOD FEEDBACK, ACCESSIBLE OUTSIDE CLASS"
"LINZ, DAN",3.7,2.5,43,92%,https://www.ratemyprofessors.com/professor/295619,Law,"AMAZING LECTURES, CARING, INSPIRATIONAL, RESPECTED, HILARIOUS, GIVES GOOD FEEDBACK, HILARIOUS, RESPECTED, AMAZING LECTURES, HILARIOUS, BEWARE OF POP QUIZZES, SO MANY PAPERS, CARING, RESPECTED, ACCESSIBLE OUTSIDE CLASS"
"ECKSTEIN, MIGUEL",4.1,3.1,38,73%,https://www.ratemyprofessors.com/professor/351446,Psychology,"AMAZING LECTURES, PARTICIPATION MATTERS, CARING, GET READY TO READ, LECTURE HEAVY, GET READY TO READ, PARTICIPATION MATTERS, EXTRA CREDIT, GET READY TO READ, TEST HEAVY, ACCESSIBLE OUTSIDE CLASS, AMAZING LECTURES, INSPIRATIONAL, CARING, GET READY TO READ, AMAZING LECTURES, LECTURE HEAVY, PARTICIPATION MATTERS, AMAZING LECTURES, CARING"
"RANA, SWATI",3.3,3.1,26,50%,https://www.ratemyprofessors.com/professor/1824075,English,"GET READY TO READ, GRADED BY FEW THINGS, CLEAR GRADING CRITERIA, TOUGH GRADER, CARING, GET READY TO READ, CLEAR GRADING CRITERIA, GET READY TO READ, CLEAR GRADING CRITERIA, CARING, CLEAR GRADING CRITERIA, GET READY TO READ, GRADED BY FEW THINGS, GET READY TO READ, AMAZING LECTURES, CLEAR GRADING CRITERIA"
"WERTZ, ANNIE",5.0,1.7,19,100%,https://www.ratemyprofessors.com/professor/3044663,Psychology,"AMAZING LECTURES, CLEAR GRADING CRITERIA, CARING, PARTICIPATION MATTERS, RESPECTED, AMAZING LECTURES, CARING, RESPECTED, AMAZING LECTURES, CLEAR GRADING CRITERIA, CARING, AMAZING LECTURES, CARING, RESPECTED, AMAZING LECTURES, CLEAR GRADING CRITERIA, CARING"
"VOLLAND, JEAN-MARIE",4.6,2.9,14,85%,https://www.ratemyprofessors.com/professor/3032131,Biology,"CARING, AMAZING LECTURES, TEST HEAVY, INSPIRATIONAL, RESPECTED, AMAZING LECTURES, CARING, ACCESSIBLE OUTSIDE CLASS, AMAZING LECTURES, TEST HEAVY, GRADED BY FEW THINGS, PARTICIPATION MATTERS, AMAZING LECTURES, LECTURE HEAVY"
"TA, TIFFANY",5.0,1.6,11,100%,https://www.ratemyprofessors.com/professor/2954285,Music,"CARING, GIVES GOOD FEEDBACK, AMAZING LECTURES, ACCESSIBLE OUTSIDE CLASS, HILARIOUS, GIVES GOOD FEEDBACK, CARING, ACCESSIBLE OUTSIDE CLASS, GIVES GOOD FEEDBACK, INSPIRATIONAL, CARING, AMAZING LECTURES, CARING, ACCESSIBLE OUTSIDE CLASS, AMAZING LECTURES, GIVES GOOD FEEDBACK, ACCESSIBLE OUTSIDE CLASS, AMAZING LECTURES, HILARIOUS, CARING"
"TCHAROS, STEFANIE",4.7,3.1,10,100%,https://www.ratemyprofessors.com/professor/854637,Music,"CARING, GET READY TO READ, PARTICIPATION MATTERS, GIVES GOOD FEEDBACK, LECTURE HEAVY, CARING, LECTURE HEAVY, GRADED BY FEW THINGS, GIVES GOOD FEEDBACK, RESPECTED, CARING, GIVES GOOD FEEDBACK, PARTICIPATION MATTERS, CARING, GET READY TO READ, PARTICIPATION MATTERS, INSPIRATIONAL"
"VERNON, TY",5.0,1.3,7,100%,https://www.ratemyprofessors.com/professor/2558661,Education,"AMAZING LECTURES, CLEAR GRADING CRITERIA, INSPIRATIONAL, HILARIOUS, CARING, HILARIOUS, CARING, AMAZING LECTURES, CLEAR GRADING CRITERIA, GIVES GOOD FEEDBACK, AMAZING LECTURES, INSPIRATIONAL, HILARIOUS, AMAZING LECTURES, CLEAR GRADING CRITERIA, LECTURE HEAVY, AMAZING LECTURES, INSPIRATIONAL, CARING"
"BORSA, COSMIN",2.7,4.3,3,33%,https://www.ratemyprofessors.com/professor/2718842,Statistics,"TOUGH GRADER, LECTURE HEAVY, GRADED BY FEW THINGS, TOUGH GRADER, GRADED BY FEW THINGS, LECTURE HEAVY, TOUGH GRADER"
"IKEUCHI, SUMA",5.0,2.7,3,100%,https://www.ratemyprofessors.com/professor/3081752,East Asian Languages & Cultures,"RESPECTED, TEST HEAVY, GET READY TO READ, EXTRA CREDIT, AMAZING LECTURES, GET READY TO READ, TEST HEAVY, GRADED BY FEW THINGS, CLEAR GRADING CRITERIA, RESPECTED, TEST HEAVY, EXTRA CREDIT, AMAZING LECTURES, RESPECTED"
"YE, RICK",1.9,3.5,187,19%,https://www.ratemyprofessors.com/professor/289498,Mathematics,"TEST HEAVY, GRADED BY FEW THINGS, LOTS OF HOMEWORK, TOUGH GRADER, GET READY TO READ, LOTS OF HOMEWORK, TEST HEAVY, GRADED BY FEW THINGS, LECTURE HEAVY, TEST HEAVY, TEST HEAVY, GRADED BY FEW THINGS, HILARIOUS, GRADED BY FEW THINGS"
"LABUTIN, DENIS",2.8,2.3,180,61%,https://www.ratemyprofessors.com/professor/324784,Mathematics,"CLEAR GRADING CRITERIA, LOTS OF HOMEWORK, ACCESSIBLE OUTSIDE CLASS, EXTRA CREDIT, CARING, EXTRA CREDIT, LOTS OF HOMEWORK, LECTURE HEAVY"
"HAMED-TROYANSKY, VLADIMIR",4.7,2.8,14,100%,https://www.ratemyprofessors.com/professor/2794650,Global Studies,"AMAZING LECTURES, CLEAR GRADING CRITERIA, EXTRA CREDIT, GRADED BY FEW THINGS, CARING, PARTICIPATION MATTERS, EXTRA CREDIT, GRADED BY FEW THINGS, CLEAR GRADING CRITERIA, CARING, GRADED BY FEW THINGS, PARTICIPATION MATTERS, AMAZING LECTURES, CLEAR GRADING CRITERIA, AMAZING LECTURES, CLEAR GRADING CRITERIA, CARING"
"SPRIGGE, MARTHA",4.3,3.0,9,88%,https://www.ratemyprofessors.com/professor/2117084,Music,"CARING, LECTURE HEAVY, TOUGH GRADER, GET READY TO READ, PARTICIPATION MATTERS, HILARIOUS, CARING, RESPECTED, TOUGH GRADER, LOTS OF HOMEWORK, LECTURE HEAVY"
"MATNI, ZIAD",4.1,3.0,122,80%,https://www.ratemyprofessors.com/professor/2178071,Computer Science,"AMAZING LECTURES, CARING, ACCESSIBLE OUTSIDE CLASS, LOTS OF HOMEWORK, TOUGH GRADER, HILARIOUS, CARING, LECTURE HEAVY, LOTS OF HOMEWORK, RESPECTED, TEST HEAVY, HILARIOUS, CARING, RESPECTED, AMAZING LECTURES, INSPIRATIONAL, HILARIOUS, LOTS OF HOMEWORK, LECTURE HEAVY, TEST HEAVY"
"COBURN, KATIE",3.1,3.0,62,53%,https://www.ratemyprofessors.com/professor/2729512,Statistics,"CARING, CLEAR GRADING CRITERIA, TEST HEAVY, TOUGH GRADER, EXTRA CREDIT, LOTS OF HOMEWORK, TEST HEAVY, GRADED BY FEW THINGS, TOUGH GRADER, LECTURE HEAVY, TEST HEAVY, TOUGH GRADER, BEWARE OF POP QUIZZES, TEST HEAVY, TEST HEAVY, TEST HEAVY"
"HOUSTON, RENEE",3.2,3.0,31,61%,https://www.ratemyprofessors.com/professor/2945822,Communication,"GROUP PROJECTS, CARING, AMAZING LECTURES, PARTICIPATION MATTERS, GET READY TO READ, CARING, GRADED BY FEW THINGS, ONLINE SAVVY, GET READY TO READ, AMAZING LECTURES, EXTRA CREDIT, AMAZING LECTURES, CARING, PARTICIPATION MATTERS, TEST HEAVY, AMAZING LECTURES, CARING, LECTURE HEAVY"
"THALER, KAI",5.0,2.6,13,100%,https://www.ratemyprofessors.com/professor/2573489,Global Studies,"AMAZING LECTURES, PARTICIPATION MATTERS, GIVES GOOD FEEDBACK, INSPIRATIONAL, GRADED BY FEW THINGS, GET READY TO READ, PARTICIPATION MATTERS, GROUP PROJECTS, AMAZING LECTURES, CARING, GRADED BY FEW THINGS, GET READY TO READ, PARTICIPATION MATTERS, GRADED BY FEW THINGS, PARTICIPATION MATTERS, AMAZING LECTURES, GRADED BY FEW THINGS, AMAZING LECTURES, CLEAR GRADING CRITERIA"
"SCROGGIN, TONIE",3.7,3.3,6,66%,https://www.ratemyprofessors.com/professor/3132241,Mathematics,"LOTS OF HOMEWORK, CARING, LECTURE HEAVY, CLEAR GRADING CRITERIA, INSPIRATIONAL, HILARIOUS, CARING, ACCESSIBLE OUTSIDE CLASS, CLEAR GRADING CRITERIA, CARING, INSPIRATIONAL, LOTS OF HOMEWORK, LECTURE HEAVY, LOTS OF HOMEWORK, LECTURE HEAVY, TEST HEAVY"
"BEDARD, KELLY",2.9,3.7,118,44%,https://www.ratemyprofessors.com/professor/907405,Economics,"TOUGH GRADER, CLEAR GRADING CRITERIA, TEST HEAVY, SKIP CLASS? YOU WON'T PASS., LECTURE HEAVY, CLEAR GRADING CRITERIA, CLEAR GRADING CRITERIA, TEST HEAVY, TOUGH GRADER, TEST HEAVY, CLEAR GRADING CRITERIA"
"JACKSON, MATT",4.5,2.1,72,86%,https://www.ratemyprofessors.com/professor/2046041,Geology,"CLEAR GRADING CRITERIA, HILARIOUS, GROUP PROJECTS, CARING, AMAZING LECTURES, AMAZING LECTURES, CLEAR GRADING CRITERIA, GRADED BY FEW THINGS, AMAZING LECTURES, INSPIRATIONAL, AMAZING LECTURES, CLEAR GRADING CRITERIA, CARING, AMAZING LECTURES, LECTURE HEAVY, TEST HEAVY"
"PAUL, CAROLE",2.9,3.3,69,27%,https://www.ratemyprofessors.com/professor/351220,Fine Arts,"LECTURE HEAVY, GET READY TO READ, GRADED BY FEW THINGS, PARTICIPATION MATTERS, SKIP CLASS? YOU WON'T PASS., GET READY TO READ, PARTICIPATION MATTERS, AMAZING LECTURES, GET READY TO READ, PARTICIPATION MATTERS, GRADED BY FEW THINGS, TEST HEAVY, GRADED BY FEW THINGS, TOUGH GRADER, LECTURE HEAVY, GRADED BY FEW THINGS, LOTS OF HOMEWORK, LECTURE HEAVY"
"JANUSONIS, SKIRMANTAS",4.1,3.0,61,76%,https://www.ratemyprofessors.com/professor/956539,Psychology,"GET READY TO READ, AMAZING LECTURES, RESPECTED, CLEAR GRADING CRITERIA, INSPIRATIONAL, GET READY TO READ, INSPIRATIONAL, RESPECTED, AMAZING LECTURES, TEST HEAVY, ACCESSIBLE OUTSIDE CLASS, GET READY TO READ, CARING, TEST HEAVY, GET READY TO READ, GET READY TO READ, RESPECTED, LECTURE HEAVY"
"BUSTO, RUDY",4.1,2.4,56,66%,https://www.ratemyprofessors.com/professor/398812,Religion,"GET READY TO READ, LECTURE HEAVY, GRADED BY FEW THINGS, HILARIOUS, EXTRA CREDIT, GET READY TO READ, INSPIRATIONAL, HILARIOUS, GET READY TO READ, TEST HEAVY, GRADED BY FEW THINGS, EXTRA CREDIT, LECTURE HEAVY, GRADED BY FEW THINGS, INSPIRATIONAL, HILARIOUS, LECTURE HEAVY, AMAZING LECTURES, HILARIOUS, LECTURE HEAVY"
"EBENSTEIN , LANNY",3.1,2.9,34,50%,https://www.ratemyprofessors.com/professor/1983433,Economics,"GET READY TO READ, TOUGH GRADER, BEWARE OF POP QUIZZES, SO MANY PAPERS, LECTURE HEAVY, GET READY TO READ, TOUGH GRADER, GET READY TO READ, BEWARE OF POP QUIZZES, GET READY TO READ, BEWARE OF POP QUIZZES, GET READY TO READ, PARTICIPATION MATTERS, SO MANY PAPERS, GET READY TO READ, SO MANY PAPERS, GRADED BY FEW THINGS"
"LEE, WONA",5.0,2.1,12,100%,https://www.ratemyprofessors.com/professor/2489885,East Asian Languages & Cultures,"CARING, PARTICIPATION MATTERS, CLEAR GRADING CRITERIA, GROUP PROJECTS, GIVES GOOD FEEDBACK, CLEAR GRADING CRITERIA, CARING, ACCESSIBLE OUTSIDE CLASS, PARTICIPATION MATTERS, EXTRA CREDIT, GIVES GOOD FEEDBACK, GROUP PROJECTS, CARING, RESPECTED, PARTICIPATION MATTERS, CLEAR GRADING CRITERIA, CARING, GROUP PROJECTS, CARING, RESPECTED"
"OEHLMANN, PAUL",4.2,3.0,11,100%,https://www.ratemyprofessors.com/professor/3063864,Physics,"LOTS OF HOMEWORK, CLEAR GRADING CRITERIA, TEST HEAVY, AMAZING LECTURES, LECTURE HEAVY, AMAZING LECTURES, LOTS OF HOMEWORK, LECTURE HEAVY, GIVES GOOD FEEDBACK, LOTS OF HOMEWORK, TEST HEAVY, LOTS OF HOMEWORK, TEST HEAVY, CLEAR GRADING CRITERIA, LOTS OF HOMEWORK, HILARIOUS, CLEAR GRADING CRITERIA, LOTS OF HOMEWORK, LECTURE HEAVY"
"MOORE, KM",3.4,2.6,5,100%,https://www.ratemyprofessors.com/professor/1330445,Religion,"AMAZING LECTURES, PARTICIPATION MATTERS, CARING, PARTICIPATION MATTERS, AMAZING LECTURES, AMAZING LECTURES, CARING"
"JURKOWSKI, NICK",4.3,3.0,4,75%,https://www.ratemyprofessors.com/professor/2778054,Music,"CLEAR GRADING CRITERIA, CARING, LECTURE HEAVY, AMAZING LECTURES, GIVES GOOD FEEDBACK, INSPIRATIONAL, CARING, LECTURE HEAVY, CLEAR GRADING CRITERIA, GIVES GOOD FEEDBACK, LECTURE HEAVY, CLEAR GRADING CRITERIA, AMAZING LECTURES, CARING"
"AKEMANN, CHARLES",2.1,3.9,242,18%,https://www.ratemyprofessors.com/professor/15055,Mathematics,"LOTS OF HOMEWORK, TOUGH GRADER, TEST HEAVY, GRADED BY FEW THINGS, TESTS ARE TOUGH, TEST HEAVY, GRADED BY FEW THINGS, HILARIOUS, INSPIRATIONAL, HILARIOUS, RESPECTED"
"CRAVEIRO, PEDRO",5.0,3.0,46,100%,https://www.ratemyprofessors.com/professor/2238787,Spanish & Portuguese,"CARING, GIVES GOOD FEEDBACK, RESPECTED, PARTICIPATION MATTERS, ACCESSIBLE OUTSIDE CLASS, HILARIOUS, RESPECTED, GRADED BY FEW THINGS, INSPIRATIONAL, CARING, AMAZING LECTURES, CARING, RESPECTED, CLEAR GRADING CRITERIA, INSPIRATIONAL, CARING, GIVES GOOD FEEDBACK, CARING, RESPECTED"
"DEAN, CHRISTOPHER",4.9,1.6,43,100%,https://www.ratemyprofessors.com/professor/852141,Writing,"GIVES GOOD FEEDBACK, CARING, AMAZING LECTURES, CLEAR GRADING CRITERIA, INSPIRATIONAL, CLEAR GRADING CRITERIA, INSPIRATIONAL, CARING, CLEAR GRADING CRITERIA, CARING, RESPECTED, AMAZING LECTURES, CARING, RESPECTED, AMAZING LECTURES, CLEAR GRADING CRITERIA, HILARIOUS"
"SAUR, ELIZABETH",4.9,2.5,33,100%,https://www.ratemyprofessors.com/professor/2520672,Writing,"GIVES GOOD FEEDBACK, CARING, ACCESSIBLE OUTSIDE CLASS, CLEAR GRADING CRITERIA, PARTICIPATION MATTERS, EXTRA CREDIT, AMAZING LECTURES, CLEAR GRADING CRITERIA, PARTICIPATION MATTERS, GROUP PROJECTS, CARING, PARTICIPATION MATTERS, CLEAR GRADING CRITERIA, GIVES GOOD FEEDBACK, GIVES GOOD FEEDBACK, CARING, ACCESSIBLE OUTSIDE CLASS, PARTICIPATION MATTERS, CLEAR GRADING CRITERIA, GIVES GOOD FEEDBACK"
"DRESSAIRE, EMILIE",4.8,2.8,4,100%,https://www.ratemyprofessors.com/professor/2559096,Mechanical Engineering,"AMAZING LECTURES, CARING, GIVES GOOD FEEDBACK, LOTS OF HOMEWORK, CARING, AMAZING LECTURES, CARING, GIVES GOOD FEEDBACK, AMAZING LECTURES, CARING, GIVES GOOD FEEDBACK, LOTS OF HOMEWORK, AMAZING LECTURES"
"ERICKSON, BRICE",4.3,2.6,199,83%,https://www.ratemyprofessors.com/professor/421896,Classics,"AMAZING LECTURES, HILARIOUS, LECTURE HEAVY, GRADED BY FEW THINGS, GET READY TO READ, AMAZING LECTURES, HILARIOUS, LECTURE HEAVY, AMAZING LECTURES, LECTURE HEAVY, GRADED BY FEW THINGS, PARTICIPATION MATTERS, LECTURE HEAVY, GRADED BY FEW THINGS"
"COKLIN, LJILJANA",3.8,3.0,42,88%,https://www.ratemyprofessors.com/professor/189973,English,"GIVES GOOD FEEDBACK, TOUGH GRADER, PARTICIPATION MATTERS, GROUP PROJECTS, CLEAR GRADING CRITERIA, PARTICIPATION MATTERS, CLEAR GRADING CRITERIA, GIVES GOOD FEEDBACK, GET READY TO READ, PARTICIPATION MATTERS, GIVES GOOD FEEDBACK, TOUGH GRADER, LOTS OF HOMEWORK, SO MANY PAPERS, TOUGH GRADER, GROUP PROJECTS, CARING"
"NIKITYN, DAVID",5.0,1.8,20,100%,https://www.ratemyprofessors.com/professor/3054276,Writing,"CLEAR GRADING CRITERIA, CARING, GIVES GOOD FEEDBACK, HILARIOUS, AMAZING LECTURES, CLEAR GRADING CRITERIA, HILARIOUS, CARING, AMAZING LECTURES, CLEAR GRADING CRITERIA, INSPIRATIONAL, GIVES GOOD FEEDBACK, HILARIOUS, CARING, AMAZING LECTURES, CLEAR GRADING CRITERIA, HILARIOUS, AMAZING LECTURES, GIVES GOOD FEEDBACK, CARING"
"MAZANEC, THOMAS",4.1,2.6,11,72%,https://www.ratemyprofessors.com/professor/2464677,Literature,"GET READY TO READ, RESPECTED, LECTURE HEAVY, AMAZING LECTURES, CLEAR GRADING CRITERIA, AMAZING LECTURES, CLEAR GRADING CRITERIA, RESPECTED, GET READY TO READ, PARTICIPATION MATTERS, LECTURE HEAVY, GET READY TO READ, LOTS OF HOMEWORK, GET READY TO READ, LECTURE HEAVY, GET READY TO READ, LECTURE HEAVY"
"FLEMING, WILLIAM",4.8,2.6,5,100%,https://www.ratemyprofessors.com/professor/2992481,Literature,"ACCESSIBLE OUTSIDE CLASS, GET READY TO READ, CARING, AMAZING LECTURES, CLEAR GRADING CRITERIA, CLEAR GRADING CRITERIA, CARING, RESPECTED, CARING, ACCESSIBLE OUTSIDE CLASS, GIVES GOOD FEEDBACK, CARING, ACCESSIBLE OUTSIDE CLASS, GET READY TO READ, HILARIOUS, ACCESSIBLE OUTSIDE CLASS, GET READY TO READ, AMAZING LECTURES, ACCESSIBLE OUTSIDE CLASS"
"HAMILTON, KRISTY",4.2,2.9,26,84%,https://www.ratemyprofessors.com/professor/2676927,Communication,"GROUP PROJECTS, CLEAR GRADING CRITERIA, GIVES GOOD FEEDBACK, AMAZING LECTURES, PARTICIPATION MATTERS, TOUGH GRADER, GROUP PROJECTS, TOUGH GRADER, SO MANY PAPERS, LECTURE HEAVY, CLEAR GRADING CRITERIA, CARING, GRADED BY FEW THINGS, PARTICIPATION MATTERS, GROUP PROJECTS, GIVES GOOD FEEDBACK, CLEAR GRADING CRITERIA, GIVES GOOD FEEDBACK, CARING"
"ROSKIES, ADINA",1.9,4.8,13,23%,https://www.ratemyprofessors.com/professor/2993009,Philosophy,"TOUGH GRADER, GET READY TO READ, TEST HEAVY, LOTS OF HOMEWORK, GRADED BY FEW THINGS, GET READY TO READ, GIVES GOOD FEEDBACK, ACCESSIBLE OUTSIDE CLASS, TOUGH GRADER, GET READY TO READ, LOTS OF HOMEWORK, TOUGH GRADER, LOTS OF HOMEWORK, TOUGH GRADER, GET READY TO READ, RESPECTED, GET READY TO READ, GIVES GOOD FEEDBACK, LOTS OF HOMEWORK"
"PETTUS, THOMAS",2.3,4.4,72,30%,https://www.ratemyprofessors.com/professor/335426,Chemistry,"TOUGH GRADER, LOTS OF HOMEWORK, TEST HEAVY, SKIP CLASS? YOU WON'T PASS., LECTURE HEAVY, TOUGH GRADER, LOTS OF HOMEWORK, TOUGH GRADER, TEST HEAVY, TOUGH GRADER, TOUGH GRADER, TEST HEAVY, TOUGH GRADER, LOTS OF HOMEWORK"
"RAWLINGS, CRAIG",4.7,2.2,40,94%,https://www.ratemyprofessors.com/professor/1667800,Sociology,"HILARIOUS, AMAZING LECTURES, INSPIRATIONAL, ACCESSIBLE OUTSIDE CLASS, PARTICIPATION MATTERS, INSPIRATIONAL, HILARIOUS, CARING, PARTICIPATION MATTERS, INSPIRATIONAL, CARING, PARTICIPATION MATTERS, AMAZING LECTURES, INSPIRATIONAL, GET READY TO READ, PARTICIPATION MATTERS, HILARIOUS"
"GIBOU, FREDERIC",4.0,2.5,30,94%,https://www.ratemyprofessors.com/professor/862494,Mechanical Engineering,"HILARIOUS, ACCESSIBLE OUTSIDE CLASS, CLEAR GRADING CRITERIA, CARING, TOUGH GRADER, AMAZING LECTURES, CLEAR GRADING CRITERIA, LECTURE HEAVY, TOUGH GRADER, LECTURE HEAVY, AMAZING LECTURES, CARING, GRADED BY FEW THINGS, TEST HEAVY"
"STEAVU-BALINT, DOMINIC",4.6,2.4,23,94%,https://www.ratemyprofessors.com/professor/1888746,Religious Studies,"LECTURE HEAVY, PARTICIPATION MATTERS, AMAZING LECTURES, CLEAR GRADING CRITERIA, GIVES GOOD FEEDBACK, LECTURE HEAVY, PARTICIPATION MATTERS, LECTURE HEAVY, TEST HEAVY, GET READY TO READ, LOTS OF HOMEWORK, SO MANY PAPERS, CLEAR GRADING CRITERIA"
"SMITH, SPENCER",2.9,3.3,12,50%,https://www.ratemyprofessors.com/professor/2918454,Engineering,"GET READY TO READ, GRADED BY FEW THINGS, EXTRA CREDIT, CLEAR GRADING CRITERIA, LECTURE HEAVY, TEST HEAVY, EXTRA CREDIT, HILARIOUS, GRADED BY FEW THINGS, GRADED BY FEW THINGS"
"SWENSON, JULIE",4.3,3.0,104,87%,https://www.ratemyprofessors.com/professor/2227068,Statistics,"CARING, ACCESSIBLE OUTSIDE CLASS, CLEAR GRADING CRITERIA, AMAZING LECTURES, TEST HEAVY, AMAZING LECTURES, CLEAR GRADING CRITERIA, LECTURE HEAVY, AMAZING LECTURES, CLEAR GRADING CRITERIA, CARING, AMAZING LECTURES, TEST HEAVY, ACCESSIBLE OUTSIDE CLASS, AMAZING LECTURES, CARING, ACCESSIBLE OUTSIDE CLASS"
"BIMBER, BRUCE",4.0,3.7,83,74%,https://www.ratemyprofessors.com/professor/68204,Political Science,"GET READY TO READ, TOUGH GRADER, LECTURE HEAVY, AMAZING LECTURES, GROUP PROJECTS, GROUP PROJECTS, AMAZING LECTURES, TEST HEAVY, LECTURE HEAVY, TEST HEAVY, GRADED BY FEW THINGS, TOUGH GRADER, AMAZING LECTURES, TEST HEAVY, GET READY TO READ, AMAZING LECTURES, INSPIRATIONAL"
"SWEENEY, STUART",3.2,2.4,58,77%,https://www.ratemyprofessors.com/professor/1459,Geography,"EXTRA CREDIT, CLEAR GRADING CRITERIA, CARING, GIVES GOOD FEEDBACK, SO MANY PAPERS, EXTRA CREDIT, TEST HEAVY, EXTRA CREDIT, CARING, GET READY TO READ, EXTRA CREDIT, CLEAR GRADING CRITERIA, GIVES GOOD FEEDBACK, SO MANY PAPERS"
"FIORINA, CAMILLA",4.9,2.1,33,100%,https://www.ratemyprofessors.com/professor/546131,Languages,"CARING, GIVES GOOD FEEDBACK, PARTICIPATION MATTERS, CLEAR GRADING CRITERIA, RESPECTED, GIVES GOOD FEEDBACK, PARTICIPATION MATTERS, EXTRA CREDIT, PARTICIPATION MATTERS, CARING, RESPECTED, CLEAR GRADING CRITERIA, CARING, RESPECTED, CLEAR GRADING CRITERIA, GIVES GOOD FEEDBACK, CARING"
"MEROLLA, ANDY",4.9,2.6,62,96%,https://www.ratemyprofessors.com/professor/2194067,Communication,"AMAZING LECTURES, CARING, RESPECTED, CLEAR GRADING CRITERIA, HILARIOUS, PARTICIPATION MATTERS, AMAZING LECTURES, RESPECTED, AMAZING LECTURES, HILARIOUS, RESPECTED, PARTICIPATION MATTERS, GROUP PROJECTS, AMAZING LECTURES, AMAZING LECTURES, GIVES GOOD FEEDBACK, INSPIRATIONAL, AMAZING LECTURES, CARING, RESPECTED"
"MCFADDEN, JOE",4.4,2.8,16,100%,https://www.ratemyprofessors.com/professor/1400365,Geography,"CARING, GRADED BY FEW THINGS, CLEAR GRADING CRITERIA, RESPECTED, LECTURE HEAVY, PARTICIPATION MATTERS, CLEAR GRADING CRITERIA, CARING, CARING, ACCESSIBLE OUTSIDE CLASS, LECTURE HEAVY, GIVES GOOD FEEDBACK, ACCESSIBLE OUTSIDE CLASS"
"PEREZ, ELIZABETH",3.6,2.8,12,75%,https://www.ratemyprofessors.com/professor/2268260,Religious Studies,"GET READY TO READ, CARING, PARTICIPATION MATTERS, SKIP CLASS? YOU WON'T PASS., EXTRA CREDIT, GET READY TO READ, CLEAR GRADING CRITERIA, INSPIRATIONAL, TOUGH GRADER, GET READY TO READ, LECTURE HEAVY, GET READY TO READ, PARTICIPATION MATTERS, SO MANY PAPERS, LECTURE HEAVY, GET READY TO READ, GRADED BY FEW THINGS, ACCESSIBLE OUTSIDE CLASS, GRADED BY FEW THINGS, EXTRA CREDIT"
"ESPINO, JESSICA",2.3,2.6,12,25%,https://www.ratemyprofessors.com/professor/3077807,Sociology,"PARTICIPATION MATTERS, GRADED BY FEW THINGS, CLEAR GRADING CRITERIA, LECTURE HEAVY, TOUGH GRADER, AMAZING LECTURES, CLEAR GRADING CRITERIA, LECTURE HEAVY, TOUGH GRADER, PARTICIPATION MATTERS, TEST HEAVY, GET READY TO READ, GRADED BY FEW THINGS, PARTICIPATION MATTERS, LECTURE HEAVY, GRADED BY FEW THINGS"
"PETTERSSON PEEKER, AILI ",5.0,1.6,10,100%,https://www.ratemyprofessors.com/professor/3042154,English,"CARING, PARTICIPATION MATTERS, CLEAR GRADING CRITERIA, GIVES GOOD FEEDBACK, AMAZING LECTURES, PARTICIPATION MATTERS, GIVES GOOD FEEDBACK, CARING, PARTICIPATION MATTERS, CLEAR GRADING CRITERIA, GIVES GOOD FEEDBACK, CARING, AMAZING LECTURES, GIVES GOOD FEEDBACK, INSPIRATIONAL, PARTICIPATION MATTERS, AMAZING LECTURES, CLEAR GRADING CRITERIA"
"HAIEM, RICHARD",3.3,3.0,19,57%,https://www.ratemyprofessors.com/professor/3106490,Comparative Literature & Lang,"GIVES GOOD FEEDBACK, TOUGH GRADER, GET READY TO READ, PARTICIPATION MATTERS, INSPIRATIONAL, TOUGH GRADER, TOUGH GRADER"
"READ DE ALANIZ, JAVIER",4.1,3.8,41,74%,https://www.ratemyprofessors.com/professor/2021912,Chemistry,"AMAZING LECTURES, ACCESSIBLE OUTSIDE CLASS, CARING, TEST HEAVY, RESPECTED, TOUGH GRADER, LECTURE HEAVY, TEST HEAVY, TOUGH GRADER, GET READY TO READ, HILARIOUS"
"PAJAK, ANNA",4.8,1.5,15,100%,https://www.ratemyprofessors.com/professor/2657283,Germanic & Russian Studies,"CARING, PARTICIPATION MATTERS, AMAZING LECTURES, GIVES GOOD FEEDBACK, CLEAR GRADING CRITERIA, PARTICIPATION MATTERS, AMAZING LECTURES, CARING, CLEAR GRADING CRITERIA, CARING, PARTICIPATION MATTERS, LOTS OF HOMEWORK, CARING, PARTICIPATION MATTERS, GIVES GOOD FEEDBACK, CARING, AMAZING LECTURES, INSPIRATIONAL, CARING"
"KRANZFELDER, PETRA",4.5,2.1,11,100%,https://www.ratemyprofessors.com/professor/2982660,Biology,"CARING, GIVES GOOD FEEDBACK, CLEAR GRADING CRITERIA, ACCESSIBLE OUTSIDE CLASS, PARTICIPATION MATTERS, INSPIRATIONAL, CARING, ACCESSIBLE OUTSIDE CLASS, CLEAR GRADING CRITERIA, GIVES GOOD FEEDBACK, CARING, PARTICIPATION MATTERS, GROUP PROJECTS, CLEAR GRADING CRITERIA, AMAZING LECTURES, INSPIRATIONAL, CARING"
"GU, MENGYANG MICHAEL",3.9,3.3,9,44%,https://www.ratemyprofessors.com/professor/2525428,Statistics,"TOUGH GRADER, LOTS OF HOMEWORK, AMAZING LECTURES, LECTURE HEAVY, GET READY TO READ, AMAZING LECTURES, LECTURE HEAVY, EXTRA CREDIT, AMAZING LECTURES, GIVES GOOD FEEDBACK, LOTS OF HOMEWORK, PARTICIPATION MATTERS, LECTURE HEAVY, LOTS OF HOMEWORK, GRADED BY FEW THINGS, TOUGH GRADER"
"ANDERSON, BOB",3.4,3.5,231,53%,https://www.ratemyprofessors.com/professor/409420,Economics,"TEST HEAVY, TOUGH GRADER, LOTS OF HOMEWORK, AMAZING LECTURES, SKIP CLASS? YOU WON'T PASS., GET READY TO READ, TEST HEAVY, LOTS OF HOMEWORK, GRADED BY FEW THINGS, TOUGH GRADER, TEST HEAVY, LOTS OF HOMEWORK, LECTURE HEAVY, GRADED BY FEW THINGS, TEST HEAVY, GRADED BY FEW THINGS"
"ELISON, WILLIAM",4.2,2.2,17,76%,https://www.ratemyprofessors.com/professor/2342733,Religious Studies,"GET READY TO READ, RESPECTED, PARTICIPATION MATTERS, LECTURE HEAVY, HILARIOUS, GET READY TO READ, LECTURE HEAVY, ACCESSIBLE OUTSIDE CLASS, GET READY TO READ, HILARIOUS, CARING, GET READY TO READ, PARTICIPATION MATTERS, LECTURE HEAVY, GET READY TO READ, GET READY TO READ, GRADED BY FEW THINGS"
"GONZALEZ, NINO",2.4,4.1,13,30%,https://www.ratemyprofessors.com/professor/2496787,Biology,"TEST HEAVY, LECTURE HEAVY, GET READY TO READ, AMAZING LECTURES, CARING, AMAZING LECTURES, CARING, ACCESSIBLE OUTSIDE CLASS, HILARIOUS, LECTURE HEAVY, TEST HEAVY, LECTURE HEAVY, TEST HEAVY"
"MIOLANE, NINA",3.6,2.7,12,83%,https://www.ratemyprofessors.com/professor/2744929,Electrical & Comp. Engineering,"EXTRA CREDIT, PARTICIPATION MATTERS, AMAZING LECTURES, CLEAR GRADING CRITERIA, LOTS OF HOMEWORK, EXTRA CREDIT, PARTICIPATION MATTERS, EXTRA CREDIT, PARTICIPATION MATTERS, EXTRA CREDIT, EXTRA CREDIT, EXTRA CREDIT, AMAZING LECTURES, ONLINE SAVVY"
"BULLO, FRANCESCO",4.1,3.5,8,100%,https://www.ratemyprofessors.com/professor/616057,Engineering,None
"CHIRINOS-ALEMAN, LEAH",4.1,3.1,7,100%,https://www.ratemyprofessors.com/professor/1982897,Spanish,"PARTICIPATION MATTERS, LOTS OF HOMEWORK, CARING, GIVES GOOD FEEDBACK, ACCESSIBLE OUTSIDE CLASS, PARTICIPATION MATTERS, LOTS OF HOMEWORK, CARING, PARTICIPATION MATTERS, LOTS OF HOMEWORK, ACCESSIBLE OUTSIDE CLASS, PARTICIPATION MATTERS, LOTS OF HOMEWORK, ACCESSIBLE OUTSIDE CLASS, PARTICIPATION MATTERS, GIVES GOOD FEEDBACK, CARING"
"GRECO, ANTHONY",3.8,2.8,4,50%,https://www.ratemyprofessors.com/professor/2441782,History,"GIVES GOOD FEEDBACK, CARING, GRADED BY FEW THINGS, TOUGH GRADER, GET READY TO READ, GET READY TO READ, GIVES GOOD FEEDBACK, GRADED BY FEW THINGS, TOUGH GRADER, GROUP PROJECTS, GRADED BY FEW THINGS, ACCESSIBLE OUTSIDE CLASS, HILARIOUS, CARING, GIVES GOOD FEEDBACK, CLEAR GRADING CRITERIA, CARING"
"WAINWRIGHT, BRIAN",3.1,3.5,136,55%,https://www.ratemyprofessors.com/professor/2530808,Statistics,"TEST HEAVY, CLEAR GRADING CRITERIA, LECTURE HEAVY, TOUGH GRADER, CARING, LECTURE HEAVY, PARTICIPATION MATTERS, LECTURE HEAVY, TEST HEAVY, CLEAR GRADING CRITERIA, CARING, ACCESSIBLE OUTSIDE CLASS, HILARIOUS, GRADED BY FEW THINGS"
"ERNST, BRIAN",4.9,2.0,32,100%,https://www.ratemyprofessors.com/professor/1693991,Writing,"GIVES GOOD FEEDBACK, CARING, CLEAR GRADING CRITERIA, INSPIRATIONAL, HILARIOUS, GROUP PROJECTS, GIVES GOOD FEEDBACK, HILARIOUS, GROUP PROJECTS, CLEAR GRADING CRITERIA, GIVES GOOD FEEDBACK, CARING, GIVES GOOD FEEDBACK, HILARIOUS, CARING, GIVES GOOD FEEDBACK, HILARIOUS, CARING"
"HARUTYUNYAN, DAVIT",2.9,3.9,26,50%,https://www.ratemyprofessors.com/professor/2518738,Mathematics,"TOUGH GRADER, AMAZING LECTURES, TEST HEAVY, GRADED BY FEW THINGS, ACCESSIBLE OUTSIDE CLASS, AMAZING LECTURES, GIVES GOOD FEEDBACK, LOTS OF HOMEWORK, TOUGH GRADER, LECTURE HEAVY, TEST HEAVY, TOUGH GRADER, TEST HEAVY, TOUGH GRADER, TEST HEAVY"
"RATHORE, JITENDRA",4.3,2.7,23,78%,https://www.ratemyprofessors.com/professor/3046038,Mathematics,"CARING, ACCESSIBLE OUTSIDE CLASS, TOUGH GRADER, AMAZING LECTURES, GIVES GOOD FEEDBACK, AMAZING LECTURES, GRADED BY FEW THINGS, TOUGH GRADER, TOUGH GRADER, GIVES GOOD FEEDBACK, LOTS OF HOMEWORK, TOUGH GRADER, GRADED BY FEW THINGS"
"MEINHART, CARL",4.6,3.5,22,100%,https://www.ratemyprofessors.com/professor/538365,Engineering,"RESPECTED, INSPIRATIONAL, CARING, TEST HEAVY, TOUGH GRADER, TEST HEAVY, RESPECTED, CARING, RESPECTED, ACCESSIBLE OUTSIDE CLASS, INSPIRATIONAL, RESPECTED"
"DALY, SAMANTHA",4.0,3.3,16,81%,https://www.ratemyprofessors.com/professor/2330592,Mechanical Engineering,"AMAZING LECTURES, CARING, TEST HEAVY, GRADED BY FEW THINGS, ACCESSIBLE OUTSIDE CLASS, TEST HEAVY, CARING, GRADED BY FEW THINGS, ACCESSIBLE OUTSIDE CLASS, AMAZING LECTURES, AMAZING LECTURES, GIVES GOOD FEEDBACK, CARING"
"HESPANHA, JOAO",4.9,1.9,13,100%,https://www.ratemyprofessors.com/professor/937373,Engineering,"CARING, GROUP PROJECTS, AMAZING LECTURES, INSPIRATIONAL, ACCESSIBLE OUTSIDE CLASS, RESPECTED, GRADED BY FEW THINGS, ACCESSIBLE OUTSIDE CLASS, GROUP PROJECTS, AMAZING LECTURES, INSPIRATIONAL, AMAZING LECTURES, RESPECTED, ACCESSIBLE OUTSIDE CLASS, AMAZING LECTURES, INSPIRATIONAL, CARING, CLEAR GRADING CRITERIA, INSPIRATIONAL, CARING"
"ESPONDA, IGNACIO",5.0,2.7,13,100%,https://www.ratemyprofessors.com/professor/2554527,Economics,"AMAZING LECTURES, EXTRA CREDIT, CARING, ACCESSIBLE OUTSIDE CLASS, CLEAR GRADING CRITERIA, PARTICIPATION MATTERS, EXTRA CREDIT, PARTICIPATION MATTERS, EXTRA CREDIT, CARING, EXTRA CREDIT, AMAZING LECTURES, RESPECTED, PARTICIPATION MATTERS, HILARIOUS, CARING, EXTRA CREDIT, CLEAR GRADING CRITERIA, ACCESSIBLE OUTSIDE CLASS"
"YEUNG, ENOCH",4.6,3.3,11,81%,https://www.ratemyprofessors.com/professor/2555743,Mechanical Engineering,"CARING, AMAZING LECTURES, GIVES GOOD FEEDBACK, HILARIOUS, ACCESSIBLE OUTSIDE CLASS, AMAZING LECTURES, GRADED BY FEW THINGS, CARING, ACCESSIBLE OUTSIDE CLASS, ONLINE SAVVY, INSPIRATIONAL, HILARIOUS, ACCESSIBLE OUTSIDE CLASS, LECTURE HEAVY, CARING"
"FRANKS, ALEXANDER",4.6,3.2,9,87%,https://www.ratemyprofessors.com/professor/2578431,Statistics,"AMAZING LECTURES, LOTS OF HOMEWORK, CLEAR GRADING CRITERIA, INSPIRATIONAL, RESPECTED, TOUGH GRADER, TEST HEAVY, AMAZING LECTURES, CLEAR GRADING CRITERIA, ONLINE SAVVY, AMAZING LECTURES, CLEAR GRADING CRITERIA, LOTS OF HOMEWORK, PARTICIPATION MATTERS, INSPIRATIONAL, ACCESSIBLE OUTSIDE CLASS"
"TSUCHIYA, YUKIKO",5.0,2.7,6,100%,https://www.ratemyprofessors.com/professor/2842873,East Asian Languages & Cultures,"LOTS OF HOMEWORK, CARING, PARTICIPATION MATTERS, GIVES GOOD FEEDBACK, ACCESSIBLE OUTSIDE CLASS, PARTICIPATION MATTERS, LOTS OF HOMEWORK, CARING, GIVES GOOD FEEDBACK, LOTS OF HOMEWORK, CARING, PARTICIPATION MATTERS, LECTURE HEAVY, ACCESSIBLE OUTSIDE CLASS, LOTS OF HOMEWORK, CARING, ACCESSIBLE OUTSIDE CLASS"
"DUNN, FRANCIS",3.7,2.6,141,55%,https://www.ratemyprofessors.com/professor/149977,Classics,"GET READY TO READ, HILARIOUS, CLEAR GRADING CRITERIA, AMAZING LECTURES, LECTURE HEAVY, GET READY TO READ, GRADED BY FEW THINGS, GET READY TO READ, AMAZING LECTURES, HILARIOUS, GET READY TO READ, CLEAR GRADING CRITERIA, HILARIOUS"
"LEWIS, ROBERT",4.4,4.0,121,88%,https://www.ratemyprofessors.com/professor/2170428,Chemistry,"ACCESSIBLE OUTSIDE CLASS, AMAZING LECTURES, CLEAR GRADING CRITERIA, TEST HEAVY, CARING, CLEAR GRADING CRITERIA, ONLINE SAVVY, AMAZING LECTURES, CLEAR GRADING CRITERIA, LECTURE HEAVY, TEST HEAVY, GRADED BY FEW THINGS"
"WOODS, VANESSA",3.5,3.5,113,53%,https://www.ratemyprofessors.com/professor/823219,Psychology,"TOUGH GRADER, SKIP CLASS? YOU WON'T PASS., LOTS OF HOMEWORK, GET READY TO READ, LECTURE HEAVY, PARTICIPATION MATTERS, TOUGH GRADER, GROUP PROJECTS, ACCESSIBLE OUTSIDE CLASS, GET READY TO READ, CARING"
"SEPUNARU, LIOR",4.4,3.9,72,86%,https://www.ratemyprofessors.com/professor/2420291,Chemistry,"ACCESSIBLE OUTSIDE CLASS, CARING, AMAZING LECTURES, RESPECTED, INSPIRATIONAL, AMAZING LECTURES, INSPIRATIONAL, CARING, AMAZING LECTURES, GIVES GOOD FEEDBACK, RESPECTED, EXTRA CREDIT, INSPIRATIONAL, EXTRA CREDIT, CLEAR GRADING CRITERIA, GIVES GOOD FEEDBACK"
"SCHOOLER, JONATHAN",3.5,3.1,68,67%,https://www.ratemyprofessors.com/professor/1138550,Psychology,"GET READY TO READ, TEST HEAVY, GRADED BY FEW THINGS, RESPECTED, AMAZING LECTURES, GET READY TO READ, RESPECTED, GRADED BY FEW THINGS, GET READY TO READ, TEST HEAVY, GRADED BY FEW THINGS, GRADED BY FEW THINGS, RESPECTED, LECTURE HEAVY, CLEAR GRADING CRITERIA, TEST HEAVY, GRADED BY FEW THINGS"
"ROBERTS, LUKE",4.2,2.4,68,82%,https://www.ratemyprofessors.com/professor/315248,History,"GET READY TO READ, CLEAR GRADING CRITERIA, AMAZING LECTURES, CARING, RESPECTED, GET READY TO READ, EXTRA CREDIT, CLEAR GRADING CRITERIA, GET READY TO READ, CLEAR GRADING CRITERIA, ACCESSIBLE OUTSIDE CLASS, GET READY TO READ, EXTRA CREDIT, AMAZING LECTURES, GET READY TO READ, AMAZING LECTURES, RESPECTED, GET READY TO READ, CLEAR GRADING CRITERIA, GIVES GOOD FEEDBACK"
"KOUTROULAKIS, GEORGIOS",4.3,3.5,65,83%,https://www.ratemyprofessors.com/professor/2241089,Physics,"AMAZING LECTURES, CLEAR GRADING CRITERIA, LOTS OF HOMEWORK, PARTICIPATION MATTERS, LECTURE HEAVY, HILARIOUS, LECTURE HEAVY, PARTICIPATION MATTERS, AMAZING LECTURES, LECTURE HEAVY, CLEAR GRADING CRITERIA, RESPECTED, CLEAR GRADING CRITERIA, LOTS OF HOMEWORK, LECTURE HEAVY"
"MARCUS, SCOTT",3.3,1.9,55,42%,https://www.ratemyprofessors.com/professor/49030,Music,"GET READY TO READ, PARTICIPATION MATTERS, LECTURE HEAVY, HILARIOUS, AMAZING LECTURES, GET READY TO READ, HILARIOUS, PARTICIPATION MATTERS, AMAZING LECTURES, HILARIOUS, GET READY TO READ, PARTICIPATION MATTERS, GRADED BY FEW THINGS, PARTICIPATION MATTERS, INSPIRATIONAL, LECTURE HEAVY"
"JACOBSON, LISA",4.0,3.1,52,71%,https://www.ratemyprofessors.com/professor/419645,History,"GET READY TO READ, PARTICIPATION MATTERS, TOUGH GRADER, AMAZING LECTURES, GIVES GOOD FEEDBACK, TOUGH GRADER, GROUP PROJECTS, TOUGH GRADER, PARTICIPATION MATTERS, GRADED BY FEW THINGS, PARTICIPATION MATTERS, AMAZING LECTURES, GRADED BY FEW THINGS"
"HUK, PETER",4.4,1.7,46,91%,https://www.ratemyprofessors.com/professor/895021,Writing,"GIVES GOOD FEEDBACK, GROUP PROJECTS, ACCESSIBLE OUTSIDE CLASS, CLEAR GRADING CRITERIA, CARING, GROUP PROJECTS, GROUP PROJECTS, PARTICIPATION MATTERS, GRADED BY FEW THINGS"
"CHEN, SHU-CHUAN (BELLA)",4.7,2.3,32,100%,https://www.ratemyprofessors.com/professor/802822,Languages,"CARING, LOTS OF HOMEWORK, PARTICIPATION MATTERS, GIVES GOOD FEEDBACK, SKIP CLASS? YOU WON'T PASS., GIVES GOOD FEEDBACK, INSPIRATIONAL, CARING, PARTICIPATION MATTERS, CARING, ACCESSIBLE OUTSIDE CLASS, AMAZING LECTURES, GIVES GOOD FEEDBACK, CARING, PARTICIPATION MATTERS, CLEAR GRADING CRITERIA, CARING, EXTRA CREDIT, LOTS OF HOMEWORK, CARING"
"DOUGLASS, JEREMY",3.4,2.5,32,66%,https://www.ratemyprofessors.com/professor/446309,English,"LECTURE HEAVY, GET READY TO READ, GIVES GOOD FEEDBACK, CARING, GROUP PROJECTS, GET READY TO READ, GET READY TO READ, CLEAR GRADING CRITERIA, LECTURE HEAVY, ACCESSIBLE OUTSIDE CLASS, PARTICIPATION MATTERS, EXTRA CREDIT, GRADED BY FEW THINGS, GROUP PROJECTS, LECTURE HEAVY, ONLINE SAVVY"
"PEDERSEN, HAL",2.1,3.8,19,31%,https://www.ratemyprofessors.com/professor/2589035,Statistics,"GRADED BY FEW THINGS, TEST HEAVY, TOUGH GRADER, AMAZING LECTURES, LECTURE HEAVY, GRADED BY FEW THINGS, TOUGH GRADER, TEST HEAVY, LECTURE HEAVY, TEST HEAVY, GRADED BY FEW THINGS, TEST HEAVY, GRADED BY FEW THINGS, TOUGH GRADER, TEST HEAVY, GRADED BY FEW THINGS"
"HAI, YANG",2.7,4.4,18,33%,https://www.ratemyprofessors.com/professor/2870878,Chemistry,"GRADED BY FEW THINGS, TOUGH GRADER, TEST HEAVY, AMAZING LECTURES, BEWARE OF POP QUIZZES, LECTURE HEAVY, GRADED BY FEW THINGS, GRADED BY FEW THINGS, BEWARE OF POP QUIZZES, TEST HEAVY, GRADED BY FEW THINGS"
"GARDNER, BROOKE",3.1,3.9,18,50%,https://www.ratemyprofessors.com/professor/2708227,Biochemistry,"TEST HEAVY, TOUGH GRADER, LECTURE HEAVY, GET READY TO READ, AMAZING LECTURES, CLEAR GRADING CRITERIA, TEST HEAVY, CARING, TEST HEAVY, ACCESSIBLE OUTSIDE CLASS, GIVES GOOD FEEDBACK, RESPECTED, GET READY TO READ, LECTURE HEAVY, TEST HEAVY"
"ELDER, KATHERINE",5.0,1.6,18,100%,https://www.ratemyprofessors.com/professor/3047865,Communication,"AMAZING LECTURES, CARING, CLEAR GRADING CRITERIA, HILARIOUS, ACCESSIBLE OUTSIDE CLASS, AMAZING LECTURES, CARING, GRADED BY FEW THINGS, AMAZING LECTURES, HILARIOUS, CARING, AMAZING LECTURES, CLEAR GRADING CRITERIA"
"SHISHIM, MARK",4.8,2.4,14,85%,https://www.ratemyprofessors.com/professor/1796107,Education,"GROUP PROJECTS, INSPIRATIONAL, CARING, GET READY TO READ, PARTICIPATION MATTERS, INSPIRATIONAL, CARING, PARTICIPATION MATTERS, GROUP PROJECTS, CARING, GROUP PROJECTS, CLEAR GRADING CRITERIA, GIVES GOOD FEEDBACK, INSPIRATIONAL, HILARIOUS, RESPECTED, GROUP PROJECTS, INSPIRATIONAL, CARING"
"TEEL, ANDREW",4.4,3.9,9,100%,https://www.ratemyprofessors.com/professor/22622,Engineering,"AMAZING LECTURES, GIVES GOOD FEEDBACK, LOTS OF HOMEWORK, CARING, TEST HEAVY, GIVES GOOD FEEDBACK, CARING, ACCESSIBLE OUTSIDE CLASS, AMAZING LECTURES, LOTS OF HOMEWORK, TEST HEAVY"
"BUCKWALTER, JIM",4.4,3.7,7,100%,https://www.ratemyprofessors.com/professor/2202887,Electrical  Comp. Engineering,"ACCESSIBLE OUTSIDE CLASS, LECTURE HEAVY, TOUGH GRADER, SKIP CLASS? YOU WON'T PASS., AMAZING LECTURES, LECTURE HEAVY, TEST HEAVY, ACCESSIBLE OUTSIDE CLASS, AMAZING LECTURES, LECTURE HEAVY, ACCESSIBLE OUTSIDE CLASS, TOUGH GRADER, ACCESSIBLE OUTSIDE CLASS, CLEAR GRADING CRITERIA"
"MANJUNATH, B. S.",3.5,3.0,4,100%,https://www.ratemyprofessors.com/professor/1380891,Electrical & Comp. Engineering,"SKIP CLASS? YOU WON'T PASS., LOTS OF HOMEWORK, CARING, TOUGH GRADER, AMAZING LECTURES, LOTS OF HOMEWORK, CARING"
"LARIMORE-HALL, DARAKA",4.0,1.5,4,75%,https://www.ratemyprofessors.com/professor/3088877,History,"GRADED BY FEW THINGS, GET READY TO READ, PARTICIPATION MATTERS, GROUP PROJECTS, CLEAR GRADING CRITERIA, GET READY TO READ, TEST HEAVY, GRADED BY FEW THINGS, PARTICIPATION MATTERS, GRADED BY FEW THINGS, GROUP PROJECTS, GIVES GOOD FEEDBACK, CARING, CLEAR GRADING CRITERIA, HILARIOUS, GRADED BY FEW THINGS"
"CHRISTOPHER, PHILLIP",4.0,4.0,2,100%,https://www.ratemyprofessors.com/professor/3045818,Chemical Engineering,"AMAZING LECTURES, ACCESSIBLE OUTSIDE CLASS, PARTICIPATION MATTERS, GIVES GOOD FEEDBACK, AMAZING LECTURES, ACCESSIBLE OUTSIDE CLASS, PARTICIPATION MATTERS, ACCESSIBLE OUTSIDE CLASS"
"STOYAN, TANJA",4.0,1.0,1,,https://www.ratemyprofessors.com/professor/2238586,Biology,"GROUP PROJECTS, LOTS OF HOMEWORK, SO MANY PAPERS"
"OFFERT, FABIAN",5.0,2.0,1,100%,https://www.ratemyprofessors.com/professor/2678146,Germanic & Russian Studies,"GET READY TO READ, GRADED BY FEW THINGS, ACCESSIBLE OUTSIDE CLASS, GET READY TO READ, GRADED BY FEW THINGS, ACCESSIBLE OUTSIDE CLASS"
"PARK, JOHN",4.2,3.2,123,82%,https://www.ratemyprofessors.com/professor/208021,Ethnic Studies,"GET READY TO READ, RESPECTED, AMAZING LECTURES, TOUGH GRADER, INSPIRATIONAL, CLEAR GRADING CRITERIA, LECTURE HEAVY, GRADED BY FEW THINGS, GET READY TO READ, AMAZING LECTURES, HILARIOUS, TOUGH GRADER, GET READY TO READ, SO MANY PAPERS"
"GARCIA, CARLOS",1.9,4.2,116,18%,https://www.ratemyprofessors.com/professor/549617,Mathematics,"TOUGH GRADER, TESTS ARE TOUGH, LOTS OF HOMEWORK, LECTURE HEAVY, TEST HEAVY, GIVES GOOD FEEDBACK, CARING, ACCESSIBLE OUTSIDE CLASS, LOTS OF HOMEWORK"
"LEE, JOHN",4.1,3.1,111,47%,https://www.ratemyprofessors.com/professor/268045,History,"GET READY TO READ, LECTURE HEAVY, GRADED BY FEW THINGS, CARING, GIVES GOOD FEEDBACK, AMAZING LECTURES, CARING, ACCESSIBLE OUTSIDE CLASS, PARTICIPATION MATTERS, GIVES GOOD FEEDBACK, CARING, AMAZING LECTURES, CARING, ACCESSIBLE OUTSIDE CLASS, TOUGH GRADER, GET READY TO READ, CARING"
"FEINSTEIN, STUART",4.4,3.1,64,96%,https://www.ratemyprofessors.com/professor/178205,Biology,"AMAZING LECTURES, TEST HEAVY, RESPECTED, TOUGH GRADER, LECTURE HEAVY, AMAZING LECTURES, TEST HEAVY, GRADED BY FEW THINGS, AMAZING LECTURES, RESPECTED, ACCESSIBLE OUTSIDE CLASS, LECTURE HEAVY, TEST HEAVY, AMAZING LECTURES, RESPECTED, TEST HEAVY"
"LANE, DAN",4.7,2.9,58,91%,https://www.ratemyprofessors.com/professor/2572033,Communication,"AMAZING LECTURES, CLEAR GRADING CRITERIA, GROUP PROJECTS, CARING, RESPECTED, TEST HEAVY, PARTICIPATION MATTERS, AMAZING LECTURES, GRADED BY FEW THINGS, TOUGH GRADER, LECTURE HEAVY, GRADED BY FEW THINGS, PARTICIPATION MATTERS, EXTRA CREDIT, ACCESSIBLE OUTSIDE CLASS, AMAZING LECTURES, RESPECTED"
"MOSER, CLAUDIA ",3.8,2.9,57,85%,https://www.ratemyprofessors.com/professor/2044300,Art,"AMAZING LECTURES, GET READY TO READ, SKIP CLASS? YOU WON'T PASS., CLEAR GRADING CRITERIA, PARTICIPATION MATTERS, PARTICIPATION MATTERS, LOTS OF HOMEWORK, GRADED BY FEW THINGS, RESPECTED, PARTICIPATION MATTERS, AMAZING LECTURES, ONLINE SAVVY, TOUGH GRADER, GET READY TO READ, PARTICIPATION MATTERS, TOUGH GRADER, GET READY TO READ, PARTICIPATION MATTERS"
"KULPER, DOUGLAS",3.7,3.2,55,58%,https://www.ratemyprofessors.com/professor/762307,Accounting,"SKIP CLASS? YOU WON'T PASS., GET READY TO READ, TOUGH GRADER, PARTICIPATION MATTERS, BEWARE OF POP QUIZZES, GET READY TO READ, AMAZING LECTURES, INSPIRATIONAL, HILARIOUS, TOUGH GRADER, PARTICIPATION MATTERS, TEST HEAVY, GET READY TO READ, EXTRA CREDIT, AMAZING LECTURES, GET READY TO READ, SKIP CLASS? YOU WON'T PASS."
"HENDERSON, JARETT",3.7,3.2,44,68%,https://www.ratemyprofessors.com/professor/2437536,History,"GET READY TO READ, PARTICIPATION MATTERS, LOTS OF HOMEWORK, CLEAR GRADING CRITERIA, AMAZING LECTURES, PARTICIPATION MATTERS, HILARIOUS, CARING, GET READY TO READ, PARTICIPATION MATTERS, LOTS OF HOMEWORK, GROUP PROJECTS, LOTS OF HOMEWORK, LECTURE HEAVY, GET READY TO READ, AMAZING LECTURES, ACCESSIBLE OUTSIDE CLASS, GET READY TO READ, PARTICIPATION MATTERS, AMAZING LECTURES"
"CLEGG, DENNIS",3.8,3.6,41,69%,https://www.ratemyprofessors.com/professor/178193,Biology,"HILARIOUS, TOUGH GRADER, LECTURE HEAVY, TEST HEAVY, TESTS ARE TOUGH, HILARIOUS, TEST HEAVY, GRADED BY FEW THINGS, TOUGH GRADER, HILARIOUS"
"BRAUNSTEIN, EVA",4.4,3.5,26,88%,https://www.ratemyprofessors.com/professor/2196497,Writing,"GIVES GOOD FEEDBACK, CARING, ACCESSIBLE OUTSIDE CLASS, GET READY TO READ, LOTS OF HOMEWORK, GIVES GOOD FEEDBACK, CARING, RESPECTED, GET READY TO READ, GIVES GOOD FEEDBACK, LOTS OF HOMEWORK, GET READY TO READ, GIVES GOOD FEEDBACK, GET READY TO READ, AMAZING LECTURES, CARING"
"LANG, BREE",4.8,3.5,22,95%,https://www.ratemyprofessors.com/professor/3082037,Economics,"AMAZING LECTURES, TEST HEAVY, ACCESSIBLE OUTSIDE CLASS, INSPIRATIONAL, CLEAR GRADING CRITERIA, CLEAR GRADING CRITERIA, TEST HEAVY, ACCESSIBLE OUTSIDE CLASS, INSPIRATIONAL, CARING, ACCESSIBLE OUTSIDE CLASS"
"CARATELLI, DAVID",4.8,3.4,18,94%,https://www.ratemyprofessors.com/professor/2854621,Physics,"AMAZING LECTURES, CLEAR GRADING CRITERIA, RESPECTED, LECTURE HEAVY, GIVES GOOD FEEDBACK, PARTICIPATION MATTERS, LOTS OF HOMEWORK, LECTURE HEAVY, AMAZING LECTURES, CLEAR GRADING CRITERIA, RESPECTED, LECTURE HEAVY, AMAZING LECTURES, CLEAR GRADING CRITERIA, GIVES GOOD FEEDBACK"
"FRECH, TED",3.0,3.5,17,37%,https://www.ratemyprofessors.com/professor/1181888,Economics,"GET READY TO READ, TEST HEAVY, GRADED BY FEW THINGS, TOUGH GRADER, PARTICIPATION MATTERS, GRADED BY FEW THINGS, GET READY TO READ, PARTICIPATION MATTERS, INSPIRATIONAL, TOUGH GRADER, GET READY TO READ, RESPECTED, GET READY TO READ, TEST HEAVY"
"LAWSON, DAVID",4.1,3.0,14,78%,https://www.ratemyprofessors.com/professor/2354407,Anthropology,"AMAZING LECTURES, HILARIOUS, GROUP PROJECTS, TOUGH GRADER, GET READY TO READ, AMAZING LECTURES, HILARIOUS, GET READY TO READ, AMAZING LECTURES, HILARIOUS, GET READY TO READ, AMAZING LECTURES, CLEAR GRADING CRITERIA, GROUP PROJECTS, AMAZING LECTURES, LECTURE HEAVY, TOUGH GRADER"
"WILSON, MAX",1.7,3.4,14,7%,https://www.ratemyprofessors.com/professor/3060533,Biology,"LECTURE HEAVY, GRADED BY FEW THINGS, TOUGH GRADER, LOTS OF HOMEWORK, TEST HEAVY, LECTURE HEAVY, LECTURE HEAVY, LECTURE HEAVY, LOTS OF HOMEWORK, LECTURE HEAVY, GRADED BY FEW THINGS, ONLINE SAVVY"
"NAKAMURA, JESSICA",4.6,2.0,12,91%,https://www.ratemyprofessors.com/professor/2640898,Theater,"CARING, GET READY TO READ, CLEAR GRADING CRITERIA, ACCESSIBLE OUTSIDE CLASS, RESPECTED, GIVES GOOD FEEDBACK, CARING, GET READY TO READ, CARING, ACCESSIBLE OUTSIDE CLASS"
"BREECE, MATTHEW",4.6,1.4,7,100%,https://www.ratemyprofessors.com/professor/3043763,Writing,"CLEAR GRADING CRITERIA, ACCESSIBLE OUTSIDE CLASS, GIVES GOOD FEEDBACK, CARING, LOTS OF HOMEWORK, LOTS OF HOMEWORK, SO MANY PAPERS, ACCESSIBLE OUTSIDE CLASS, CLEAR GRADING CRITERIA, GIVES GOOD FEEDBACK, ACCESSIBLE OUTSIDE CLASS, CLEAR GRADING CRITERIA, GIVES GOOD FEEDBACK, ACCESSIBLE OUTSIDE CLASS, CLEAR GRADING CRITERIA, CARING, ACCESSIBLE OUTSIDE CLASS, CLEAR GRADING CRITERIA, GIVES GOOD FEEDBACK, CARING"
"HALMRAST, DANIEL",4.8,2.8,6,100%,https://www.ratemyprofessors.com/professor/2613411,Mathematics,"AMAZING LECTURES, EXTRA CREDIT, CLEAR GRADING CRITERIA, GIVES GOOD FEEDBACK, CARING, AMAZING LECTURES, EXTRA CREDIT, AMAZING LECTURES, GIVES GOOD FEEDBACK, EXTRA CREDIT, AMAZING LECTURES, RESPECTED, AMAZING LECTURES, CLEAR GRADING CRITERIA"
"GROVER, SUSAN",4.8,3.0,5,100%,https://www.ratemyprofessors.com/professor/2476982,Accounting,"EXTRA CREDIT, GROUP PROJECTS, AMAZING LECTURES, CLEAR GRADING CRITERIA, INSPIRATIONAL, EXTRA CREDIT, GROUP PROJECTS, EXTRA CREDIT, AMAZING LECTURES, CLEAR GRADING CRITERIA, EXTRA CREDIT, GROUP PROJECTS, AMAZING LECTURES, EXTRA CREDIT, GROUP PROJECTS, CARING, INSPIRATIONAL, CLEAR GRADING CRITERIA, LECTURE HEAVY"
"AKUDINOBI, JUDE",3.4,2.3,89,59%,https://www.ratemyprofessors.com/professor/403880,Ethnic Studies,"GET READY TO READ, PARTICIPATION MATTERS, HILARIOUS, RESPECTED, CARING, HILARIOUS, SO MANY PAPERS, GRADED BY FEW THINGS, GIVES GOOD FEEDBACK, CARING, GET READY TO READ, CLEAR GRADING CRITERIA, INSPIRATIONAL, GET READY TO READ, INSPIRATIONAL, CARING"
"WANG, RICHERT",4.5,3.3,64,85%,https://www.ratemyprofessors.com/professor/2342194,Computer Science,"AMAZING LECTURES, CARING, CLEAR GRADING CRITERIA, GIVES GOOD FEEDBACK, RESPECTED, TOUGH GRADER, LOTS OF HOMEWORK, TEST HEAVY, AMAZING LECTURES, LOTS OF HOMEWORK, RESPECTED, CLEAR GRADING CRITERIA, GIVES GOOD FEEDBACK, INSPIRATIONAL, AMAZING LECTURES, HILARIOUS, CARING"
"BATISTE, STEPHANIE",2.7,3.8,55,30%,https://www.ratemyprofessors.com/professor/1113147,English,"GET READY TO READ, TOUGH GRADER, BEWARE OF POP QUIZZES, SKIP CLASS? YOU WON'T PASS., LECTURE HEAVY, TOUGH GRADER, GET READY TO READ, LOTS OF HOMEWORK, GET READY TO READ, GROUP PROJECTS, BEWARE OF POP QUIZZES, GET READY TO READ, LOTS OF HOMEWORK, SO MANY PAPERS, TOUGH GRADER, TEST HEAVY, GRADED BY FEW THINGS, GET READY TO READ, INSPIRATIONAL, LECTURE HEAVY"
"STEIGERWALD, DOUG",2.9,4.3,49,50%,https://www.ratemyprofessors.com/professor/59022,Economics,"TOUGH GRADER, PARTICIPATION MATTERS, LECTURE HEAVY, TEST HEAVY, ACCESSIBLE OUTSIDE CLASS, EXTRA CREDIT, CLEAR GRADING CRITERIA, TEST HEAVY, TOUGH GRADER, CARING, TEST HEAVY"
"COOK, ELIZABETH",4.2,3.0,38,100%,https://www.ratemyprofessors.com/professor/527831,English,"GET READY TO READ, GIVES GOOD FEEDBACK, TOUGH GRADER, AMAZING LECTURES, RESPECTED, TOUGH GRADER, PARTICIPATION MATTERS, AMAZING LECTURES, PARTICIPATION MATTERS, GIVES GOOD FEEDBACK, CARING, AMAZING LECTURES, GIVES GOOD FEEDBACK, INSPIRATIONAL, GIVES GOOD FEEDBACK, RESPECTED, ACCESSIBLE OUTSIDE CLASS, GIVES GOOD FEEDBACK, ACCESSIBLE OUTSIDE CLASS, GET READY TO READ"
"BADAMO, HEATHER",2.3,3.5,36,45%,https://www.ratemyprofessors.com/professor/2107236,Art,"LECTURE HEAVY, SKIP CLASS? YOU WON'T PASS., LOTS OF HOMEWORK, GET READY TO READ, AMAZING LECTURES, LECTURE HEAVY, TEST HEAVY, GRADED BY FEW THINGS, TOUGH GRADER, LECTURE HEAVY, GRADED BY FEW THINGS, CLEAR GRADING CRITERIA, ACCESSIBLE OUTSIDE CLASS, AMAZING LECTURES, CLEAR GRADING CRITERIA, LECTURE HEAVY, GROUP PROJECTS, AMAZING LECTURES, ACCESSIBLE OUTSIDE CLASS"
"SAMUELS, ROBERT",3.3,2.7,27,53%,https://www.ratemyprofessors.com/professor/1933039,Writing,"PARTICIPATION MATTERS, CLEAR GRADING CRITERIA, GIVES GOOD FEEDBACK, HILARIOUS, TOUGH GRADER, GRADED BY FEW THINGS, TOUGH GRADER, PARTICIPATION MATTERS, CLEAR GRADING CRITERIA, PARTICIPATION MATTERS, GIVES GOOD FEEDBACK, HILARIOUS"
"LANDRY, THERESE",3.1,2.5,23,47%,https://www.ratemyprofessors.com/professor/2884358,Mathematics,"EXTRA CREDIT, TOUGH GRADER, PARTICIPATION MATTERS, TEST HEAVY, LECTURE HEAVY, EXTRA CREDIT, EXTRA CREDIT, INSPIRATIONAL, CARING, EXTRA CREDIT"
"STONE, DAVID",4.3,2.8,21,75%,https://www.ratemyprofessors.com/professor/1676569,Environmental Science & Mgmt.,"CARING, HILARIOUS, GRADED BY FEW THINGS, GIVES GOOD FEEDBACK, INSPIRATIONAL, TOUGH GRADER, CARING, ACCESSIBLE OUTSIDE CLASS, TOUGH GRADER, GRADED BY FEW THINGS, CARING, GRADED BY FEW THINGS, ACCESSIBLE OUTSIDE CLASS, GIVES GOOD FEEDBACK, INSPIRATIONAL, SO MANY PAPERS"
"GILBERT , PETER ",3.6,3.1,21,71%,https://www.ratemyprofessors.com/professor/3065444,Writing,"GET READY TO READ, GIVES GOOD FEEDBACK, PARTICIPATION MATTERS, TOUGH GRADER, CLEAR GRADING CRITERIA, GET READY TO READ, PARTICIPATION MATTERS, GROUP PROJECTS, GET READY TO READ, GIVES GOOD FEEDBACK, GRADED BY FEW THINGS, GET READY TO READ, CLEAR GRADING CRITERIA, GET READY TO READ, PARTICIPATION MATTERS, GIVES GOOD FEEDBACK, GET READY TO READ, PARTICIPATION MATTERS, GIVES GOOD FEEDBACK"
"PULVER, SIMONE",4.1,2.7,20,92%,https://www.ratemyprofessors.com/professor/1702992,Environmental Science & Mgmt.,"GIVES GOOD FEEDBACK, RESPECTED, GET READY TO READ, PARTICIPATION MATTERS, SKIP CLASS? YOU WON'T PASS., AMAZING LECTURES, GIVES GOOD FEEDBACK, INSPIRATIONAL, PARTICIPATION MATTERS, GROUP PROJECTS, LECTURE HEAVY"
"WALKER, IAN",3.5,3.2,14,57%,https://www.ratemyprofessors.com/professor/2780248,Geography,"LECTURE HEAVY, PARTICIPATION MATTERS, INSPIRATIONAL, GET READY TO READ, AMAZING LECTURES, GET READY TO READ, INSPIRATIONAL, LECTURE HEAVY, PARTICIPATION MATTERS, INSPIRATIONAL, LECTURE HEAVY, PARTICIPATION MATTERS, CLEAR GRADING CRITERIA, HILARIOUS, TOUGH GRADER, LECTURE HEAVY, TEST HEAVY"
"MARDEN, JASON",4.6,3.8,10,90%,https://www.ratemyprofessors.com/professor/2550477,Electrical & Comp. Engineering,"AMAZING LECTURES, CLEAR GRADING CRITERIA, TOUGH GRADER, GET READY TO READ, EXTRA CREDIT, AMAZING LECTURES, CLEAR GRADING CRITERIA, TEST HEAVY, AMAZING LECTURES, TOUGH GRADER, AMAZING LECTURES, AMAZING LECTURES, CLEAR GRADING CRITERIA, GIVES GOOD FEEDBACK, RESPECTED"
"NELSON, TRISALYN",3.3,2.0,9,66%,https://www.ratemyprofessors.com/professor/2969596,Geography,"CLEAR GRADING CRITERIA, INSPIRATIONAL, HILARIOUS, BEWARE OF POP QUIZZES, RESPECTED, ONLINE SAVVY"
"MURRAY, DAWN",4.0,2.0,7,85%,https://www.ratemyprofessors.com/professor/2997282,Environmental Science & Mgmt.,"GROUP PROJECTS, CLEAR GRADING CRITERIA, INSPIRATIONAL, CARING, GRADED BY FEW THINGS, GRADED BY FEW THINGS, CLEAR GRADING CRITERIA, INSPIRATIONAL, SO MANY PAPERS, EXTRA CREDIT, CLEAR GRADING CRITERIA, CARING"
"SWEENEY, ED",3.0,3.0,1,100%,https://www.ratemyprofessors.com/professor/3049038,Environmental Science & Mgmt.,"GROUP PROJECTS, LOTS OF HOMEWORK, ONLINE SAVVY, GROUP PROJECTS, LOTS OF HOMEWORK, ONLINE SAVVY"
"ENGEL, ERIC",4.9,1.4,25,100%,https://www.ratemyprofessors.com/professor/1434414,Chemistry,"CARING, GIVES GOOD FEEDBACK, RESPECTED, AMAZING LECTURES, HILARIOUS, GIVES GOOD FEEDBACK, HILARIOUS, CARING, INSPIRATIONAL, CARING, RESPECTED, AMAZING LECTURES, GIVES GOOD FEEDBACK, CARING, GIVES GOOD FEEDBACK, HILARIOUS"
"KATSIKA, ARGYRO",4.3,3.4,7,71%,https://www.ratemyprofessors.com/professor/2229288,Linguistics,"LECTURE HEAVY, ACCESSIBLE OUTSIDE CLASS, TOUGH GRADER, GIVES GOOD FEEDBACK, CARING, HILARIOUS, CARING, ACCESSIBLE OUTSIDE CLASS, CARING, RESPECTED, LECTURE HEAVY, TOUGH GRADER, GIVES GOOD FEEDBACK, LECTURE HEAVY, TOUGH GRADER, GIVES GOOD FEEDBACK, ACCESSIBLE OUTSIDE CLASS, LECTURE HEAVY, ACCESSIBLE OUTSIDE CLASS"
"GANGI, CYNTHIA",4.9,2.2,6,100%,https://www.ratemyprofessors.com/professor/1300671,Psychology,"AMAZING LECTURES, HILARIOUS, GRADED BY FEW THINGS, AMAZING LECTURES, HILARIOUS, GRADED BY FEW THINGS"
"LATTO, JOHN",4.8,2.0,119,98%,https://www.ratemyprofessors.com/professor/1254807,Biology,"AMAZING LECTURES, HILARIOUS, CLEAR GRADING CRITERIA, CARING, RESPECTED, RESPECTED, LECTURE HEAVY, AMAZING LECTURES, CLEAR GRADING CRITERIA, HILARIOUS, CARING, ACCESSIBLE OUTSIDE CLASS"
"GARRATT, ROD",4.3,2.9,57,88%,https://www.ratemyprofessors.com/professor/453417,Economics,"AMAZING LECTURES, TEST HEAVY, CLEAR GRADING CRITERIA, GET READY TO READ, RESPECTED, GET READY TO READ, AMAZING LECTURES, CARING, LECTURE HEAVY, GRADED BY FEW THINGS, GET READY TO READ, AMAZING LECTURES, GRADED BY FEW THINGS"
"ZULUETA, BENJAMIN",3.2,3.3,39,50%,https://www.ratemyprofessors.com/professor/1553777,Asian American Studies,"GET READY TO READ, CARING, PARTICIPATION MATTERS, TOUGH GRADER, GRADED BY FEW THINGS, GIVES GOOD FEEDBACK, CARING, ACCESSIBLE OUTSIDE CLASS, PARTICIPATION MATTERS, GIVES GOOD FEEDBACK, ACCESSIBLE OUTSIDE CLASS, PARTICIPATION MATTERS, GIVES GOOD FEEDBACK, ACCESSIBLE OUTSIDE CLASS, GET READY TO READ, PARTICIPATION MATTERS, ACCESSIBLE OUTSIDE CLASS, TOUGH GRADER, PARTICIPATION MATTERS, GRADED BY FEW THINGS"
"EL ABBADI, AMR",4.3,3.1,36,88%,https://www.ratemyprofessors.com/professor/60790,Computer Science,"RESPECTED, AMAZING LECTURES, GROUP PROJECTS, INSPIRATIONAL, TOUGH GRADER, TOUGH GRADER, AMAZING LECTURES, CARING, AMAZING LECTURES, GIVES GOOD FEEDBACK, RESPECTED, GROUP PROJECTS, AMAZING LECTURES, CLEAR GRADING CRITERIA, GROUP PROJECTS, AMAZING LECTURES, GIVES GOOD FEEDBACK"
"ZYLSTRA, STEPHEN",4.0,2.8,32,74%,https://www.ratemyprofessors.com/professor/2081574,Philosophy,"GET READY TO READ, PARTICIPATION MATTERS, CLEAR GRADING CRITERIA, CARING, AMAZING LECTURES, LECTURE HEAVY, ACCESSIBLE OUTSIDE CLASS, TOUGH GRADER, GET READY TO READ, GRADED BY FEW THINGS, GET READY TO READ, LECTURE HEAVY, TEST HEAVY, TOUGH GRADER, GRADED BY FEW THINGS, PARTICIPATION MATTERS, CARING, RESPECTED"
"SABRA, ADAM",3.3,3.2,13,46%,https://www.ratemyprofessors.com/professor/2111393,History,"LECTURE HEAVY, GRADED BY FEW THINGS, GET READY TO READ, TOUGH GRADER, PARTICIPATION MATTERS, TOUGH GRADER, PARTICIPATION MATTERS, PARTICIPATION MATTERS, GRADED BY FEW THINGS, GET READY TO READ, LECTURE HEAVY, GET READY TO READ, LECTURE HEAVY, GRADED BY FEW THINGS, TOUGH GRADER, LECTURE HEAVY, GRADED BY FEW THINGS"
"LAPATE, REGINA",4.5,2.3,6,83%,https://www.ratemyprofessors.com/professor/2680756,Psychology,"EXTRA CREDIT, GET READY TO READ, CLEAR GRADING CRITERIA, ONLINE SAVVY, AMAZING LECTURES, AMAZING LECTURES, CLEAR GRADING CRITERIA, ONLINE SAVVY, EXTRA CREDIT, TEST HEAVY, EXTRA CREDIT, CLEAR GRADING CRITERIA, LOTS OF HOMEWORK, GET READY TO READ, EXTRA CREDIT, ONLINE SAVVY"
"TRIPSAS, MARY",4.0,2.0,1,100%,https://www.ratemyprofessors.com/professor/3151174,Business,"GET READY TO READ, PARTICIPATION MATTERS, INSPIRATIONAL, GET READY TO READ, PARTICIPATION MATTERS, INSPIRATIONAL"
"LABATUT, MARION",5.0,2.6,29,100%,https://www.ratemyprofessors.com/professor/2056446,French,"GIVES GOOD FEEDBACK, PARTICIPATION MATTERS, CARING, HILARIOUS, EXTRA CREDIT, PARTICIPATION MATTERS, CARING, ACCESSIBLE OUTSIDE CLASS, PARTICIPATION MATTERS, EXTRA CREDIT, HILARIOUS, EXTRA CREDIT, HILARIOUS, RESPECTED, AMAZING LECTURES, LOTS OF HOMEWORK, CARING, HILARIOUS, CARING, RESPECTED"
"SHEWRY, TERESA",4.7,2.2,29,95%,https://www.ratemyprofessors.com/professor/1258699,English,"CLEAR GRADING CRITERIA, CARING, GET READY TO READ, AMAZING LECTURES, GIVES GOOD FEEDBACK, GET READY TO READ, CLEAR GRADING CRITERIA, TEST HEAVY, GET READY TO READ, PARTICIPATION MATTERS, GIVES GOOD FEEDBACK, AMAZING LECTURES, INSPIRATIONAL, GRADED BY FEW THINGS, AMAZING LECTURES, CLEAR GRADING CRITERIA, GIVES GOOD FEEDBACK, GET READY TO READ, GIVES GOOD FEEDBACK, ACCESSIBLE OUTSIDE CLASS"
"MALIA HOM, STEPHANIE",4.7,1.7,22,95%,https://www.ratemyprofessors.com/professor/2657500,French & Italian,"AMAZING LECTURES, CLEAR GRADING CRITERIA, GIVES GOOD FEEDBACK, CARING, LECTURE HEAVY, CLEAR GRADING CRITERIA, GIVES GOOD FEEDBACK, LECTURE HEAVY, TOUGH GRADER, AMAZING LECTURES, BEWARE OF POP QUIZZES, PARTICIPATION MATTERS, AMAZING LECTURES, AMAZING LECTURES, CLEAR GRADING CRITERIA, INSPIRATIONAL, AMAZING LECTURES, CLEAR GRADING CRITERIA"
"HELLIER-TINOCO, RUTH",3.1,1.5,20,54%,https://www.ratemyprofessors.com/professor/1266148,Music,"PARTICIPATION MATTERS, EXTRA CREDIT, CLEAR GRADING CRITERIA, CARING, GROUP PROJECTS, EXTRA CREDIT, AMAZING LECTURES, CLEAR GRADING CRITERIA, EXTRA CREDIT, PARTICIPATION MATTERS, LECTURE HEAVY, EXTRA CREDIT, INSPIRATIONAL, BEWARE OF POP QUIZZES"
"PARK, LISA",4.4,2.3,14,71%,https://www.ratemyprofessors.com/professor/2174197,Asian American Studies,"GET READY TO READ, EXTRA CREDIT, AMAZING LECTURES, CARING, CLEAR GRADING CRITERIA, CLEAR GRADING CRITERIA, CARING, RESPECTED, GET READY TO READ, BEWARE OF POP QUIZZES, CARING, GET READY TO READ, AMAZING LECTURES, LECTURE HEAVY, GET READY TO READ, CARING, GET READY TO READ, AMAZING LECTURES"
"CHAJDAS, TYMOTEUSZ",4.0,2.6,14,78%,https://www.ratemyprofessors.com/professor/2534352,Writing,"GIVES GOOD FEEDBACK, PARTICIPATION MATTERS, CLEAR GRADING CRITERIA, TOUGH GRADER, GROUP PROJECTS, CLEAR GRADING CRITERIA, GIVES GOOD FEEDBACK, PARTICIPATION MATTERS, GIVES GOOD FEEDBACK, PARTICIPATION MATTERS, GROUP PROJECTS, CLEAR GRADING CRITERIA"
"WELD, DAVID",4.2,3.3,12,85%,https://www.ratemyprofessors.com/professor/1786846,Physics,"GET READY TO READ, LOTS OF HOMEWORK, ACCESSIBLE OUTSIDE CLASS, AMAZING LECTURES, GIVES GOOD FEEDBACK, GET READY TO READ, LECTURE HEAVY, TEST HEAVY, AMAZING LECTURES, GRADED BY FEW THINGS, ACCESSIBLE OUTSIDE CLASS, GET READY TO READ, LOTS OF HOMEWORK"
"TSAI, DANNY",3.1,2.6,10,50%,https://www.ratemyprofessors.com/professor/2533240,Linguistics,"LOTS OF HOMEWORK, TOUGH GRADER, PARTICIPATION MATTERS, RESPECTED, GET READY TO READ, TOUGH GRADER, GET READY TO READ, LOTS OF HOMEWORK, PARTICIPATION MATTERS, LOTS OF HOMEWORK, TOUGH GRADER, LOTS OF HOMEWORK"
"BATZ, GIOVANNI",5.0,1.5,4,100%,https://www.ratemyprofessors.com/professor/2917206,Chicano Studies,"GIVES GOOD FEEDBACK, GET READY TO READ, EXTRA CREDIT, GROUP PROJECTS, CLEAR GRADING CRITERIA, GIVES GOOD FEEDBACK, LOTS OF HOMEWORK, HILARIOUS, GET READY TO READ, GROUP PROJECTS, GIVES GOOD FEEDBACK, EXTRA CREDIT, CLEAR GRADING CRITERIA, CARING"
"NORRIS, ANDREW",3.3,4.2,77,58%,https://www.ratemyprofessors.com/professor/1112011,Political Science,"GET READY TO READ, TOUGH GRADER, SKIP CLASS? YOU WON'T PASS., LECTURE HEAVY, AMAZING LECTURES, TOUGH GRADER, GET READY TO READ, LOTS OF HOMEWORK, TOUGH GRADER, GET READY TO READ, PARTICIPATION MATTERS, TOUGH GRADER, GET READY TO READ, LECTURE HEAVY, TOUGH GRADER, GET READY TO READ, AMAZING LECTURES"
"ISUKAPALLI, YOGANANDA",4.8,3.5,46,95%,https://www.ratemyprofessors.com/professor/2245857,Electrical  Comp. Engineering,"ACCESSIBLE OUTSIDE CLASS, GROUP PROJECTS, RESPECTED, PARTICIPATION MATTERS, GIVES GOOD FEEDBACK, PARTICIPATION MATTERS, AMAZING LECTURES, ACCESSIBLE OUTSIDE CLASS, PARTICIPATION MATTERS, CLEAR GRADING CRITERIA, ACCESSIBLE OUTSIDE CLASS"
"YOUNG, ANDREA",2.7,4.5,38,50%,https://www.ratemyprofessors.com/professor/2465042,Physics,"TEST HEAVY, TOUGH GRADER, LECTURE HEAVY, SKIP CLASS? YOU WON'T PASS., AMAZING LECTURES, TOUGH GRADER, LOTS OF HOMEWORK, TEST HEAVY, AMAZING LECTURES, HILARIOUS, TEST HEAVY, LOTS OF HOMEWORK, HILARIOUS, TEST HEAVY, TOUGH GRADER, TEST HEAVY"
"RICE, RONALD",4.5,3.0,31,87%,https://www.ratemyprofessors.com/professor/536944,Communication,"CLEAR GRADING CRITERIA, HILARIOUS, GET READY TO READ, AMAZING LECTURES, LECTURE HEAVY, INSPIRATIONAL, RESPECTED, LECTURE HEAVY, HILARIOUS, TEST HEAVY, ACCESSIBLE OUTSIDE CLASS, LECTURE HEAVY, GRADED BY FEW THINGS, ACCESSIBLE OUTSIDE CLASS, GET READY TO READ, AMAZING LECTURES, INSPIRATIONAL, CLEAR GRADING CRITERIA, HILARIOUS"
"BLURTON, HEATHER",3.6,2.7,18,66%,https://www.ratemyprofessors.com/professor/1537582,English,"GET READY TO READ, AMAZING LECTURES, GRADED BY FEW THINGS, TOUGH GRADER, CLEAR GRADING CRITERIA, GET READY TO READ, AMAZING LECTURES, ACCESSIBLE OUTSIDE CLASS, LECTURE HEAVY, ACCESSIBLE OUTSIDE CLASS, AMAZING LECTURES, LOTS OF HOMEWORK, GRADED BY FEW THINGS, GET READY TO READ, GRADED BY FEW THINGS, PARTICIPATION MATTERS, LECTURE HEAVY"
"MIRELES-RIOS, REBECA",4.1,1.9,14,72%,https://www.ratemyprofessors.com/professor/1982597,Education,"CARING, RESPECTED, INSPIRATIONAL, GET READY TO READ, PARTICIPATION MATTERS, GET READY TO READ, CLEAR GRADING CRITERIA, LECTURE HEAVY, PARTICIPATION MATTERS, CARING, PARTICIPATION MATTERS, CARING, RESPECTED, CARING, GRADED BY FEW THINGS, INSPIRATIONAL, CARING, RESPECTED"
"METIU, HORIA",2.8,3.6,11,50%,https://www.ratemyprofessors.com/professor/1295223,Chemistry,"TOUGH GRADER, GRADED BY FEW THINGS, ACCESSIBLE OUTSIDE CLASS, GET READY TO READ, INSPIRATIONAL, TOUGH GRADER, GRADED BY FEW THINGS, TOUGH GRADER, LOTS OF HOMEWORK, LECTURE HEAVY, ACCESSIBLE OUTSIDE CLASS"
"RICHARDSON, MATT",2.7,3.0,6,33%,https://www.ratemyprofessors.com/professor/2672093,Feminist Studies,"GRADED BY FEW THINGS, GET READY TO READ, TOUGH GRADER, CLEAR GRADING CRITERIA, LOTS OF HOMEWORK, GRADED BY FEW THINGS, GET READY TO READ, GRADED BY FEW THINGS, GET READY TO READ, GRADED BY FEW THINGS"
"YAN, ZETIAN",3.0,2.2,33,54%,https://www.ratemyprofessors.com/professor/2934628,Mathematics,"CLEAR GRADING CRITERIA, CARING, HILARIOUS, ACCESSIBLE OUTSIDE CLASS, EXTRA CREDIT, HILARIOUS, ACCESSIBLE OUTSIDE CLASS, AMAZING LECTURES, CLEAR GRADING CRITERIA, RESPECTED, CARING, LOTS OF HOMEWORK, CARING"
"MARKS, TREVOR",4.1,3.9,31,83%,https://www.ratemyprofessors.com/professor/1471537,Mechanical Engineering,"AMAZING LECTURES, LOTS OF HOMEWORK, ACCESSIBLE OUTSIDE CLASS, TOUGH GRADER, PARTICIPATION MATTERS, AMAZING LECTURES, HILARIOUS, ONLINE SAVVY, ACCESSIBLE OUTSIDE CLASS, ONLINE SAVVY, AMAZING LECTURES, INSPIRATIONAL, ACCESSIBLE OUTSIDE CLASS, TOUGH GRADER, AMAZING LECTURES, LOTS OF HOMEWORK"
"VAGT, CHRISTINA",4.3,2.3,23,86%,https://www.ratemyprofessors.com/professor/2359376,Germanic amp Russian Studies,"GET READY TO READ, LECTURE HEAVY, CLEAR GRADING CRITERIA, CARING, GIVES GOOD FEEDBACK, GET READY TO READ, CARING, GRADED BY FEW THINGS, GET READY TO READ, GET READY TO READ, LOTS OF HOMEWORK, LECTURE HEAVY, CARING, LECTURE HEAVY, ACCESSIBLE OUTSIDE CLASS, GET READY TO READ, CLEAR GRADING CRITERIA"
"WALTHER, JOE",4.0,3.5,19,68%,https://www.ratemyprofessors.com/professor/2592653,Communication,"GET READY TO READ, EXTRA CREDIT, CARING, TOUGH GRADER, RESPECTED, TOUGH GRADER, GROUP PROJECTS, EXTRA CREDIT, CARING, TEST HEAVY, CLEAR GRADING CRITERIA, CARING"
"WEBBER, MARTHA",4.6,2.3,14,100%,https://www.ratemyprofessors.com/professor/2597953,Writing,"CARING, ACCESSIBLE OUTSIDE CLASS, GIVES GOOD FEEDBACK, INSPIRATIONAL, RESPECTED, PARTICIPATION MATTERS, EXTRA CREDIT, CARING, SO MANY PAPERS, LECTURE HEAVY, INSPIRATIONAL, CARING, RESPECTED, CLEAR GRADING CRITERIA, ACCESSIBLE OUTSIDE CLASS, ONLINE SAVVY"
"PANDEY, KANU",4.7,2.7,9,88%,https://www.ratemyprofessors.com/professor/3012426,Communication,"CARING, GROUP PROJECTS, CLEAR GRADING CRITERIA, LOTS OF HOMEWORK, HILARIOUS, GIVES GOOD FEEDBACK, CARING, ACCESSIBLE OUTSIDE CLASS, GROUP PROJECTS, AMAZING LECTURES, LOTS OF HOMEWORK, CARING, GROUP PROJECTS, HILARIOUS, ACCESSIBLE OUTSIDE CLASS"
"FERREIRA, ALINE",3.1,2.1,7,42%,https://www.ratemyprofessors.com/professor/2353893,Spanish,"PARTICIPATION MATTERS, TOUGH GRADER, CLEAR GRADING CRITERIA, LECTURE HEAVY, GET READY TO READ, TOUGH GRADER, PARTICIPATION MATTERS, BEWARE OF POP QUIZZES, GET READY TO READ, LECTURE HEAVY, PARTICIPATION MATTERS, LECTURE HEAVY, GRADED BY FEW THINGS, RESPECTED, PARTICIPATION MATTERS"
"RAMIREZ-LOPEZ , JORGE",2.0,3.0,1,,https://www.ratemyprofessors.com/professor/3146334,Global Studies,"GET READY TO READ, PARTICIPATION MATTERS, GROUP PROJECTS, GET READY TO READ, PARTICIPATION MATTERS, GROUP PROJECTS"
"ROBINSON, WILLIAM",3.5,3.2,137,54%,https://www.ratemyprofessors.com/professor/232431,Sociology,"GET READY TO READ, AMAZING LECTURES, LOTS OF HOMEWORK, SKIP CLASS? YOU WON'T PASS., LECTURE HEAVY, GET READY TO READ, PARTICIPATION MATTERS, GRADED BY FEW THINGS, PARTICIPATION MATTERS, LECTURE HEAVY, GET READY TO READ, CARING, GET READY TO READ, PARTICIPATION MATTERS, AMAZING LECTURES"
"CARTER, ANDREW",3.0,3.0,69,50%,https://www.ratemyprofessors.com/professor/118254,Statistics,"LOTS OF HOMEWORK, TOUGH GRADER, AMAZING LECTURES, CLEAR GRADING CRITERIA, TEST HEAVY, TOUGH GRADER, LOTS OF HOMEWORK, LECTURE HEAVY, GROUP PROJECTS, AMAZING LECTURES, LOTS OF HOMEWORK, TOUGH GRADER, LOTS OF HOMEWORK, TEST HEAVY, LOTS OF HOMEWORK, TEST HEAVY, LECTURE HEAVY, SKIP CLASS? YOU WON'T PASS., AMAZING LECTURES, TOUGH GRADER"
"WILTON, MIKE",5.0,3.3,62,100%,https://www.ratemyprofessors.com/professor/2079560,Biology,"CARING, AMAZING LECTURES, RESPECTED, ACCESSIBLE OUTSIDE CLASS, INSPIRATIONAL, GIVES GOOD FEEDBACK, INSPIRATIONAL, AMAZING LECTURES, INSPIRATIONAL, CARING, AMAZING LECTURES, GIVES GOOD FEEDBACK, CARING, PARTICIPATION MATTERS, GROUP PROJECTS, INSPIRATIONAL"
"BARACALDO, LAURA",1.9,3.7,27,22%,https://www.ratemyprofessors.com/professor/2843432,Statistics,"GRADED BY FEW THINGS, TOUGH GRADER, TEST HEAVY, CLEAR GRADING CRITERIA, LECTURE HEAVY, GROUP PROJECTS, LOTS OF HOMEWORK, ONLINE SAVVY, LECTURE HEAVY, BEWARE OF POP QUIZZES, GRADED BY FEW THINGS"
"MCNAMARA, JAMES",4.8,3.1,26,96%,https://www.ratemyprofessors.com/professor/2468112,Film,"AMAZING LECTURES, INSPIRATIONAL, CARING, GIVES GOOD FEEDBACK, RESPECTED, AMAZING LECTURES, INSPIRATIONAL, RESPECTED, AMAZING LECTURES, HILARIOUS, CARING, TOUGH GRADER, AMAZING LECTURES, GRADED BY FEW THINGS, HILARIOUS, CARING, RESPECTED"
"LARUE, RENAN",3.8,3.3,24,62%,https://www.ratemyprofessors.com/professor/2206741,French,"GET READY TO READ, PARTICIPATION MATTERS, CARING, GIVES GOOD FEEDBACK, LECTURE HEAVY, GET READY TO READ, GIVES GOOD FEEDBACK, GET READY TO READ, AMAZING LECTURES, CARING, GET READY TO READ, EXTRA CREDIT, LECTURE HEAVY, GET READY TO READ, AMAZING LECTURES, BEWARE OF POP QUIZZES, GET READY TO READ, EXTRA CREDIT, GRADED BY FEW THINGS"
"PARKER, CHRISTOPHER",1.9,3.8,24,29%,https://www.ratemyprofessors.com/professor/2638009,Political Science,"PARTICIPATION MATTERS, GET READY TO READ, GRADED BY FEW THINGS, TOUGH GRADER, TEST HEAVY, TOUGH GRADER, TEST HEAVY, GRADED BY FEW THINGS, INSPIRATIONAL, CARING, TOUGH GRADER, GET READY TO READ, PARTICIPATION MATTERS, TOUGH GRADER, GET READY TO READ, PARTICIPATION MATTERS"
"LOHWASSER, KARIN",3.7,2.2,10,70%,https://www.ratemyprofessors.com/professor/2702869,Education,"GROUP PROJECTS, PARTICIPATION MATTERS, TOUGH GRADER, INSPIRATIONAL, LOTS OF HOMEWORK, TOUGH GRADER, GROUP PROJECTS, PARTICIPATION MATTERS, GROUP PROJECTS, LOTS OF HOMEWORK, CARING, GROUP PROJECTS"
"HAJJAR, LISA",4.5,2.3,71,89%,https://www.ratemyprofessors.com/professor/71184,Law,"AMAZING LECTURES, GET READY TO READ, INSPIRATIONAL, LECTURE HEAVY, CLEAR GRADING CRITERIA, GET READY TO READ, RESPECTED, LECTURE HEAVY, AMAZING LECTURES, INSPIRATIONAL, ACCESSIBLE OUTSIDE CLASS, INSPIRATIONAL, CARING, GRADED BY FEW THINGS, AMAZING LECTURES, LECTURE HEAVY, GRADED BY FEW THINGS, GET READY TO READ, AMAZING LECTURES, LECTURE HEAVY"
"HOLDEN, THOMAS",4.5,3.0,50,65%,https://www.ratemyprofessors.com/professor/571506,Philosophy,"HILARIOUS, AMAZING LECTURES, GRADED BY FEW THINGS, GET READY TO READ, TOUGH GRADER, LOTS OF HOMEWORK, TEST HEAVY, ONLINE SAVVY, GET READY TO READ, TEST HEAVY, AMAZING LECTURES, HILARIOUS, GRADED BY FEW THINGS, GET READY TO READ, LECTURE HEAVY, TEST HEAVY, GET READY TO READ, GRADED BY FEW THINGS"
"ARONOVA, ELENA",3.9,3.0,13,76%,https://www.ratemyprofessors.com/professor/2346411,History,"CLEAR GRADING CRITERIA, CARING, GET READY TO READ, ACCESSIBLE OUTSIDE CLASS, LOTS OF HOMEWORK, TOUGH GRADER, GET READY TO READ, TEST HEAVY, CARING, RESPECTED, ACCESSIBLE OUTSIDE CLASS, GROUP PROJECTS, CLEAR GRADING CRITERIA, CARING, LECTURE HEAVY"
"MUNDRA, ANIL",4.9,1.9,13,100%,https://www.ratemyprofessors.com/professor/3080622,Religious Studies,"AMAZING LECTURES, CARING, GET READY TO READ, CLEAR GRADING CRITERIA, GIVES GOOD FEEDBACK, CLEAR GRADING CRITERIA, TEST HEAVY, GET READY TO READ, AMAZING LECTURES, CARING, GET READY TO READ, AMAZING LECTURES, CARING, GET READY TO READ, AMAZING LECTURES, CLEAR GRADING CRITERIA, GIVES GOOD FEEDBACK"
"SU, PHUNG",3.5,3.4,8,62%,https://www.ratemyprofessors.com/professor/3080395,Sociology,"GET READY TO READ, PARTICIPATION MATTERS, GROUP PROJECTS, TOUGH GRADER, LECTURE HEAVY, GET READY TO READ, GROUP PROJECTS, ACCESSIBLE OUTSIDE CLASS, GET READY TO READ, LECTURE HEAVY, ACCESSIBLE OUTSIDE CLASS, GET READY TO READ, PARTICIPATION MATTERS, RESPECTED, GET READY TO READ, GROUP PROJECTS, GRADED BY FEW THINGS, PARTICIPATION MATTERS, AMAZING LECTURES, GIVES GOOD FEEDBACK"
"WASOW, ALTHEA ",1.0,4.7,6,,https://www.ratemyprofessors.com/professor/3081233,Film,"GET READY TO READ, LECTURE HEAVY, GRADED BY FEW THINGS, LOTS OF HOMEWORK, PARTICIPATION MATTERS, GET READY TO READ, LECTURE HEAVY, GRADED BY FEW THINGS, GET READY TO READ, LOTS OF HOMEWORK, GRADED BY FEW THINGS, PARTICIPATION MATTERS, LOTS OF HOMEWORK, SO MANY PAPERS, GET READY TO READ, LECTURE HEAVY"
"MEDINA, RICHARD",4.0,3.5,4,75%,https://www.ratemyprofessors.com/professor/3107056,Religious Studies,"GET READY TO READ, AMAZING LECTURES, LECTURE HEAVY, TOUGH GRADER, CLEAR GRADING CRITERIA, TOUGH GRADER, GET READY TO READ, LECTURE HEAVY, GET READY TO READ, HILARIOUS, LECTURE HEAVY, GET READY TO READ, AMAZING LECTURES, ACCESSIBLE OUTSIDE CLASS, GET READY TO READ, AMAZING LECTURES, CLEAR GRADING CRITERIA"
"BRUICE, PAULA",2.9,3.9,222,38%,https://www.ratemyprofessors.com/professor/124167,Science,"GET READY TO READ, TOUGH GRADER, TEST HEAVY, CLEAR GRADING CRITERIA, LOTS OF HOMEWORK, HILARIOUS, SO MANY PAPERS, CARING, LOTS OF HOMEWORK, TEST HEAVY, TOUGH GRADER, GET READY TO READ, TEST HEAVY, TOUGH GRADER, SKIP CLASS? YOU WON'T PASS."
"BOULEY, BRAD",4.8,2.6,63,95%,https://www.ratemyprofessors.com/professor/2499302,History,"AMAZING LECTURES, GET READY TO READ, HILARIOUS, CARING, CLEAR GRADING CRITERIA, GET READY TO READ, AMAZING LECTURES, CLEAR GRADING CRITERIA, AMAZING LECTURES, GIVES GOOD FEEDBACK, LECTURE HEAVY, AMAZING LECTURES, HILARIOUS, RESPECTED"
"ALBADA, NICOLE",4.8,2.9,56,94%,https://www.ratemyprofessors.com/professor/2443592,Psychology,"CLEAR GRADING CRITERIA, CARING, AMAZING LECTURES, ACCESSIBLE OUTSIDE CLASS, RESPECTED, CARING, TEST HEAVY, ACCESSIBLE OUTSIDE CLASS, CLEAR GRADING CRITERIA, GIVES GOOD FEEDBACK, CARING, AMAZING LECTURES, CLEAR GRADING CRITERIA, CARING, CLEAR GRADING CRITERIA, AMAZING LECTURES, CARING"
"HULME, JENNIFER",3.9,3.5,52,67%,https://www.ratemyprofessors.com/professor/2123040,Accounting,"TEST HEAVY, AMAZING LECTURES, EXTRA CREDIT, CLEAR GRADING CRITERIA, TOUGH GRADER, TOUGH GRADER, GRADED BY FEW THINGS, EXTRA CREDIT, AMAZING LECTURES, TEST HEAVY, TOUGH GRADER, LOTS OF HOMEWORK, TEST HEAVY"
"SINGH, SATYAJIT",4.1,3.1,31,77%,https://www.ratemyprofessors.com/professor/2574480,Political Science,"GET READY TO READ, LECTURE HEAVY, CLEAR GRADING CRITERIA, ACCESSIBLE OUTSIDE CLASS, GROUP PROJECTS, CLEAR GRADING CRITERIA, RESPECTED, GRADED BY FEW THINGS, CLEAR GRADING CRITERIA, GIVES GOOD FEEDBACK, RESPECTED, GET READY TO READ, LECTURE HEAVY, GRADED BY FEW THINGS, GET READY TO READ, INSPIRATIONAL, GRADED BY FEW THINGS, GET READY TO READ, EXTRA CREDIT, CLEAR GRADING CRITERIA"
"SMITH, WILLIAM",3.3,3.7,28,41%,https://www.ratemyprofessors.com/professor/499504,Biology,"TOUGH GRADER, GRADED BY FEW THINGS, HILARIOUS, LECTURE HEAVY, TEST HEAVY, GET READY TO READ, GIVES GOOD FEEDBACK, HILARIOUS, LECTURE HEAVY"
"RAYMOND, GEOFFREY",4.5,2.6,21,100%,https://www.ratemyprofessors.com/professor/871556,Sociology,"AMAZING LECTURES, CARING, RESPECTED, GET READY TO READ, INSPIRATIONAL, CARING, ACCESSIBLE OUTSIDE CLASS, GET READY TO READ, GRADED BY FEW THINGS, AMAZING LECTURES, CLEAR GRADING CRITERIA, LECTURE HEAVY, CLEAR GRADING CRITERIA, GRADED BY FEW THINGS, HILARIOUS"
"HABER, BARON",4.9,2.4,18,100%,https://www.ratemyprofessors.com/professor/1869058,English,"GIVES GOOD FEEDBACK, CARING, ACCESSIBLE OUTSIDE CLASS, PARTICIPATION MATTERS, CLEAR GRADING CRITERIA, CLEAR GRADING CRITERIA, GIVES GOOD FEEDBACK, ACCESSIBLE OUTSIDE CLASS, GIVES GOOD FEEDBACK, HILARIOUS, ACCESSIBLE OUTSIDE CLASS, GIVES GOOD FEEDBACK, CARING, ACCESSIBLE OUTSIDE CLASS, GIVES GOOD FEEDBACK, INSPIRATIONAL, CARING"
"MILLER, KARLY",2.0,3.6,7,14%,https://www.ratemyprofessors.com/professor/2803226,Geography,"TEST HEAVY, TOUGH GRADER, LECTURE HEAVY, GET READY TO READ, PARTICIPATION MATTERS, GROUP PROJECTS, LECTURE HEAVY, TEST HEAVY, PARTICIPATION MATTERS, CARING, TOUGH GRADER, TEST HEAVY, GRADED BY FEW THINGS"
"OONO, RYOKO",2.0,4.0,5,,https://www.ratemyprofessors.com/professor/1994343,Biology,"SKIP CLASS? YOU WON'T PASS., TOUGH GRADER, TEST HEAVY, PARTICIPATION MATTERS, LECTURE HEAVY, LECTURE HEAVY, SKIP CLASS? YOU WON'T PASS., TEST HEAVY, TOUGH GRADER, SKIP CLASS? YOU WON'T PASS., TEST HEAVY"
"FROEHLICH, HALLEY",4.0,3.0,5,60%,https://www.ratemyprofessors.com/professor/2610275,Biology,"GROUP PROJECTS, AMAZING LECTURES, TOUGH GRADER, PARTICIPATION MATTERS, CARING, GROUP PROJECTS, AMAZING LECTURES, ACCESSIBLE OUTSIDE CLASS, TOUGH GRADER, GROUP PROJECTS, TEST HEAVY, PARTICIPATION MATTERS, GROUP PROJECTS, AMAZING LECTURES, CARING, ONLINE SAVVY"
"WILLIAMS, DEBORAH",5.0,3.8,5,100%,https://www.ratemyprofessors.com/professor/2450102,Environmental Science amp Mgmt.,"RESPECTED, PARTICIPATION MATTERS, INSPIRATIONAL, GET READY TO READ, SKIP CLASS? YOU WON'T PASS., AMAZING LECTURES, INSPIRATIONAL, RESPECTED, GET READY TO READ, PARTICIPATION MATTERS, INSPIRATIONAL, GET READY TO READ, PARTICIPATION MATTERS, RESPECTED, CLEAR GRADING CRITERIA, INSPIRATIONAL, RESPECTED, RESPECTED, PARTICIPATION MATTERS, SKIP CLASS? YOU WON'T PASS."
"JAMIESON, AMY",3.3,2.1,90,61%,https://www.ratemyprofessors.com/professor/1272499,Exercise & Sport Studies,"LECTURE HEAVY, CLEAR GRADING CRITERIA, EXTRA CREDIT, SKIP CLASS? YOU WON'T PASS., LOTS OF HOMEWORK, GET READY TO READ, LOTS OF HOMEWORK, CLEAR GRADING CRITERIA, CARING, RESPECTED"
"DUFFY, ENDA",4.3,2.8,67,88%,https://www.ratemyprofessors.com/professor/218269,English,"GET READY TO READ, INSPIRATIONAL, CARING, PARTICIPATION MATTERS, AMAZING LECTURES, GET READY TO READ, EXTRA CREDIT, INSPIRATIONAL, AMAZING LECTURES, EXTRA CREDIT, AMAZING LECTURES, RESPECTED, INSPIRATIONAL, HILARIOUS, LECTURE HEAVY, GET READY TO READ, INSPIRATIONAL, HILARIOUS"
"KING, WILLIAM DAVIES",3.3,2.7,40,44%,https://www.ratemyprofessors.com/professor/157415,Theater,"GET READY TO READ, TOUGH GRADER, SKIP CLASS? YOU WON'T PASS., LECTURE HEAVY, GRADED BY FEW THINGS, GRADED BY FEW THINGS, HILARIOUS, CARING, RESPECTED, TOUGH GRADER, GET READY TO READ, AMAZING LECTURES, CLEAR GRADING CRITERIA, INSPIRATIONAL, CARING, CARING"
"MOEHLIS, JEFF",4.3,2.5,26,75%,https://www.ratemyprofessors.com/professor/413284,Engineering,"AMAZING LECTURES, HILARIOUS, CARING, RESPECTED, GIVES GOOD FEEDBACK, LOTS OF HOMEWORK, ACCESSIBLE OUTSIDE CLASS, AMAZING LECTURES, CLEAR GRADING CRITERIA, GIVES GOOD FEEDBACK, ONLINE SAVVY, AMAZING LECTURES, INSPIRATIONAL, RESPECTED, CARING, ACCESSIBLE OUTSIDE CLASS"
"PYE, LORI",4.0,1.7,12,100%,https://www.ratemyprofessors.com/professor/1702650,Environmental Science & Mgmt.,"INSPIRATIONAL, AMAZING LECTURES, GIVES GOOD FEEDBACK, CARING, GRADED BY FEW THINGS, PARTICIPATION MATTERS, INSPIRATIONAL, CARING, AMAZING LECTURES, GIVES GOOD FEEDBACK, INSPIRATIONAL, INSPIRATIONAL, GRADED BY FEW THINGS, GIVES GOOD FEEDBACK, INSPIRATIONAL, GRADED BY FEW THINGS, GROUP PROJECTS, AMAZING LECTURES, CARING"
"FISHER, RYAN",5.0,1.0,1,100%,https://www.ratemyprofessors.com/professor/3054092,Sociology,"PARTICIPATION MATTERS, AMAZING LECTURES, CLEAR GRADING CRITERIA, PARTICIPATION MATTERS, AMAZING LECTURES, CLEAR GRADING CRITERIA"
"MCNELLIS, ASTRID",5.0,2.0,1,100%,https://www.ratemyprofessors.com/professor/3147039,Engineering,"PARTICIPATION MATTERS, GROUP PROJECTS, ACCESSIBLE OUTSIDE CLASS, PARTICIPATION MATTERS, GROUP PROJECTS, ACCESSIBLE OUTSIDE CLASS"
"NINH, ERIN",3.6,3.4,54,55%,https://www.ratemyprofessors.com/professor/906981,Ethnic Studies,"GET READY TO READ, TOUGH GRADER, AMAZING LECTURES, GIVES GOOD FEEDBACK, PARTICIPATION MATTERS, TOUGH GRADER, AMAZING LECTURES, GIVES GOOD FEEDBACK, AMAZING LECTURES, INSPIRATIONAL, CARING, GET READY TO READ, GRADED BY FEW THINGS, ACCESSIBLE OUTSIDE CLASS, TOUGH GRADER, PARTICIPATION MATTERS, ACCESSIBLE OUTSIDE CLASS, TOUGH GRADER, AMAZING LECTURES, GIVES GOOD FEEDBACK"
"ZHOU, BOHAN",4.0,2.9,47,76%,https://www.ratemyprofessors.com/professor/2984865,Mathematics,"EXTRA CREDIT, AMAZING LECTURES, CARING, INSPIRATIONAL, TOUGH GRADER, AMAZING LECTURES, CARING, RESPECTED, EXTRA CREDIT, AMAZING LECTURES, GIVES GOOD FEEDBACK, INSPIRATIONAL, CARING, EXTRA CREDIT, GIVES GOOD FEEDBACK"
"THOMAS, CHRISTIAN",4.9,2.8,31,100%,https://www.ratemyprofessors.com/professor/2279968,Writing,"GIVES GOOD FEEDBACK, CARING, INSPIRATIONAL, LOTS OF HOMEWORK, RESPECTED, PARTICIPATION MATTERS, CLEAR GRADING CRITERIA, ONLINE SAVVY, CLEAR GRADING CRITERIA, CARING, GRADED BY FEW THINGS, INSPIRATIONAL, CARING, RESPECTED, GIVES GOOD FEEDBACK, INSPIRATIONAL, CARING"
"KYRATZIS, AMY",3.1,1.9,9,50%,https://www.ratemyprofessors.com/professor/1381383,Education,"GET READY TO READ, PARTICIPATION MATTERS, CLEAR GRADING CRITERIA, GIVES GOOD FEEDBACK, LECTURE HEAVY, GRADED BY FEW THINGS, PARTICIPATION MATTERS, CLEAR GRADING CRITERIA, GIVES GOOD FEEDBACK, GET READY TO READ, LECTURE HEAVY"
"BLACKWELL, KATIE",5.0,2.0,1,100%,https://www.ratemyprofessors.com/professor/2858378,Education,"EXTRA CREDIT, GROUP PROJECTS, CLEAR GRADING CRITERIA, GIVES GOOD FEEDBACK, CARING, EXTRA CREDIT, GIVES GOOD FEEDBACK, CARING"
"HUANG, YUNTE",3.1,2.1,73,40%,https://www.ratemyprofessors.com/professor/374673,English,"GET READY TO READ, HILARIOUS, GRADED BY FEW THINGS, LECTURE HEAVY, PARTICIPATION MATTERS, GET READY TO READ, PARTICIPATION MATTERS, GET READY TO READ, HILARIOUS, LECTURE HEAVY, LECTURE HEAVY, GRADED BY FEW THINGS, GET READY TO READ, LECTURE HEAVY, GRADED BY FEW THINGS, GET READY TO READ, BEWARE OF POP QUIZZES, GRADED BY FEW THINGS"
"GHOSH, BISHNUPRIYA",3.6,2.2,52,61%,https://www.ratemyprofessors.com/professor/1405334,English,"GET READY TO READ, GRADED BY FEW THINGS, LECTURE HEAVY, CARING, EXTRA CREDIT, LECTURE HEAVY, TOUGH GRADER, GIVES GOOD FEEDBACK, GRADED BY FEW THINGS, GET READY TO READ, LOTS OF HOMEWORK, GRADED BY FEW THINGS, GET READY TO READ, EXTRA CREDIT, CARING"
"CHATTOPADHYAY, SWATI",3.0,3.3,50,43%,https://www.ratemyprofessors.com/professor/395890,Art History,"TOUGH GRADER, GET READY TO READ, GROUP PROJECTS, LECTURE HEAVY, GRADED BY FEW THINGS, TOUGH GRADER, LECTURE HEAVY, TOUGH GRADER, GET READY TO READ, GRADED BY FEW THINGS, CLEAR GRADING CRITERIA, CARING, LECTURE HEAVY, TOUGH GRADER, GROUP PROJECTS, GRADED BY FEW THINGS"
"CAMPO, JUAN",3.3,3.0,49,50%,https://www.ratemyprofessors.com/professor/275932,Religion,"GET READY TO READ, CLEAR GRADING CRITERIA, TOUGH GRADER, LECTURE HEAVY, AMAZING LECTURES, LECTURE HEAVY, GET READY TO READ, LOTS OF HOMEWORK, SO MANY PAPERS, GET READY TO READ, CLEAR GRADING CRITERIA"
"LIEN, PEI-TE",2.2,3.4,45,29%,https://www.ratemyprofessors.com/professor/1413797,Political Science,"LECTURE HEAVY, GRADED BY FEW THINGS, TOUGH GRADER, GET READY TO READ, CLEAR GRADING CRITERIA, TOUGH GRADER, LECTURE HEAVY, TOUGH GRADER, LECTURE HEAVY, GRADED BY FEW THINGS, GRADED BY FEW THINGS, GET READY TO READ, LECTURE HEAVY, TEST HEAVY"
"BORROMEO, CARLA",4.5,2.0,40,70%,https://www.ratemyprofessors.com/professor/406574,Languages,"GROUP PROJECTS, PARTICIPATION MATTERS, CARING, TOUGH GRADER, LOTS OF HOMEWORK, PARTICIPATION MATTERS, GROUP PROJECTS, CARING, GROUP PROJECTS, AMAZING LECTURES, LOTS OF HOMEWORK, TOUGH GRADER, PARTICIPATION MATTERS, GROUP PROJECTS, TOUGH GRADER, GROUP PROJECTS, LOTS OF HOMEWORK, TOUGH GRADER, PARTICIPATION MATTERS"
"TUROWETZ, JASON",4.5,2.1,34,94%,https://www.ratemyprofessors.com/professor/2841341,Sociology,"CLEAR GRADING CRITERIA, GRADED BY FEW THINGS, CARING, ACCESSIBLE OUTSIDE CLASS, AMAZING LECTURES, AMAZING LECTURES, CLEAR GRADING CRITERIA, TEST HEAVY, CLEAR GRADING CRITERIA, CARING, ACCESSIBLE OUTSIDE CLASS, AMAZING LECTURES, CLEAR GRADING CRITERIA, SO MANY PAPERS"
"CHO, ALEXANDER",4.8,1.6,16,93%,https://www.ratemyprofessors.com/professor/2681029,Asian American Studies,"AMAZING LECTURES, CLEAR GRADING CRITERIA, GET READY TO READ, CARING, ACCESSIBLE OUTSIDE CLASS, GRADED BY FEW THINGS, ACCESSIBLE OUTSIDE CLASS, GET READY TO READ, AMAZING LECTURES, AMAZING LECTURES, HILARIOUS, CARING, CLEAR GRADING CRITERIA, INSPIRATIONAL, CARING"
"ROOSE, HOLLY",5.0,1.0,12,100%,https://www.ratemyprofessors.com/professor/2557806,Education,"CARING, AMAZING LECTURES, INSPIRATIONAL, GRADED BY FEW THINGS, ACCESSIBLE OUTSIDE CLASS, AMAZING LECTURES, CARING, ACCESSIBLE OUTSIDE CLASS, AMAZING LECTURES, CARING, LECTURE HEAVY, AMAZING LECTURES, INSPIRATIONAL, ACCESSIBLE OUTSIDE CLASS, AMAZING LECTURES, INSPIRATIONAL, CARING, INSPIRATIONAL, HILARIOUS, CARING"
"LEE, RICKY",5.0,1.7,3,100%,https://www.ratemyprofessors.com/professor/3030668,Mathematics,"CLEAR GRADING CRITERIA, AMAZING LECTURES, HILARIOUS, CARING, AMAZING LECTURES, CLEAR GRADING CRITERIA, HILARIOUS, CLEAR GRADING CRITERIA, HILARIOUS, CARING, AMAZING LECTURES, CLEAR GRADING CRITERIA"
"STIER, ADRIAN",4.5,2.0,2,100%,https://www.ratemyprofessors.com/professor/2610284,Biology,"AMAZING LECTURES, HILARIOUS, GRADED BY FEW THINGS, AMAZING LECTURES, HILARIOUS, GRADED BY FEW THINGS"
"YAQUB, SALIM",4.5,2.7,67,92%,https://www.ratemyprofessors.com/professor/940647,History,"AMAZING LECTURES, GET READY TO READ, RESPECTED, HILARIOUS, CARING, GET READY TO READ, LECTURE HEAVY, GET READY TO READ, GRADED BY FEW THINGS, ACCESSIBLE OUTSIDE CLASS, GET READY TO READ, AMAZING LECTURES, LECTURE HEAVY, GET READY TO READ, HILARIOUS, CARING"
"RICCI, FABIO",4.4,2.9,34,85%,https://www.ratemyprofessors.com/professor/2714660,Mathematics,"EXTRA CREDIT, CLEAR GRADING CRITERIA, CARING, LOTS OF HOMEWORK, GIVES GOOD FEEDBACK, CLEAR GRADING CRITERIA, HILARIOUS, CARING, EXTRA CREDIT, LOTS OF HOMEWORK, HILARIOUS, CLEAR GRADING CRITERIA, GIVES GOOD FEEDBACK, ACCESSIBLE OUTSIDE CLASS, CARING, RESPECTED, ACCESSIBLE OUTSIDE CLASS, EXTRA CREDIT, AMAZING LECTURES, INSPIRATIONAL"
"RATNER, KYLE",4.4,2.3,29,92%,https://www.ratemyprofessors.com/professor/2023412,Psychology,"CARING, CLEAR GRADING CRITERIA, ACCESSIBLE OUTSIDE CLASS, AMAZING LECTURES, GET READY TO READ, GET READY TO READ, GIVES GOOD FEEDBACK, CARING, AMAZING LECTURES, CLEAR GRADING CRITERIA, GRADED BY FEW THINGS, GET READY TO READ, CARING, GRADED BY FEW THINGS, CARING, ACCESSIBLE OUTSIDE CLASS, CLEAR GRADING CRITERIA, TEST HEAVY, GRADED BY FEW THINGS"
"VAN DER VEEN, JATILA",1.7,3.4,30,8%,https://www.ratemyprofessors.com/professor/2055489,Physics,"LOTS OF HOMEWORK, GET READY TO READ, TOUGH GRADER, PARTICIPATION MATTERS, EXTRA CREDIT, GIVES GOOD FEEDBACK, INSPIRATIONAL, CARING, TOUGH GRADER, GET READY TO READ, LOTS OF HOMEWORK, LECTURE HEAVY, SO MANY PAPERS, TOUGH GRADER, LOTS OF HOMEWORK, GET READY TO READ, GRADED BY FEW THINGS, PARTICIPATION MATTERS, CLEAR GRADING CRITERIA, CARING"
"CRICKETTE, MARIA",4.7,2.3,30,95%,https://www.ratemyprofessors.com/professor/1506537,French & Italian,"CARING, PARTICIPATION MATTERS, CLEAR GRADING CRITERIA, GIVES GOOD FEEDBACK, ACCESSIBLE OUTSIDE CLASS, PARTICIPATION MATTERS, CLEAR GRADING CRITERIA, CARING, PARTICIPATION MATTERS, EXTRA CREDIT, CARING, CLEAR GRADING CRITERIA, CARING, ACCESSIBLE OUTSIDE CLASS, PARTICIPATION MATTERS, LOTS OF HOMEWORK, CARING"
"ZETZER, H A",4.4,1.6,5,80%,https://www.ratemyprofessors.com/professor/2760151,Sociology,"CLEAR GRADING CRITERIA, PARTICIPATION MATTERS, AMAZING LECTURES, LECTURE HEAVY, GET READY TO READ, AMAZING LECTURES, CLEAR GRADING CRITERIA, LECTURE HEAVY, PARTICIPATION MATTERS, PARTICIPATION MATTERS, CLEAR GRADING CRITERIA, LECTURE HEAVY, GET READY TO READ, CARING, AMAZING LECTURES, CLEAR GRADING CRITERIA, INSPIRATIONAL"
"VIERNES, GUILLEM",2.7,2.7,3,66%,https://www.ratemyprofessors.com/professor/2774438,Linguistics,"GET READY TO READ, EXTRA CREDIT, CLEAR GRADING CRITERIA, SO MANY PAPERS, CARING, GET READY TO READ, EXTRA CREDIT, CARING, GET READY TO READ, EXTRA CREDIT, GET READY TO READ, SO MANY PAPERS"
"ROCHAT, MATT",5.0,3.5,2,100%,https://www.ratemyprofessors.com/professor/2785173,Political Science,"GET READY TO READ, EXTRA CREDIT, AMAZING LECTURES, CLEAR GRADING CRITERIA, INSPIRATIONAL, EXTRA CREDIT, CLEAR GRADING CRITERIA, GET READY TO READ, AMAZING LECTURES, INSPIRATIONAL"
"KRUT, ROBERT",4.8,2.1,77,90%,https://www.ratemyprofessors.com/professor/284304,Writing,"GIVES GOOD FEEDBACK, CARING, CLEAR GRADING CRITERIA, PARTICIPATION MATTERS, HILARIOUS, GET READY TO READ, GIVES GOOD FEEDBACK, ACCESSIBLE OUTSIDE CLASS, GIVES GOOD FEEDBACK, HILARIOUS, CARING, PARTICIPATION MATTERS, AMAZING LECTURES, GIVES GOOD FEEDBACK, AMAZING LECTURES, CLEAR GRADING CRITERIA, CARING"
"ABUZAID, ALI",4.1,3.0,30,76%,https://www.ratemyprofessors.com/professor/3038139,Statistics,"GROUP PROJECTS, CARING, RESPECTED, AMAZING LECTURES, CLEAR GRADING CRITERIA, AMAZING LECTURES, CLEAR GRADING CRITERIA, GIVES GOOD FEEDBACK, AMAZING LECTURES, GIVES GOOD FEEDBACK, CARING, CLEAR GRADING CRITERIA, GIVES GOOD FEEDBACK, RESPECTED"
"DUQUE, JASON",3.3,2.7,25,52%,https://www.ratemyprofessors.com/professor/2634534,Education,"AMAZING LECTURES, LOTS OF HOMEWORK, GET READY TO READ, PARTICIPATION MATTERS, INSPIRATIONAL, GET READY TO READ, AMAZING LECTURES, LOTS OF HOMEWORK, LOTS OF HOMEWORK, PARTICIPATION MATTERS, AMAZING LECTURES, INSPIRATIONAL, PARTICIPATION MATTERS, AMAZING LECTURES, INSPIRATIONAL, GET READY TO READ, INSPIRATIONAL, LECTURE HEAVY"
"ANDERSON, OLIVIA",2.5,3.3,15,26%,https://www.ratemyprofessors.com/professor/2984867,Environmental Science & Mgmt.,"LECTURE HEAVY, CLEAR GRADING CRITERIA, CARING, TEST HEAVY, ACCESSIBLE OUTSIDE CLASS, TEST HEAVY, CLEAR GRADING CRITERIA, LECTURE HEAVY, TEST HEAVY, ACCESSIBLE OUTSIDE CLASS, CLEAR GRADING CRITERIA, CARING, LECTURE HEAVY, LECTURE HEAVY"
"COGGINS, BRIDGET ",2.4,3.8,95,31%,https://www.ratemyprofessors.com/professor/2023576,Political Science,"TOUGH GRADER, GET READY TO READ, LECTURE HEAVY, BEWARE OF POP QUIZZES, GRADED BY FEW THINGS, TOUGH GRADER, GET READY TO READ, RESPECTED, TOUGH GRADER, RESPECTED, GRADED BY FEW THINGS"
"ZHENG, XIAOWEI",4.5,3.3,46,89%,https://www.ratemyprofessors.com/professor/1453954,History,"GET READY TO READ, INSPIRATIONAL, RESPECTED, GIVES GOOD FEEDBACK, AMAZING LECTURES, GET READY TO READ, AMAZING LECTURES, INSPIRATIONAL, TOUGH GRADER, GET READY TO READ, ACCESSIBLE OUTSIDE CLASS, GET READY TO READ, LECTURE HEAVY, GRADED BY FEW THINGS"
"BENNAHUM, NINOTCHKA",2.2,3.0,51,22%,https://www.ratemyprofessors.com/professor/1452519,Theater,"GET READY TO READ, LECTURE HEAVY, LOTS OF HOMEWORK, PARTICIPATION MATTERS, EXTRA CREDIT, GET READY TO READ, SO MANY PAPERS, LECTURE HEAVY, LECTURE HEAVY, EXTRA CREDIT, LECTURE HEAVY"
"KANG, SUKHUN",4.9,2.8,10,100%,https://www.ratemyprofessors.com/professor/2974949,Management,"PARTICIPATION MATTERS, GROUP PROJECTS, LECTURE HEAVY, GET READY TO READ, CARING, GET READY TO READ, PARTICIPATION MATTERS, GROUP PROJECTS, PARTICIPATION MATTERS, GROUP PROJECTS, HILARIOUS, PARTICIPATION MATTERS, LECTURE HEAVY, PARTICIPATION MATTERS, GROUP PROJECTS, GET READY TO READ, PARTICIPATION MATTERS, GROUP PROJECTS"
"WERLIN, REBECCA",4.8,1.7,3,100%,https://www.ratemyprofessors.com/professor/1596174,Biology,"EXTRA CREDIT, AMAZING LECTURES, CARING, EXTRA CREDIT, AMAZING LECTURES, CARING"
"IHM, ELLIOTT",4.4,3.0,71,85%,https://www.ratemyprofessors.com/professor/2364718,Psychology,"AMAZING LECTURES, HILARIOUS, EXTRA CREDIT, ACCESSIBLE OUTSIDE CLASS, CLEAR GRADING CRITERIA, EXTRA CREDIT, AMAZING LECTURES, CLEAR GRADING CRITERIA, TOUGH GRADER, EXTRA CREDIT, LOTS OF HOMEWORK, EXTRA CREDIT, AMAZING LECTURES, HILARIOUS, GET READY TO READ, EXTRA CREDIT, CLEAR GRADING CRITERIA, AMAZING LECTURES, CLEAR GRADING CRITERIA, GIVES GOOD FEEDBACK"
"SCOTT, VICKIE",3.5,2.7,9,57%,https://www.ratemyprofessors.com/professor/1556611,Theater,"GRADED BY FEW THINGS, LECTURE HEAVY, CARING, RESPECTED, TOUGH GRADER, LECTURE HEAVY, GRADED BY FEW THINGS, LECTURE HEAVY, GRADED BY FEW THINGS, ACCESSIBLE OUTSIDE CLASS, LOTS OF HOMEWORK, LECTURE HEAVY, GRADED BY FEW THINGS, PARTICIPATION MATTERS, CARING, RESPECTED, GET READY TO READ, GROUP PROJECTS"
"NEDERVEEN-PIETERSE, JAN",2.1,3.5,30,17%,https://www.ratemyprofessors.com/professor/1585396,Global Studies,"GET READY TO READ, GRADED BY FEW THINGS, TOUGH GRADER, RESPECTED, LECTURE HEAVY, AMAZING LECTURES, CARING, RESPECTED, GET READY TO READ, LECTURE HEAVY, GRADED BY FEW THINGS"
"TSYMBAL, TARAS",4.0,1.5,13,92%,https://www.ratemyprofessors.com/professor/3105227,Global & International Studies,"CARING, GET READY TO READ, PARTICIPATION MATTERS, EXTRA CREDIT, CLEAR GRADING CRITERIA, GET READY TO READ, CARING, GET READY TO READ, AMAZING LECTURES, GET READY TO READ, LECTURE HEAVY, ACCESSIBLE OUTSIDE CLASS"
"FANG, CHENGYU",2.2,2.8,5,25%,https://www.ratemyprofessors.com/professor/2812924,Communication,"GROUP PROJECTS, TOUGH GRADER, LECTURE HEAVY, PARTICIPATION MATTERS, AMAZING LECTURES, GROUP PROJECTS, AMAZING LECTURES, TOUGH GRADER, GROUP PROJECTS, LECTURE HEAVY, PARTICIPATION MATTERS, GROUP PROJECTS, GRADED BY FEW THINGS, TOUGH GRADER, LECTURE HEAVY, TEST HEAVY"
"HARRIS-MOORE, DEBORAH",4.9,2.2,21,100%,https://www.ratemyprofessors.com/professor/1698558,Writing,"GIVES GOOD FEEDBACK, GET READY TO READ, CLEAR GRADING CRITERIA, CARING, WOULD TAKE AGAIN, GET READY TO READ, CLEAR GRADING CRITERIA, GIVES GOOD FEEDBACK, CLEAR GRADING CRITERIA, GIVES GOOD FEEDBACK, CARING, GET READY TO READ, PARTICIPATION MATTERS, GIVES GOOD FEEDBACK, GET READY TO READ, GIVES GOOD FEEDBACK, ONLINE SAVVY, GIVES GOOD FEEDBACK, INSPIRATIONAL, CARING"
"REDER, EVELYN",5.0,1.9,20,100%,https://www.ratemyprofessors.com/professor/2022895,Germanic  Russian Studies,"CARING, PARTICIPATION MATTERS, GIVES GOOD FEEDBACK, AMAZING LECTURES, RESPECTED, AMAZING LECTURES, HILARIOUS, CARING, EXTRA CREDIT, GIVES GOOD FEEDBACK, CARING, AMAZING LECTURES, CARING, AMAZING LECTURES, CARING, CLEAR GRADING CRITERIA, GIVES GOOD FEEDBACK, CARING"
"PORTER, SUSANNAH",4.4,2.5,52,88%,https://www.ratemyprofessors.com/professor/826353,Geology,"PARTICIPATION MATTERS, RESPECTED, LECTURE HEAVY, SKIP CLASS? YOU WON'T PASS., AMAZING LECTURES, INSPIRATIONAL, HILARIOUS, RESPECTED, AMAZING LECTURES, LOTS OF HOMEWORK, LECTURE HEAVY, BEWARE OF POP QUIZZES, TEST HEAVY, ACCESSIBLE OUTSIDE CLASS, ACCESSIBLE OUTSIDE CLASS, PARTICIPATION MATTERS, SKIP CLASS? YOU WON'T PASS."
"BARBIERI-LOW, ANTHONY",3.6,3.1,48,47%,https://www.ratemyprofessors.com/professor/1102840,History,"GET READY TO READ, LECTURE HEAVY, CLEAR GRADING CRITERIA, LOTS OF HOMEWORK, SKIP CLASS? YOU WON'T PASS., CLEAR GRADING CRITERIA, GIVES GOOD FEEDBACK, INSPIRATIONAL, PARTICIPATION MATTERS, LOTS OF HOMEWORK, TEST HEAVY, GET READY TO READ, LOTS OF HOMEWORK, LECTURE HEAVY, GET READY TO READ, LOTS OF HOMEWORK, GET READY TO READ, AMAZING LECTURES"
"SARKAR, BHASKAR",3.3,3.6,53,27%,https://www.ratemyprofessors.com/professor/334425,Film,"LECTURE HEAVY, GET READY TO READ, GRADED BY FEW THINGS, TOUGH GRADER, AMAZING LECTURES, GET READY TO READ, TEST HEAVY, GRADED BY FEW THINGS, AMAZING LECTURES, BEWARE OF POP QUIZZES, LECTURE HEAVY, TOUGH GRADER, TEST HEAVY, GRADED BY FEW THINGS, TOUGH GRADER, BEWARE OF POP QUIZZES, TEST HEAVY"
"JOSHI, PRADEEP",2.1,4.2,30,26%,https://www.ratemyprofessors.com/professor/1985818,Biology,"TEST HEAVY, GET READY TO READ, TOUGH GRADER, CARING, LECTURE HEAVY, CLEAR GRADING CRITERIA, LECTURE HEAVY, TEST HEAVY, GET READY TO READ, TEST HEAVY, CLEAR GRADING CRITERIA, HILARIOUS, CARING, TOUGH GRADER, GET READY TO READ, TEST HEAVY"
"WESTMACOTT, BRIANA",3.8,2.8,32,68%,https://www.ratemyprofessors.com/professor/2043019,Linguistics,"GIVES GOOD FEEDBACK, RESPECTED, PARTICIPATION MATTERS, CARING, TOUGH GRADER, CLEAR GRADING CRITERIA, GIVES GOOD FEEDBACK, CARING, INSPIRATIONAL, CARING, RESPECTED, AMAZING LECTURES, CARING, GROUP PROJECTS, AMAZING LECTURES, CARING"
"FENG, YU",2.7,4.0,42,45%,https://www.ratemyprofessors.com/professor/2571111,Computer Science,"TOUGH GRADER, LOTS OF HOMEWORK, CLEAR GRADING CRITERIA, CARING, GRADED BY FEW THINGS, AMAZING LECTURES, RESPECTED, CLEAR GRADING CRITERIA, EXTRA CREDIT, HILARIOUS, GRADED BY FEW THINGS, TOUGH GRADER, LOTS OF HOMEWORK, GRADED BY FEW THINGS"
"THROWER, DOUG",3.6,3.6,103,54%,https://www.ratemyprofessors.com/professor/155724,Science,"LECTURE HEAVY, TEST HEAVY, TOUGH GRADER, SKIP CLASS? YOU WON'T PASS., RESPECTED, LECTURE HEAVY, TEST HEAVY, TEST HEAVY, TOUGH GRADER, CLEAR GRADING CRITERIA, LECTURE HEAVY"
"VANDERWARKER, AMBER",4.5,2.7,21,92%,https://www.ratemyprofessors.com/professor/1550473,Anthropology,"CARING, GRADED BY FEW THINGS, CLEAR GRADING CRITERIA, LECTURE HEAVY, ACCESSIBLE OUTSIDE CLASS, TOUGH GRADER, GET READY TO READ, TEST HEAVY, CARING, GRADED BY FEW THINGS, CLEAR GRADING CRITERIA, LECTURE HEAVY, GRADED BY FEW THINGS, GET READY TO READ, LECTURE HEAVY, GRADED BY FEW THINGS"
"SHERMAN, DAVID",3.6,3.1,73,61%,https://www.ratemyprofessors.com/professor/426980,Psychology,"GET READY TO READ, LECTURE HEAVY, SKIP CLASS? YOU WON'T PASS., EXTRA CREDIT, TEST HEAVY, AMAZING LECTURES, TEST HEAVY, ACCESSIBLE OUTSIDE CLASS, SKIP CLASS? YOU WON'T PASS., LECTURE HEAVY, INSPIRATIONAL, EXTRA CREDIT, TOUGH GRADER"
"MOORE, JOHN",4.4,2.7,56,87%,https://www.ratemyprofessors.com/professor/2543409,Science,"CLEAR GRADING CRITERIA, AMAZING LECTURES, CARING, LECTURE HEAVY, ACCESSIBLE OUTSIDE CLASS, TOUGH GRADER, AMAZING LECTURES, TEST HEAVY, AMAZING LECTURES, GIVES GOOD FEEDBACK, CARING, LOTS OF HOMEWORK, RESPECTED, LECTURE HEAVY, TOUGH GRADER, CLEAR GRADING CRITERIA, CARING, TEST HEAVY"
"WARD, JANE ",4.3,1.5,6,83%,https://www.ratemyprofessors.com/professor/2889595,Women's Studies,"AMAZING LECTURES, GET READY TO READ, CARING, EXTRA CREDIT, CLEAR GRADING CRITERIA, AMAZING LECTURES, ONLINE SAVVY, GET READY TO READ, CLEAR GRADING CRITERIA, CARING, AMAZING LECTURES, CARING, ACCESSIBLE OUTSIDE CLASS, AMAZING LECTURES, INSPIRATIONAL, HILARIOUS"
"PILEGARD, CELESTE",4.5,2.8,4,50%,https://www.ratemyprofessors.com/professor/1912717,Psychology,"TOUGH GRADER, HILARIOUS, HILARIOUS, TOUGH GRADER"
"GONZALEZ, LALO",2.8,3.6,60,51%,https://www.ratemyprofessors.com/professor/2095984,Biology,"LECTURE HEAVY, CARING, TEST HEAVY, GRADED BY FEW THINGS, ACCESSIBLE OUTSIDE CLASS, GET READY TO READ, CARING, TEST HEAVY, RESPECTED, TEST HEAVY, GRADED BY FEW THINGS, LECTURE HEAVY, TEST HEAVY, TOUGH GRADER, LECTURE HEAVY, TEST HEAVY"
"REICH, NORBERT",2.1,4.2,34,16%,https://www.ratemyprofessors.com/professor/711602,Chemistry,"TOUGH GRADER, GET READY TO READ, PARTICIPATION MATTERS, SKIP CLASS? YOU WON'T PASS., LOTS OF HOMEWORK, TOUGH GRADER, LECTURE HEAVY, TOUGH GRADER, BEWARE OF POP QUIZZES"
"D'ANCA, CHRISTENE",4.7,2.6,21,90%,https://www.ratemyprofessors.com/professor/2248605,Literature,"CARING, GIVES GOOD FEEDBACK, CLEAR GRADING CRITERIA, GET READY TO READ, AMAZING LECTURES, CLEAR GRADING CRITERIA, GIVES GOOD FEEDBACK, ACCESSIBLE OUTSIDE CLASS, LOTS OF HOMEWORK, CARING, ONLINE SAVVY, PARTICIPATION MATTERS, AMAZING LECTURES, CLEAR GRADING CRITERIA"
"JI, CHEN",3.3,2.9,7,20%,https://www.ratemyprofessors.com/professor/1992617,Geology,"LOTS OF HOMEWORK, GRADED BY FEW THINGS, CARING, CLEAR GRADING CRITERIA, RESPECTED, CLEAR GRADING CRITERIA, CARING, GRADED BY FEW THINGS, CARING, LOTS OF HOMEWORK, TEST HEAVY, GRADED BY FEW THINGS, LOTS OF HOMEWORK, RESPECTED, GRADED BY FEW THINGS"
"HWANG, SUSAN ",5.0,3.0,7,100%,https://www.ratemyprofessors.com/professor/2912629,East Asian Languages & Cultures,"AMAZING LECTURES, GET READY TO READ, CARING, GROUP PROJECTS, GIVES GOOD FEEDBACK, CARING, AMAZING LECTURES, GIVES GOOD FEEDBACK, RESPECTED, GET READY TO READ, AMAZING LECTURES, CARING, GET READY TO READ, GROUP PROJECTS, AMAZING LECTURES"
"BASU, PRATUSHYA",5.0,2.0,1,100%,https://www.ratemyprofessors.com/professor/3084697,Environmental Science & Mgmt.,"GIVES GOOD FEEDBACK, CARING, ACCESSIBLE OUTSIDE CLASS, GIVES GOOD FEEDBACK, CARING, ACCESSIBLE OUTSIDE CLASS"
"LYONS, CANDACE",5.0,2.0,3,100%,https://www.ratemyprofessors.com/professor/3079987,African-American Studies,"AMAZING LECTURES, CLEAR GRADING CRITERIA, ACCESSIBLE OUTSIDE CLASS, HILARIOUS, GRADED BY FEW THINGS, AMAZING LECTURES, HILARIOUS, ACCESSIBLE OUTSIDE CLASS, AMAZING LECTURES, CLEAR GRADING CRITERIA, ACCESSIBLE OUTSIDE CLASS, CLEAR GRADING CRITERIA, GRADED BY FEW THINGS"
"MAYES, KEITH",4.5,2.0,2,100%,https://www.ratemyprofessors.com/professor/3107422,Black Studies,"AMAZING LECTURES, GRADED BY FEW THINGS, AMAZING LECTURES, GRADED BY FEW THINGS, AMAZING LECTURES"
"AMIN-HONG, HEIDI",4.5,2.5,2,100%,https://www.ratemyprofessors.com/professor/2807071,English,"GET READY TO READ, PARTICIPATION MATTERS, GIVES GOOD FEEDBACK, LECTURE HEAVY, GET READY TO READ, LECTURE HEAVY, GET READY TO READ, PARTICIPATION MATTERS, GIVES GOOD FEEDBACK"
"PATTERSON, DAVID",2.8,3.7,17,47%,https://www.ratemyprofessors.com/professor/2346686,Physics,"TOUGH GRADER, GET READY TO READ, LOTS OF HOMEWORK, CARING, PARTICIPATION MATTERS, TOUGH GRADER, AMAZING LECTURES, RESPECTED, GET READY TO READ, PARTICIPATION MATTERS, LECTURE HEAVY, GIVES GOOD FEEDBACK, INSPIRATIONAL, CARING, ACCESSIBLE OUTSIDE CLASS, AMAZING LECTURES, TOUGH GRADER, LOTS OF HOMEWORK, AMAZING LECTURES, CARING"
"RAPPAPORT, ERIKA",3.9,2.6,60,71%,https://www.ratemyprofessors.com/professor/97346,History,"GET READY TO READ, EXTRA CREDIT, CARING, AMAZING LECTURES, SO MANY PAPERS, EXTRA CREDIT, AMAZING LECTURES, INSPIRATIONAL, GET READY TO READ, EXTRA CREDIT, GET READY TO READ, CARING, TOUGH GRADER, GET READY TO READ, LOTS OF HOMEWORK, EXTRA CREDIT, SO MANY PAPERS, TEST HEAVY"
"HOLLERER, TOBIAS",4.6,2.1,12,100%,https://www.ratemyprofessors.com/professor/755124,Computer Science,"GROUP PROJECTS, CLEAR GRADING CRITERIA, CARING, ACCESSIBLE OUTSIDE CLASS, GET READY TO READ, PARTICIPATION MATTERS, GROUP PROJECTS, CLEAR GRADING CRITERIA, GROUP PROJECTS, CLEAR GRADING CRITERIA, ACCESSIBLE OUTSIDE CLASS, GROUP PROJECTS"
"MAJEWSKI, JOHN",4.7,2.7,75,100%,https://www.ratemyprofessors.com/professor/408172,History,"AMAZING LECTURES, EXTRA CREDIT, CARING, GRADED BY FEW THINGS, CLEAR GRADING CRITERIA, GRADED BY FEW THINGS, TOUGH GRADER, GET READY TO READ, GRADED BY FEW THINGS, AMAZING LECTURES, RESPECTED, GRADED BY FEW THINGS, EXTRA CREDIT, CLEAR GRADING CRITERIA, CARING"
"EVEN, THOMAS",4.5,2.8,187,78%,https://www.ratemyprofessors.com/professor/154003,Biology,"AMAZING LECTURES, RESPECTED, TEST HEAVY, INSPIRATIONAL, GRADED BY FEW THINGS, TOUGH GRADER, AMAZING LECTURES, CARING, TEST HEAVY, GRADED BY FEW THINGS, TEST HEAVY, TOUGH GRADER, LECTURE HEAVY, GRADED BY FEW THINGS"
"REYNOLDS, DWIGHT",4.6,2.0,29,100%,https://www.ratemyprofessors.com/professor/696239,Religious Studies,"BEWARE OF POP QUIZZES, EXTRA CREDIT, GET READY TO READ, INSPIRATIONAL, AMAZING LECTURES, GET READY TO READ, CARING, RESPECTED, EXTRA CREDIT, INSPIRATIONAL, BEWARE OF POP QUIZZES, EXTRA CREDIT, AMAZING LECTURES, BEWARE OF POP QUIZZES, GET READY TO READ, EXTRA CREDIT, BEWARE OF POP QUIZZES"
"JOHNSON, JENNIFER",4.8,2.0,34,100%,https://www.ratemyprofessors.com/professor/852504,Writing,"GIVES GOOD FEEDBACK, CARING, RESPECTED, CLEAR GRADING CRITERIA, INSPIRATIONAL, GET READY TO READ, PARTICIPATION MATTERS, CARING, GROUP PROJECTS, GIVES GOOD FEEDBACK, CARING, GIVES GOOD FEEDBACK, CARING, ACCESSIBLE OUTSIDE CLASS, AMAZING LECTURES, INSPIRATIONAL, RESPECTED"
"JAMES, ANNA",4.9,2.3,27,100%,https://www.ratemyprofessors.com/professor/2601313,Biology,"CARING, AMAZING LECTURES, ACCESSIBLE OUTSIDE CLASS, INSPIRATIONAL, GIVES GOOD FEEDBACK, PARTICIPATION MATTERS, GIVES GOOD FEEDBACK, INSPIRATIONAL, CLEAR GRADING CRITERIA, CARING, ACCESSIBLE OUTSIDE CLASS, INSPIRATIONAL, CARING, RESPECTED, CLEAR GRADING CRITERIA, ACCESSIBLE OUTSIDE CLASS, EXTRA CREDIT, GROUP PROJECTS, CARING"
"BRECHER, BENJAMIN",3.3,2.7,3,100%,https://www.ratemyprofessors.com/professor/1555203,Music,None
"EBRAHIM, EBRAHIM",3.6,3.2,58,62%,https://www.ratemyprofessors.com/professor/2425397,Mathematics,"LOTS OF HOMEWORK, ACCESSIBLE OUTSIDE CLASS, GIVES GOOD FEEDBACK, CLEAR GRADING CRITERIA, CARING, CLEAR GRADING CRITERIA, AMAZING LECTURES, GIVES GOOD FEEDBACK, ACCESSIBLE OUTSIDE CLASS, HILARIOUS, GIVES GOOD FEEDBACK, ACCESSIBLE OUTSIDE CLASS, CLEAR GRADING CRITERIA, ACCESSIBLE OUTSIDE CLASS, SKIP CLASS? YOU WON'T PASS., AMAZING LECTURES"
"HOUGH, KEN",3.2,2.5,11,44%,https://www.ratemyprofessors.com/professor/1937351,History,"GROUP PROJECTS, GIVES GOOD FEEDBACK, LOTS OF HOMEWORK, RESPECTED, TOUGH GRADER, GROUP PROJECTS, LOTS OF HOMEWORK, GET READY TO READ, PARTICIPATION MATTERS, GROUP PROJECTS, GROUP PROJECTS"
"WILBANKS, LIZZY",5.0,2.3,4,100%,https://www.ratemyprofessors.com/professor/2610285,Biology,"AMAZING LECTURES, CLEAR GRADING CRITERIA, INSPIRATIONAL, ACCESSIBLE OUTSIDE CLASS, HILARIOUS, AMAZING LECTURES, CLEAR GRADING CRITERIA, CARING, AMAZING LECTURES, INSPIRATIONAL, HILARIOUS, AMAZING LECTURES, CLEAR GRADING CRITERIA, ACCESSIBLE OUTSIDE CLASS, ACCESSIBLE OUTSIDE CLASS, INSPIRATIONAL, AMAZING LECTURES"
"ZHANG, QING",4.8,1.9,19,94%,https://www.ratemyprofessors.com/professor/2947498,Mathematics,"CLEAR GRADING CRITERIA, CARING, ACCESSIBLE OUTSIDE CLASS, AMAZING LECTURES, GIVES GOOD FEEDBACK, AMAZING LECTURES, CLEAR GRADING CRITERIA, CARING, CLEAR GRADING CRITERIA, GIVES GOOD FEEDBACK, TEST HEAVY, AMAZING LECTURES, RESPECTED, LECTURE HEAVY, AMAZING LECTURES, CLEAR GRADING CRITERIA, GIVES GOOD FEEDBACK"
"GARCIA, MARIO",3.8,2.3,83,79%,https://www.ratemyprofessors.com/professor/809148,Chicano Studies,"GET READY TO READ, SKIP CLASS? YOU WON'T PASS., EXTRA CREDIT, LECTURE HEAVY, AMAZING LECTURES, AMAZING LECTURES, CARING, LECTURE HEAVY, GET READY TO READ, EXTRA CREDIT, GET READY TO READ, PARTICIPATION MATTERS, AMAZING LECTURES"
"EBENSTEIN, ALAN",2.6,3.4,5,25%,https://www.ratemyprofessors.com/professor/1416536,Economics,"LECTURE HEAVY, TOUGH GRADER, SO MANY PAPERS, GIVES GOOD FEEDBACK, BEWARE OF POP QUIZZES, BEWARE OF POP QUIZZES, SO MANY PAPERS, LECTURE HEAVY, GIVES GOOD FEEDBACK, ACCESSIBLE OUTSIDE CLASS, LECTURE HEAVY, CARING, SO MANY PAPERS, TOUGH GRADER"
"ZHANG, GENGGENG",5.0,1.0,1,100%,https://www.ratemyprofessors.com/professor/3053411,Writing,None
"TRUSCELLI, NIKKI",4.6,2.4,19,94%,https://www.ratemyprofessors.com/professor/2759426,Communication,"CARING, AMAZING LECTURES, TOUGH GRADER, INSPIRATIONAL, GRADED BY FEW THINGS, GET READY TO READ, AMAZING LECTURES, CLEAR GRADING CRITERIA, CARING, PARTICIPATION MATTERS, AMAZING LECTURES, INSPIRATIONAL, TOUGH GRADER, AMAZING LECTURES, AMAZING LECTURES, CARING, ACCESSIBLE OUTSIDE CLASS"
"WITTMAN, RICHARD",3.6,3.6,60,65%,https://www.ratemyprofessors.com/professor/586345,Art History,"LECTURE HEAVY, GRADED BY FEW THINGS, SKIP CLASS? YOU WON'T PASS., AMAZING LECTURES, GET READY TO READ, AMAZING LECTURES, INSPIRATIONAL, GRADED BY FEW THINGS, AMAZING LECTURES, LECTURE HEAVY, GRADED BY FEW THINGS, AMAZING LECTURES, LECTURE HEAVY, GRADED BY FEW THINGS, GET READY TO READ, RESPECTED, LECTURE HEAVY, TOUGH GRADER, LECTURE HEAVY, GRADED BY FEW THINGS"
"MARTINEZ, AMY",1.9,3.7,17,23%,https://www.ratemyprofessors.com/professor/2837674,Sociology,"TOUGH GRADER, GET READY TO READ, LECTURE HEAVY, PARTICIPATION MATTERS, AMAZING LECTURES, TOUGH GRADER, AMAZING LECTURES, RESPECTED, TOUGH GRADER, TOUGH GRADER, GRADED BY FEW THINGS, TOUGH GRADER, LOTS OF HOMEWORK, SO MANY PAPERS"
"ARORA, AKANKSHA",0.0,0.0,0,,https://www.ratemyprofessors.com/professor/3122391,Economics,GET READY TO READ
"GIACHETTI, LORENZO",5.0,2.0,1,100%,https://www.ratemyprofessors.com/professor/3122230,French & Italian,"HILARIOUS, CARING, RESPECTED, HILARIOUS, CARING, RESPECTED"
"MIRZA, DIBA",4.7,2.9,71,90%,https://www.ratemyprofessors.com/professor/2258262,Computer Science,"AMAZING LECTURES, RESPECTED, GIVES GOOD FEEDBACK, LOTS OF HOMEWORK, CARING, CLEAR GRADING CRITERIA, GIVES GOOD FEEDBACK, LOTS OF HOMEWORK, EXTRA CREDIT, LOTS OF HOMEWORK, CARING, EXTRA CREDIT, AMAZING LECTURES, GIVES GOOD FEEDBACK, GROUP PROJECTS, CLEAR GRADING CRITERIA, INSPIRATIONAL, PARTICIPATION MATTERS, GROUP PROJECTS, RESPECTED"
"KLING, TROY",4.9,3.0,11,90%,https://www.ratemyprofessors.com/professor/2813859,Mathematics,"ACCESSIBLE OUTSIDE CLASS, AMAZING LECTURES, CLEAR GRADING CRITERIA, CARING, GIVES GOOD FEEDBACK, CLEAR GRADING CRITERIA, HILARIOUS, ACCESSIBLE OUTSIDE CLASS, CLEAR GRADING CRITERIA, CARING, ACCESSIBLE OUTSIDE CLASS, LOTS OF HOMEWORK, GRADED BY FEW THINGS, ACCESSIBLE OUTSIDE CLASS"
"CAPETTINI, EMILIO",3.9,2.6,9,77%,https://www.ratemyprofessors.com/professor/2431220,Classics,"GET READY TO READ, CARING, LECTURE HEAVY, ACCESSIBLE OUTSIDE CLASS, TOUGH GRADER, CLEAR GRADING CRITERIA, GIVES GOOD FEEDBACK, GRADED BY FEW THINGS, CLEAR GRADING CRITERIA, CARING, GET READY TO READ, LECTURE HEAVY, ACCESSIBLE OUTSIDE CLASS, PARTICIPATION MATTERS, ACCESSIBLE OUTSIDE CLASS"
"LASHMET, AMY",3.6,3.1,37,62%,https://www.ratemyprofessors.com/professor/2262876,Linguistics,"GIVES GOOD FEEDBACK, TOUGH GRADER, LOTS OF HOMEWORK, PARTICIPATION MATTERS, CARING, GIVES GOOD FEEDBACK, CARING, ONLINE SAVVY, EXTRA CREDIT, GROUP PROJECTS, LOTS OF HOMEWORK, TOUGH GRADER, GROUP PROJECTS, LOTS OF HOMEWORK, GROUP PROJECTS, LOTS OF HOMEWORK, GRADED BY FEW THINGS"
"ACOSTA-ALVEAR, DIEGO",2.4,4.3,49,34%,https://www.ratemyprofessors.com/professor/2262054,Biology,"TEST HEAVY, GET READY TO READ, TOUGH GRADER, SKIP CLASS? YOU WON'T PASS., GRADED BY FEW THINGS, TEST HEAVY, GET READY TO READ, TEST HEAVY, TEST HEAVY, TOUGH GRADER, TEST HEAVY, LECTURE HEAVY, TOUGH GRADER"
"MCCRAY, PATRICK",4.6,3.3,46,89%,https://www.ratemyprofessors.com/professor/471035,History,"GET READY TO READ, AMAZING LECTURES, SKIP CLASS? YOU WON'T PASS., RESPECTED, LECTURE HEAVY, GET READY TO READ, RESPECTED, LECTURE HEAVY, AMAZING LECTURES, INSPIRATIONAL, LECTURE HEAVY, GET READY TO READ, CLEAR GRADING CRITERIA, GIVES GOOD FEEDBACK, PARTICIPATION MATTERS, AMAZING LECTURES, CLEAR GRADING CRITERIA, AMAZING LECTURES, CARING, RESPECTED"
"CATENA , TIKAL ",1.0,4.4,5,,https://www.ratemyprofessors.com/professor/3114822,Mathematics,"TOUGH GRADER, LECTURE HEAVY, PARTICIPATION MATTERS, LOTS OF HOMEWORK, TEST HEAVY, TOUGH GRADER, TOUGH GRADER, GRADED BY FEW THINGS, TOUGH GRADER, LOTS OF HOMEWORK, LECTURE HEAVY, TOUGH GRADER, PARTICIPATION MATTERS, TEST HEAVY"
"CENICEROS, HECTOR",3.1,3.1,96,35%,https://www.ratemyprofessors.com/professor/59328,Mathematics,"TEST HEAVY, GRADED BY FEW THINGS, CLEAR GRADING CRITERIA, TOUGH GRADER, LECTURE HEAVY, CARING, ACCESSIBLE OUTSIDE CLASS, CLEAR GRADING CRITERIA, GIVES GOOD FEEDBACK, TOUGH GRADER, LECTURE HEAVY, TEST HEAVY"
"PARHAMI, BEHROOZ",2.5,2.6,11,33%,https://www.ratemyprofessors.com/professor/809341,Engineering,"TOUGH GRADER, GET READY TO READ, PARTICIPATION MATTERS, SKIP CLASS? YOU WON'T PASS., WOULD TAKE AGAIN, PARTICIPATION MATTERS, TOUGH GRADER, TOUGH GRADER, LOTS OF HOMEWORK, HILARIOUS"
"HIRSCH, SARAH",4.9,2.2,27,100%,https://www.ratemyprofessors.com/professor/1982786,Writing,"GIVES GOOD FEEDBACK, CLEAR GRADING CRITERIA, CARING, GET READY TO READ, PARTICIPATION MATTERS, GET READY TO READ, GIVES GOOD FEEDBACK, CARING, GIVES GOOD FEEDBACK, GET READY TO READ, PARTICIPATION MATTERS, GIVES GOOD FEEDBACK, PARTICIPATION MATTERS, CLEAR GRADING CRITERIA, GIVES GOOD FEEDBACK"
"KODIO, OUSMANE",3.0,3.0,1,100%,https://www.ratemyprofessors.com/professor/3121486,Mechanical Engineering,None
"KORMAN, DANIEL",4.3,2.9,48,87%,https://www.ratemyprofessors.com/professor/2318098,Philosophy,"GRADED BY FEW THINGS, AMAZING LECTURES, CLEAR GRADING CRITERIA, SO MANY PAPERS, TOUGH GRADER, CARING, LECTURE HEAVY, GRADED BY FEW THINGS, AMAZING LECTURES, CLEAR GRADING CRITERIA, GRADED BY FEW THINGS, GET READY TO READ, EXTRA CREDIT, CLEAR GRADING CRITERIA, EXTRA CREDIT, CLEAR GRADING CRITERIA, GRADED BY FEW THINGS"
"MEADOW, MARK",3.9,2.8,36,77%,https://www.ratemyprofessors.com/professor/570920,Art History,"LECTURE HEAVY, PARTICIPATION MATTERS, SKIP CLASS? YOU WON'T PASS., TOUGH GRADER, AMAZING LECTURES, PARTICIPATION MATTERS, GROUP PROJECTS, CARING, GET READY TO READ, PARTICIPATION MATTERS, AMAZING LECTURES, AMAZING LECTURES, LECTURE HEAVY, GRADED BY FEW THINGS, TOUGH GRADER, LECTURE HEAVY, TEST HEAVY"
"WALLACE, VESNA",3.5,2.2,31,54%,https://www.ratemyprofessors.com/professor/795725,Religious Studies,"GET READY TO READ, EXTRA CREDIT, LECTURE HEAVY, TOUGH GRADER, SKIP CLASS? YOU WON'T PASS., GET READY TO READ, AMAZING LECTURES, CARING, GET READY TO READ, EXTRA CREDIT, LECTURE HEAVY, GET READY TO READ, EXTRA CREDIT, GET READY TO READ, CARING"
"SHERWIN, MARK",2.4,3.8,24,47%,https://www.ratemyprofessors.com/professor/1047412,Physics,"TOUGH GRADER, LOTS OF HOMEWORK, GET READY TO READ, TEST HEAVY, PARTICIPATION MATTERS, TOUGH GRADER, LOTS OF HOMEWORK, LECTURE HEAVY, GET READY TO READ, GET READY TO READ, CLEAR GRADING CRITERIA, LOTS OF HOMEWORK, GET READY TO READ, CLEAR GRADING CRITERIA, CARING"
"HENNAWI, JOSEPH",2.4,3.8,17,29%,https://www.ratemyprofessors.com/professor/2258871,Physics,"LOTS OF HOMEWORK, ACCESSIBLE OUTSIDE CLASS, TOUGH GRADER, PARTICIPATION MATTERS, CLEAR GRADING CRITERIA, LOTS OF HOMEWORK, GRADED BY FEW THINGS, LOTS OF HOMEWORK, LOTS OF HOMEWORK, LOTS OF HOMEWORK"
"ALDER-KASSNER, LINDA",5.0,1.0,2,100%,https://www.ratemyprofessors.com/professor/2676230,Writing,"GROUP PROJECTS, AMAZING LECTURES, GIVES GOOD FEEDBACK, INSPIRATIONAL, CARING, GROUP PROJECTS, AMAZING LECTURES, CARING, GIVES GOOD FEEDBACK, RESPECTED, INSPIRATIONAL"
"MASTERSON, DANIEL",2.8,3.0,10,30%,https://www.ratemyprofessors.com/professor/2727131,Political Science,"GET READY TO READ, TOUGH GRADER, LECTURE HEAVY, GRADED BY FEW THINGS, PARTICIPATION MATTERS, TOUGH GRADER, GET READY TO READ, LECTURE HEAVY, GET READY TO READ, TOUGH GRADER, LECTURE HEAVY, GRADED BY FEW THINGS, TOUGH GRADER, GET READY TO READ, GRADED BY FEW THINGS"
"KULICK, CHARLES",5.0,2.4,5,100%,https://www.ratemyprofessors.com/professor/3113258,Mathematics,"CLEAR GRADING CRITERIA, EXTRA CREDIT, CARING, GIVES GOOD FEEDBACK, TEST HEAVY, EXTRA CREDIT, CLEAR GRADING CRITERIA, CARING, EXTRA CREDIT, CLEAR GRADING CRITERIA, GIVES GOOD FEEDBACK, CARING, TEST HEAVY, CLEAR GRADING CRITERIA, ACCESSIBLE OUTSIDE CLASS"
"DE VRIES, MATTANJAH",3.6,2.2,40,80%,https://www.ratemyprofessors.com/professor/411274,Chemistry,"CARING, LECTURE HEAVY, SKIP CLASS? YOU WON'T PASS., AMAZING LECTURES, WOULD TAKE AGAIN, AMAZING LECTURES, CLEAR GRADING CRITERIA, CARING, PARTICIPATION MATTERS, LECTURE HEAVY, TEST HEAVY, CARING, EXTRA CREDIT, INSPIRATIONAL, AMAZING LECTURES, CARING"
"BURATTO, WILLIAM",5.0,2.3,4,100%,https://www.ratemyprofessors.com/professor/3108075,Classics,"AMAZING LECTURES, CLEAR GRADING CRITERIA, GRADED BY FEW THINGS, ACCESSIBLE OUTSIDE CLASS, AMAZING LECTURES, AMAZING LECTURES, GRADED BY FEW THINGS, AMAZING LECTURES, CLEAR GRADING CRITERIA, ACCESSIBLE OUTSIDE CLASS"
"FUJINO, DIANE",3.8,3.1,92,75%,https://www.ratemyprofessors.com/professor/238497,Social Science,"GET READY TO READ, TOUGH GRADER, LECTURE HEAVY, SKIP CLASS? YOU WON'T PASS., RESPECTED, TOUGH GRADER, LECTURE HEAVY, GRADED BY FEW THINGS, GET READY TO READ, CLEAR GRADING CRITERIA, LECTURE HEAVY, AMAZING LECTURES, LECTURE HEAVY, GRADED BY FEW THINGS, TOUGH GRADER, GET READY TO READ, LECTURE HEAVY, TOUGH GRADER, GET READY TO READ, LECTURE HEAVY"
"ABU-OMAR, MAHDI",4.4,2.9,25,88%,https://www.ratemyprofessors.com/professor/2241328,Chemistry,"AMAZING LECTURES, GRADED BY FEW THINGS, CARING, HILARIOUS, TEST HEAVY, HILARIOUS, GRADED BY FEW THINGS, ACCESSIBLE OUTSIDE CLASS, TOUGH GRADER, TEST HEAVY, AMAZING LECTURES, CARING, HILARIOUS, CARING, TEST HEAVY, TEST HEAVY"
"OLGUIN, BEN",2.7,2.9,22,50%,https://www.ratemyprofessors.com/professor/2383501,English,"GET READY TO READ, EXTRA CREDIT, SKIP CLASS? YOU WON'T PASS., LECTURE HEAVY, PARTICIPATION MATTERS, EXTRA CREDIT, INSPIRATIONAL, LECTURE HEAVY, EXTRA CREDIT, CLEAR GRADING CRITERIA, GET READY TO READ, EXTRA CREDIT, GROUP PROJECTS, GET READY TO READ, PARTICIPATION MATTERS, INSPIRATIONAL, GET READY TO READ, EXTRA CREDIT, CLEAR GRADING CRITERIA"
"DYCK, KEITH",5.0,2.6,8,100%,https://www.ratemyprofessors.com/professor/2893909,Philosophy,"CARING, CLEAR GRADING CRITERIA, RESPECTED, LECTURE HEAVY, AMAZING LECTURES, AMAZING LECTURES, CARING, RESPECTED, CLEAR GRADING CRITERIA, CARING, LECTURE HEAVY, TOUGH GRADER, BEWARE OF POP QUIZZES, LECTURE HEAVY, LECTURE HEAVY, CLEAR GRADING CRITERIA, GIVES GOOD FEEDBACK, CARING"
"TAHA, REEM",5.0,2.0,1,100%,https://www.ratemyprofessors.com/professor/3016330,Comparative Literature & Lang,"GET READY TO READ, PARTICIPATION MATTERS, GROUP PROJECTS, GET READY TO READ, PARTICIPATION MATTERS, GROUP PROJECTS"
"METZGER, MIRIAM",3.5,3.5,67,51%,https://www.ratemyprofessors.com/professor/439610,Communication,"TEST HEAVY, CLEAR GRADING CRITERIA, TOUGH GRADER, LECTURE HEAVY, SKIP CLASS? YOU WON'T PASS., AMAZING LECTURES, CLEAR GRADING CRITERIA, ACCESSIBLE OUTSIDE CLASS, AMAZING LECTURES, CLEAR GRADING CRITERIA, CARING, TEST HEAVY, LECTURE HEAVY, TEST HEAVY"
"MARSH, JENNIFER",4.2,2.8,26,76%,https://www.ratemyprofessors.com/professor/2987989,Biology,"CARING, HILARIOUS, AMAZING LECTURES, GET READY TO READ, CLEAR GRADING CRITERIA, AMAZING LECTURES, INSPIRATIONAL, HILARIOUS, AMAZING LECTURES, HILARIOUS, CARING, AMAZING LECTURES, GIVES GOOD FEEDBACK, CARING, AMAZING LECTURES, LECTURE HEAVY, AMAZING LECTURES, CARING"
"GRUE, MICHELLE",5.0,1.7,3,100%,https://www.ratemyprofessors.com/professor/2602251,Writing,"PARTICIPATION MATTERS, GIVES GOOD FEEDBACK, CARING, RESPECTED, INSPIRATIONAL, PARTICIPATION MATTERS, INSPIRATIONAL, RESPECTED, PARTICIPATION MATTERS, GIVES GOOD FEEDBACK, CARING, GIVES GOOD FEEDBACK, RESPECTED, CARING"
"EVANS-WARE, KAARONICA",4.5,2.0,2,100%,https://www.ratemyprofessors.com/professor/2606135,English,"GIVES GOOD FEEDBACK, EXTRA CREDIT, CLEAR GRADING CRITERIA, INSPIRATIONAL, CARING, GIVES GOOD FEEDBACK, INSPIRATIONAL, CARING, EXTRA CREDIT, GIVES GOOD FEEDBACK, CLEAR GRADING CRITERIA"
"SHODIYA, SHOLA ",5.0,1.0,1,100%,https://www.ratemyprofessors.com/professor/3118592,Psychology,"AMAZING LECTURES, INSPIRATIONAL, CARING, AMAZING LECTURES, INSPIRATIONAL, CARING"
"PORTILLO, JULIE",2.6,3.8,4,100%,https://www.ratemyprofessors.com/professor/1847087,Spanish,"TOUGH GRADER, EXTRA CREDIT, CLEAR GRADING CRITERIA, TOUGH GRADER, EXTRA CREDIT, CLEAR GRADING CRITERIA"
"YUAN, JING",5.0,2.0,1,100%,https://www.ratemyprofessors.com/professor/3078541,East Asian Languages & Cultures,"PARTICIPATION MATTERS, HILARIOUS, CARING, PARTICIPATION MATTERS, HILARIOUS, CARING"
"POTTER, JAMES",2.2,3.7,58,15%,https://www.ratemyprofessors.com/professor/290333,Communication,"TOUGH GRADER, LECTURE HEAVY, GRADED BY FEW THINGS, GET READY TO READ, TEST HEAVY, AMAZING LECTURES, LECTURE HEAVY, ACCESSIBLE OUTSIDE CLASS, CLEAR GRADING CRITERIA, GIVES GOOD FEEDBACK, INSPIRATIONAL, TOUGH GRADER, LECTURE HEAVY, GET READY TO READ, GRADED BY FEW THINGS, TOUGH GRADER, TEST HEAVY, GRADED BY FEW THINGS"
"LUDKOVSKI, MICHAEL",3.0,4.1,21,42%,https://www.ratemyprofessors.com/professor/1294914,Statistics,"TOUGH GRADER, AMAZING LECTURES, PARTICIPATION MATTERS, SKIP CLASS? YOU WON'T PASS., LOTS OF HOMEWORK, TOUGH GRADER, AMAZING LECTURES, RESPECTED, TOUGH GRADER, PARTICIPATION MATTERS, TOUGH GRADER, TOUGH GRADER, PARTICIPATION MATTERS, LOTS OF HOMEWORK, TOUGH GRADER"
"GOODEARL, KEN",3.7,2.6,76,55%,https://www.ratemyprofessors.com/professor/279453,Mathematics,"CLEAR GRADING CRITERIA, GRADED BY FEW THINGS, TEST HEAVY, RESPECTED, LECTURE HEAVY, GET READY TO READ, CLEAR GRADING CRITERIA, TEST HEAVY, ACCESSIBLE OUTSIDE CLASS, TEST HEAVY, LECTURE HEAVY"
"BURATTO, WILLIAM",5.0,3.0,1,100%,https://www.ratemyprofessors.com/professor/3107532,Chemistry,"AMAZING LECTURES, CLEAR GRADING CRITERIA, ACCESSIBLE OUTSIDE CLASS, AMAZING LECTURES, CLEAR GRADING CRITERIA, ACCESSIBLE OUTSIDE CLASS"
"GROVER, SUSAN",3.7,3.2,38,65%,https://www.ratemyprofessors.com/professor/2470652,Economics,"EXTRA CREDIT, CARING, RESPECTED, GROUP PROJECTS, LOTS OF HOMEWORK, PARTICIPATION MATTERS, EXTRA CREDIT, CARING, EXTRA CREDIT, CLEAR GRADING CRITERIA, GRADED BY FEW THINGS, LOTS OF HOMEWORK, PARTICIPATION MATTERS, GROUP PROJECTS, RESPECTED, EXTRA CREDIT, GROUP PROJECTS, GIVES GOOD FEEDBACK"
"GREENE, AMANDA ",4.0,3.3,4,75%,https://www.ratemyprofessors.com/professor/2882864,Philosophy,"TOUGH GRADER, PARTICIPATION MATTERS, AMAZING LECTURES, GET READY TO READ, GIVES GOOD FEEDBACK, PARTICIPATION MATTERS, AMAZING LECTURES, GIVES GOOD FEEDBACK, TOUGH GRADER, PARTICIPATION MATTERS, INSPIRATIONAL, TOUGH GRADER, GET READY TO READ, AMAZING LECTURES"
"KHOURY, NUHA",1.9,3.6,69,23%,https://www.ratemyprofessors.com/professor/49031,Fine Arts,"LECTURE HEAVY, TOUGH GRADER, SKIP CLASS? YOU WON'T PASS., GET READY TO READ, GRADED BY FEW THINGS, TOUGH GRADER, GET READY TO READ, SO MANY PAPERS, LECTURE HEAVY, GRADED BY FEW THINGS, GET READY TO READ, BEWARE OF POP QUIZZES, LECTURE HEAVY"
"SPRAGUE, THOMAS TOMMY",4.6,2.7,65,90%,https://www.ratemyprofessors.com/professor/2481058,Psychology,"AMAZING LECTURES, CLEAR GRADING CRITERIA, GET READY TO READ, CARING, EXTRA CREDIT, EXTRA CREDIT, AMAZING LECTURES, CLEAR GRADING CRITERIA, GET READY TO READ, CLEAR GRADING CRITERIA, TEST HEAVY, GET READY TO READ, CLEAR GRADING CRITERIA, GET READY TO READ, EXTRA CREDIT"
"ADRIASOLA-MUNOZ, IGNACIO",2.6,3.4,18,40%,https://www.ratemyprofessors.com/professor/1881452,Art,"PARTICIPATION MATTERS, TOUGH GRADER, GET READY TO READ, SKIP CLASS? YOU WON'T PASS., AMAZING LECTURES, GROUP PROJECTS, RESPECTED, LECTURE HEAVY, TOUGH GRADER, PARTICIPATION MATTERS, AMAZING LECTURES, INSPIRATIONAL, GET READY TO READ, PARTICIPATION MATTERS, AMAZING LECTURES"
"WEBER, RENE",3.4,2.9,53,47%,https://www.ratemyprofessors.com/professor/962184,Communication,"GRADED BY FEW THINGS, RESPECTED, TEST HEAVY, GET READY TO READ, PARTICIPATION MATTERS, INSPIRATIONAL, CARING, RESPECTED, GET READY TO READ, CARING, GRADED BY FEW THINGS, TOUGH GRADER, LECTURE HEAVY, TEST HEAVY, CARING, TEST HEAVY, ACCESSIBLE OUTSIDE CLASS"
"SESHADRI, RAM",4.3,2.4,13,87%,https://www.ratemyprofessors.com/professor/789325,Engineering,"AMAZING LECTURES, HILARIOUS, RESPECTED, TOUGH GRADER, CLEAR GRADING CRITERIA, AMAZING LECTURES, CLEAR GRADING CRITERIA, HILARIOUS, LECTURE HEAVY, TEST HEAVY, GRADED BY FEW THINGS, AMAZING LECTURES, HILARIOUS, AMAZING LECTURES, RESPECTED, INSPIRATIONAL, HILARIOUS, AMAZING LECTURES"
"HERNANDEZ, ELLIE",2.8,2.2,35,40%,https://www.ratemyprofessors.com/professor/347225,Women's Studies,"GET READY TO READ, GROUP PROJECTS, LOTS OF HOMEWORK, PARTICIPATION MATTERS, GRADED BY FEW THINGS, GET READY TO READ, LOTS OF HOMEWORK, GET READY TO READ, CLEAR GRADING CRITERIA, LOTS OF HOMEWORK, GET READY TO READ, LOTS OF HOMEWORK, GRADED BY FEW THINGS, GET READY TO READ, LOTS OF HOMEWORK, SO MANY PAPERS, PARTICIPATION MATTERS, CARING, ACCESSIBLE OUTSIDE CLASS"
"ARVIZU RAMÍREZ, AHARON",5.0,2.5,2,100%,https://www.ratemyprofessors.com/professor/3069673,Spanish,"GIVES GOOD FEEDBACK, CARING, CLEAR GRADING CRITERIA, ACCESSIBLE OUTSIDE CLASS, GIVES GOOD FEEDBACK, CARING, ACCESSIBLE OUTSIDE CLASS, CLEAR GRADING CRITERIA, GIVES GOOD FEEDBACK, CARING"
"STOKES, LEAH",4.5,3.5,17,88%,https://www.ratemyprofessors.com/professor/2153307,Political Science,"PARTICIPATION MATTERS, LOTS OF HOMEWORK, AMAZING LECTURES, HILARIOUS, CLEAR GRADING CRITERIA, PARTICIPATION MATTERS, EXTRA CREDIT, AMAZING LECTURES, GET READY TO READ, AMAZING LECTURES, RESPECTED, LOTS OF HOMEWORK, CARING, LECTURE HEAVY, PARTICIPATION MATTERS, CLEAR GRADING CRITERIA, LOTS OF HOMEWORK, EXTRA CREDIT, LOTS OF HOMEWORK"
"WAID, CANDACE",3.1,3.0,75,35%,https://www.ratemyprofessors.com/professor/12781,English,"GET READY TO READ, CARING, INSPIRATIONAL, HILARIOUS, SKIP CLASS? YOU WON'T PASS., HILARIOUS, CARING, ACCESSIBLE OUTSIDE CLASS, CARING, RESPECTED, LECTURE HEAVY"
"COFFEY-EDISON, LEXXUS",3.4,2.4,5,60%,https://www.ratemyprofessors.com/professor/2986341,African-American Studies,"HILARIOUS, PARTICIPATION MATTERS, AMAZING LECTURES, GET READY TO READ, GIVES GOOD FEEDBACK, GET READY TO READ, AMAZING LECTURES, GIVES GOOD FEEDBACK, HILARIOUS, PARTICIPATION MATTERS, INSPIRATIONAL, HILARIOUS, PARTICIPATION MATTERS, AMAZING LECTURES, HILARIOUS"
"WILKENFELD, NAN",5.0,2.3,6,100%,https://www.ratemyprofessors.com/professor/2478653,Communication,"CARING, GROUP PROJECTS, AMAZING LECTURES, CLEAR GRADING CRITERIA, GIVES GOOD FEEDBACK, GROUP PROJECTS, AMAZING LECTURES, CARING, AMAZING LECTURES, CARING, GROUP PROJECTS, GIVES GOOD FEEDBACK, CARING"
"MORSTEIN-MARX, ROBERT",4.6,2.3,28,100%,https://www.ratemyprofessors.com/professor/280502,Classics,"GET READY TO READ, AMAZING LECTURES, LECTURE HEAVY, TOUGH GRADER, WOULD TAKE AGAIN, GET READY TO READ, AMAZING LECTURES, TEST HEAVY, GET READY TO READ, LECTURE HEAVY, GRADED BY FEW THINGS, TOUGH GRADER, GET READY TO READ, LECTURE HEAVY"
"THOMASSON, KELLY",2.3,3.7,81,28%,https://www.ratemyprofessors.com/professor/2336694,Biology,"LECTURE HEAVY, TEST HEAVY, GET READY TO READ, TOUGH GRADER, EXTRA CREDIT, CLEAR GRADING CRITERIA, ONLINE SAVVY, CARING, GRADED BY FEW THINGS, ACCESSIBLE OUTSIDE CLASS, TOUGH GRADER, LECTURE HEAVY"
"EVELYN, CHRISTOPHER",3.1,2.7,15,60%,https://www.ratemyprofessors.com/professor/2213601,Biology,"GROUP PROJECTS, TOUGH GRADER, GRADED BY FEW THINGS, SKIP CLASS? YOU WON'T PASS., CARING, GRADED BY FEW THINGS, EXTRA CREDIT, CLEAR GRADING CRITERIA, ACCESSIBLE OUTSIDE CLASS, GROUP PROJECTS, CARING, GROUP PROJECTS, CARING"
"PROULX, STEPHEN",3.7,2.7,3,66%,https://www.ratemyprofessors.com/professor/1887738,Biology,"SKIP CLASS? YOU WON'T PASS., GROUP PROJECTS, CLEAR GRADING CRITERIA, CARING, LECTURE HEAVY, GRADED BY FEW THINGS, SKIP CLASS? YOU WON'T PASS., LECTURE HEAVY, GROUP PROJECTS, CLEAR GRADING CRITERIA, CARING"
"LEE, HUA",2.8,3.8,42,33%,https://www.ratemyprofessors.com/professor/241213,Engineering,"TOUGH GRADER, TEST HEAVY, GRADED BY FEW THINGS, GET READY TO READ, SKIP CLASS? YOU WON'T PASS., TOUGH GRADER, HILARIOUS, TEST HEAVY, LECTURE HEAVY, TEST HEAVY, GRADED BY FEW THINGS, TOUGH GRADER, GRADED BY FEW THINGS"
"AGRAWAL, DIVYAKANT",2.9,3.5,39,35%,https://www.ratemyprofessors.com/professor/552298,Computer Science,"LOTS OF HOMEWORK, GROUP PROJECTS, CLEAR GRADING CRITERIA, GET READY TO READ, TOUGH GRADER, TOUGH GRADER, GRADED BY FEW THINGS, HILARIOUS, LECTURE HEAVY, ONLINE SAVVY, GET READY TO READ, CARING, LECTURE HEAVY, LOTS OF HOMEWORK, GRADED BY FEW THINGS"
"GUO, WENBO",4.5,2.0,4,75%,https://www.ratemyprofessors.com/professor/3107946,Computer Science,"CLEAR GRADING CRITERIA, CARING, ACCESSIBLE OUTSIDE CLASS, AMAZING LECTURES, HILARIOUS, CARING, ACCESSIBLE OUTSIDE CLASS, CARING, RESPECTED, ACCESSIBLE OUTSIDE CLASS, AMAZING LECTURES, CLEAR GRADING CRITERIA, HILARIOUS, CLEAR GRADING CRITERIA"
"PERRONE, DEBRA",4.9,2.9,13,100%,https://www.ratemyprofessors.com/professor/2654734,Environmental Science & Mgmt.,"GROUP PROJECTS, CARING, ACCESSIBLE OUTSIDE CLASS, TOUGH GRADER, PARTICIPATION MATTERS, TOUGH GRADER, PARTICIPATION MATTERS, AMAZING LECTURES, AMAZING LECTURES, INSPIRATIONAL, CARING, TOUGH GRADER, GROUP PROJECTS, SO MANY PAPERS, TOUGH GRADER, GROUP PROJECTS, TOUGH GRADER, GROUP PROJECTS, LOTS OF HOMEWORK"
"HOERBERG, DESTINY",5.0,2.0,2,100%,https://www.ratemyprofessors.com/professor/2883131,Education,"GROUP PROJECTS, PARTICIPATION MATTERS, EXTRA CREDIT, CLEAR GRADING CRITERIA, CARING, GROUP PROJECTS, CLEAR GRADING CRITERIA, CARING, PARTICIPATION MATTERS, EXTRA CREDIT, GROUP PROJECTS"
"CHATTOPADHYAYA, UTATHYA",3.3,3.9,26,53%,https://www.ratemyprofessors.com/professor/2470078,History,"GET READY TO READ, LECTURE HEAVY, TOUGH GRADER, GIVES GOOD FEEDBACK, CARING, GET READY TO READ, PARTICIPATION MATTERS, CARING, TOUGH GRADER, GET READY TO READ, GRADED BY FEW THINGS, TOUGH GRADER, GET READY TO READ, GRADED BY FEW THINGS, TOUGH GRADER, CARING, LECTURE HEAVY, GET READY TO READ, CARING, GRADED BY FEW THINGS"
"PAGE, MARK",4.3,3.7,10,50%,https://www.ratemyprofessors.com/professor/887948,Biology,"TOUGH GRADER, GROUP PROJECTS, SO MANY PAPERS, CLEAR GRADING CRITERIA, TEST HEAVY, GROUP PROJECTS, CLEAR GRADING CRITERIA, GRADED BY FEW THINGS, TOUGH GRADER, GROUP PROJECTS, SO MANY PAPERS, TOUGH GRADER, SO MANY PAPERS, TEST HEAVY"
"SCHOINOPLOKAKI, EMMANUELA",5.0,2.0,2,100%,https://www.ratemyprofessors.com/professor/2891855,Classics,"GET READY TO READ, PARTICIPATION MATTERS, AMAZING LECTURES, GIVES GOOD FEEDBACK, HILARIOUS, GET READY TO READ, AMAZING LECTURES, GIVES GOOD FEEDBACK, PARTICIPATION MATTERS, HILARIOUS, CARING"
"SIMPSON, JULIE",3.6,3.9,16,68%,https://www.ratemyprofessors.com/professor/2355570,Biology,"CLEAR GRADING CRITERIA, TEST HEAVY, TOUGH GRADER, CARING, RESPECTED, CLEAR GRADING CRITERIA, TEST HEAVY, TOUGH GRADER, GET READY TO READ, LECTURE HEAVY, TOUGH GRADER, GET READY TO READ, LECTURE HEAVY, TEST HEAVY, GRADED BY FEW THINGS, AMAZING LECTURES, INSPIRATIONAL, CARING"
"WEIMBS, THOMAS",2.7,3.8,12,50%,https://www.ratemyprofessors.com/professor/966658,Biology,"GROUP PROJECTS, GIVES GOOD FEEDBACK, GRADED BY FEW THINGS, GROUP PROJECTS, GIVES GOOD FEEDBACK, GRADED BY FEW THINGS"
"WALKER, DAVID",4.4,3.0,46,90%,https://www.ratemyprofessors.com/professor/1888074,Religious Studies,"AMAZING LECTURES, LECTURE HEAVY, INSPIRATIONAL, GET READY TO READ, SKIP CLASS? YOU WON'T PASS., AMAZING LECTURES, INSPIRATIONAL, LECTURE HEAVY, BEWARE OF POP QUIZZES, LECTURE HEAVY, GRADED BY FEW THINGS, AMAZING LECTURES, INSPIRATIONAL, GRADED BY FEW THINGS, AMAZING LECTURES, RESPECTED, LECTURE HEAVY, GET READY TO READ, INSPIRATIONAL, BEWARE OF POP QUIZZES"
"JIN, CHENHAO",2.6,4.5,11,36%,https://www.ratemyprofessors.com/professor/2705072,Physics,"GET READY TO READ, LOTS OF HOMEWORK, TEST HEAVY, RESPECTED, TOUGH GRADER, LOTS OF HOMEWORK, RESPECTED, ACCESSIBLE OUTSIDE CLASS, CLEAR GRADING CRITERIA, LOTS OF HOMEWORK, RESPECTED, LOTS OF HOMEWORK, CARING, RESPECTED, GET READY TO READ, LOTS OF HOMEWORK, TEST HEAVY"
"FELDMAN, RAISA",2.8,3.3,35,63%,https://www.ratemyprofessors.com/professor/118255,Statistics,"TOUGH GRADER, LOTS OF HOMEWORK, GIVES GOOD FEEDBACK, CARING, LECTURE HEAVY, LECTURE HEAVY, TOUGH GRADER, LOTS OF HOMEWORK, LECTURE HEAVY, TOUGH GRADER, HILARIOUS, TOUGH GRADER, LOTS OF HOMEWORK, TEST HEAVY, CARING, LECTURE HEAVY, ACCESSIBLE OUTSIDE CLASS"
"WALSH, CASEY",3.3,2.3,174,62%,https://www.ratemyprofessors.com/professor/1150564,Anthropology,"GET READY TO READ, CLEAR GRADING CRITERIA, LECTURE HEAVY, GRADED BY FEW THINGS, SKIP CLASS? YOU WON'T PASS., CARING, LECTURE HEAVY, GRADED BY FEW THINGS, TOUGH GRADER, GRADED BY FEW THINGS, GET READY TO READ, CLEAR GRADING CRITERIA, GRADED BY FEW THINGS, GET READY TO READ"
"RICE, AJ",1.5,2.5,2,,https://www.ratemyprofessors.com/professor/2936026,Political Science,"TOUGH GRADER, GET READY TO READ, AMAZING LECTURES, RESPECTED, TOUGH GRADER, RESPECTED, TOUGH GRADER, GET READY TO READ, AMAZING LECTURES"
"MOOSBRUGGER, LORELEI",4.4,3.3,50,83%,https://www.ratemyprofessors.com/professor/1112805,Political Science,"GET READY TO READ, AMAZING LECTURES, RESPECTED, GRADED BY FEW THINGS, TOUGH GRADER, GET READY TO READ, AMAZING LECTURES, GRADED BY FEW THINGS, GET READY TO READ, AMAZING LECTURES, GRADED BY FEW THINGS"
"LI, XIAORONG",3.2,3.1,17,35%,https://www.ratemyprofessors.com/professor/1623399,Languages,"GET READY TO READ, BEWARE OF POP QUIZZES, PARTICIPATION MATTERS, SKIP CLASS? YOU WON'T PASS., TOUGH GRADER, GET READY TO READ, BEWARE OF POP QUIZZES, LECTURE HEAVY, GET READY TO READ, BEWARE OF POP QUIZZES, LECTURE HEAVY, GET READY TO READ, PARTICIPATION MATTERS"
"APPINO-TABONE, ALLIE",3.7,2.0,3,66%,https://www.ratemyprofessors.com/professor/2876017,French,"GIVES GOOD FEEDBACK, PARTICIPATION MATTERS, GROUP PROJECTS, CLEAR GRADING CRITERIA, CARING, PARTICIPATION MATTERS, GROUP PROJECTS, GIVES GOOD FEEDBACK, CLEAR GRADING CRITERIA, GIVES GOOD FEEDBACK, CARING"
"YU, QIAN",3.3,4.0,4,50%,https://www.ratemyprofessors.com/professor/3020035,Electrical & Comp. Engineering,"EXTRA CREDIT, INSPIRATIONAL, HILARIOUS, CARING, RESPECTED, INSPIRATIONAL, HILARIOUS, CARING, EXTRA CREDIT, RESPECTED, ONLINE SAVVY"
"JUE, MELODY",4.3,2.8,22,81%,https://www.ratemyprofessors.com/professor/2352490,English,"GET READY TO READ, AMAZING LECTURES, CLEAR GRADING CRITERIA, INSPIRATIONAL, CARING, AMAZING LECTURES, GET READY TO READ, CARING, PARTICIPATION MATTERS, INSPIRATIONAL, CARING, GET READY TO READ, AMAZING LECTURES, LECTURE HEAVY, GET READY TO READ, LECTURE HEAVY, TEST HEAVY"
"IGLESIAS-RODRIGUEZ, DEBORA",1.2,3.6,5,,https://www.ratemyprofessors.com/professor/2610276,Biology,"TOUGH GRADER, EXTRA CREDIT, LECTURE HEAVY, PARTICIPATION MATTERS, TOUGH GRADER, TOUGH GRADER, LECTURE HEAVY, EXTRA CREDIT, TOUGH GRADER, PARTICIPATION MATTERS, EXTRA CREDIT, LECTURE HEAVY, TOUGH GRADER"
"DUNCAN, IAN",3.0,4.0,26,56%,https://www.ratemyprofessors.com/professor/1795165,Statistics,"TOUGH GRADER, TEST HEAVY, LOTS OF HOMEWORK, RESPECTED, SKIP CLASS? YOU WON'T PASS., AMAZING LECTURES, HILARIOUS, RESPECTED, TOUGH GRADER, TEST HEAVY, RESPECTED, TEST HEAVY"
"STOPPLE, JEFFREY",3.0,3.6,83,29%,https://www.ratemyprofessors.com/professor/118256,Mathematics,"TOUGH GRADER, TEST HEAVY, GRADED BY FEW THINGS, LECTURE HEAVY, LOTS OF HOMEWORK, TOUGH GRADER, LECTURE HEAVY, TEST HEAVY, TOUGH GRADER, TEST HEAVY, TOUGH GRADER, TEST HEAVY, GRADED BY FEW THINGS"
"GRAY, SUMMER",4.9,2.1,21,100%,https://www.ratemyprofessors.com/professor/1997141,Sociology,"CARING, INSPIRATIONAL, AMAZING LECTURES, CLEAR GRADING CRITERIA, GET READY TO READ, AMAZING LECTURES, CLEAR GRADING CRITERIA, ONLINE SAVVY, INSPIRATIONAL, CARING, RESPECTED, INSPIRATIONAL, CARING, RESPECTED, PARTICIPATION MATTERS, AMAZING LECTURES, CARING"
"MADRIGAL, LUPITA",5.0,1.5,4,100%,https://www.ratemyprofessors.com/professor/3085078,Communication,"PARTICIPATION MATTERS, GROUP PROJECTS, INSPIRATIONAL, CARING, GIVES GOOD FEEDBACK, PARTICIPATION MATTERS, GROUP PROJECTS, CARING, GROUP PROJECTS, GIVES GOOD FEEDBACK, INSPIRATIONAL, PARTICIPATION MATTERS, INSPIRATIONAL, CARING"
"BODDY, AMY",4.8,2.1,17,100%,https://www.ratemyprofessors.com/professor/2578600,Anthropology,"AMAZING LECTURES, INSPIRATIONAL, CLEAR GRADING CRITERIA, GIVES GOOD FEEDBACK, RESPECTED, AMAZING LECTURES, GIVES GOOD FEEDBACK, GET READY TO READ, AMAZING LECTURES, INSPIRATIONAL, GIVES GOOD FEEDBACK, INSPIRATIONAL, RESPECTED, GRADED BY FEW THINGS"
"YUN, HYUNJIN",5.0,3.0,1,100%,https://www.ratemyprofessors.com/professor/3109662,Economics,"AMAZING LECTURES, ACCESSIBLE OUTSIDE CLASS, AMAZING LECTURES, ACCESSIBLE OUTSIDE CLASS"
"KRUEGEL, CHRIS",4.8,3.6,9,100%,https://www.ratemyprofessors.com/professor/1262548,Computer Science,"AMAZING LECTURES, CLEAR GRADING CRITERIA, GIVES GOOD FEEDBACK, INSPIRATIONAL, ACCESSIBLE OUTSIDE CLASS, AMAZING LECTURES, GIVES GOOD FEEDBACK, INSPIRATIONAL, CLEAR GRADING CRITERIA, INSPIRATIONAL, AMAZING LECTURES, CARING, ACCESSIBLE OUTSIDE CLASS"
"MILLER-YOUNG, MIREILLE",4.2,2.7,56,90%,https://www.ratemyprofessors.com/professor/1047530,Women's Studies,"GET READY TO READ, RESPECTED, INSPIRATIONAL, AMAZING LECTURES, CARING, GET READY TO READ, INSPIRATIONAL, CARING, AMAZING LECTURES, INSPIRATIONAL, HILARIOUS, INSPIRATIONAL, HILARIOUS, INSPIRATIONAL, HILARIOUS, CARING, GET READY TO READ, LECTURE HEAVY"
"MAAR, HENRY",4.5,2.4,20,85%,https://www.ratemyprofessors.com/professor/2293587,History,"CARING, CLEAR GRADING CRITERIA, ACCESSIBLE OUTSIDE CLASS, GET READY TO READ, INSPIRATIONAL, TOUGH GRADER, GET READY TO READ, SO MANY PAPERS, GRADED BY FEW THINGS, CLEAR GRADING CRITERIA, RESPECTED, ACCESSIBLE OUTSIDE CLASS, GIVES GOOD FEEDBACK, RESPECTED, CARING"
"LUO, XIAO",3.0,3.1,7,57%,https://www.ratemyprofessors.com/professor/2915832,Physics,"LECTURE HEAVY, LOTS OF HOMEWORK, GET READY TO READ, CARING, AMAZING LECTURES, GET READY TO READ, LOTS OF HOMEWORK, LECTURE HEAVY, GET READY TO READ, CLEAR GRADING CRITERIA, LOTS OF HOMEWORK, LECTURE HEAVY, AMAZING LECTURES, LOTS OF HOMEWORK, LECTURE HEAVY"
"HAMMER, LESLIE",4.4,3.0,39,84%,https://www.ratemyprofessors.com/professor/1195750,Writing,"GIVES GOOD FEEDBACK, LOTS OF HOMEWORK, CARING, PARTICIPATION MATTERS, SKIP CLASS? YOU WON'T PASS., TOUGH GRADER, PARTICIPATION MATTERS, LOTS OF HOMEWORK, PARTICIPATION MATTERS, GIVES GOOD FEEDBACK, CARING, GIVES GOOD FEEDBACK, INSPIRATIONAL, LOTS OF HOMEWORK"
"LIN, HUIJIA (RACHEL",2.2,4.3,25,23%,https://www.ratemyprofessors.com/professor/2000411,Computer Science,"TOUGH GRADER, LOTS OF HOMEWORK, CARING, LECTURE HEAVY, GET READY TO READ, LOTS OF HOMEWORK, CARING, LECTURE HEAVY, GRADED BY FEW THINGS, PARTICIPATION MATTERS, LOTS OF HOMEWORK, CARING, TOUGH GRADER, PARTICIPATION MATTERS, HILARIOUS"
"COLLINS, NANCY",4.7,2.3,36,,https://www.ratemyprofessors.com/professor/161714,Psychology,"AMAZING LECTURES, WOULD TAKE AGAIN, HILARIOUS, CLEAR GRADING CRITERIA, GIVES GOOD FEEDBACK"
"HATCHER, KEVIN",4.1,1.9,9,88%,https://www.ratemyprofessors.com/professor/2558883,Exercise & Sport Studies,"GROUP PROJECTS, GRADED BY FEW THINGS, AMAZING LECTURES, CLEAR GRADING CRITERIA, GIVES GOOD FEEDBACK, GROUP PROJECTS, LECTURE HEAVY, GROUP PROJECTS, AMAZING LECTURES, GIVES GOOD FEEDBACK, GROUP PROJECTS, GRADED BY FEW THINGS, GROUP PROJECTS"
"ALIZADEH, MAHNOOSH",4.0,2.4,9,55%,https://www.ratemyprofessors.com/professor/2669799,Electrical & Comp. Engineering,"CARING, HILARIOUS, TEST HEAVY, PARTICIPATION MATTERS, INSPIRATIONAL, LOTS OF HOMEWORK, LECTURE HEAVY, TEST HEAVY, INSPIRATIONAL, HILARIOUS, CARING, HILARIOUS"
"VISELL, YON",2.7,3.0,3,33%,https://www.ratemyprofessors.com/professor/2497339,Electrical amp Comp. Engineering,"GROUP PROJECTS, SKIP CLASS? YOU WON'T PASS., GIVES GOOD FEEDBACK, LECTURE HEAVY, GIVES GOOD FEEDBACK, GROUP PROJECTS, LECTURE HEAVY, SKIP CLASS? YOU WON'T PASS., GROUP PROJECTS"
"PAUL, DAVID",3.7,3.1,27,83%,https://www.ratemyprofessors.com/professor/1105492,Music,"GET READY TO READ, AMAZING LECTURES, SO MANY PAPERS, CARING, TOUGH GRADER, TOUGH GRADER, LOTS OF HOMEWORK, SO MANY PAPERS, PARTICIPATION MATTERS, AMAZING LECTURES, GET READY TO READ, AMAZING LECTURES, INSPIRATIONAL, GIVES GOOD FEEDBACK, GET READY TO READ, CARING, RESPECTED, ACCESSIBLE OUTSIDE CLASS, CARING"
"DIAZ SANCHEZ, MICAELA",3.0,2.4,21,42%,https://www.ratemyprofessors.com/professor/2153389,Chicano Studies,"GET READY TO READ, GRADED BY FEW THINGS, CARING, EXTRA CREDIT, CLEAR GRADING CRITERIA, PARTICIPATION MATTERS, CARING, GRADED BY FEW THINGS, CLEAR GRADING CRITERIA, CARING, LECTURE HEAVY, GET READY TO READ, EXTRA CREDIT, ONLINE SAVVY, GET READY TO READ"
"QIN, CHENG-ZHONG",2.6,3.8,52,46%,https://www.ratemyprofessors.com/professor/648448,Economics,"GRADED BY FEW THINGS, TEST HEAVY, TOUGH GRADER, AMAZING LECTURES, GET READY TO READ, TEST HEAVY, TEST HEAVY, GRADED BY FEW THINGS, GRADED BY FEW THINGS, TEST HEAVY, GRADED BY FEW THINGS"
"THAYER, BARBARA",3.6,3.7,28,67%,https://www.ratemyprofessors.com/professor/2286233,Psychology,"AMAZING LECTURES, BEWARE OF POP QUIZZES, GET READY TO READ, LECTURE HEAVY, TEST HEAVY, AMAZING LECTURES, INSPIRATIONAL, CARING, PARTICIPATION MATTERS, AMAZING LECTURES, CLEAR GRADING CRITERIA, AMAZING LECTURES, LECTURE HEAVY, ACCESSIBLE OUTSIDE CLASS, AMAZING LECTURES, HILARIOUS, LECTURE HEAVY, TEST HEAVY, LECTURE HEAVY"
"MCCLURE, SARAH",4.7,2.5,26,84%,https://www.ratemyprofessors.com/professor/2562402,Anthropology,"AMAZING LECTURES, GET READY TO READ, PARTICIPATION MATTERS, SO MANY PAPERS, CARING, GET READY TO READ, CARING, LECTURE HEAVY, TOUGH GRADER, PARTICIPATION MATTERS, LOTS OF HOMEWORK, RESPECTED, GRADED BY FEW THINGS, GET READY TO READ, AMAZING LECTURES, CLEAR GRADING CRITERIA, PARTICIPATION MATTERS, LECTURE HEAVY, GRADED BY FEW THINGS"
"VAZQUEZ-BARE, GONZALO",2.1,4.4,11,27%,https://www.ratemyprofessors.com/professor/2696645,Economics,"TEST HEAVY, TOUGH GRADER, CLEAR GRADING CRITERIA, GRADED BY FEW THINGS, AMAZING LECTURES, TOUGH GRADER, CLEAR GRADING CRITERIA, TEST HEAVY, AMAZING LECTURES"
"PEDARSANI, RAMTIN",4.0,3.0,5,80%,https://www.ratemyprofessors.com/professor/3074577,Electrical & Comp. Engineering,"AMAZING LECTURES, TEST HEAVY, GRADED BY FEW THINGS, TEST HEAVY, GRADED BY FEW THINGS, AMAZING LECTURES"
"HOLMES, DAWN",3.2,2.9,164,46%,https://www.ratemyprofessors.com/professor/11147,Statistics,"TEST HEAVY, GRADED BY FEW THINGS, TOUGH GRADER, SKIP CLASS? YOU WON'T PASS., LECTURE HEAVY, TOUGH GRADER, TEST HEAVY, GRADED BY FEW THINGS, TOUGH GRADER, TEST HEAVY, GRADED BY FEW THINGS, TOUGH GRADER, TEST HEAVY, TOUGH GRADER, TEST HEAVY, GRADED BY FEW THINGS"
"YOUNG, MILLER",4.8,1.4,10,88%,https://www.ratemyprofessors.com/professor/1518585,Women's Studies,"AMAZING LECTURES, GET READY TO READ, EXTRA CREDIT, INSPIRATIONAL, CARING, AMAZING LECTURES, CLEAR GRADING CRITERIA, HILARIOUS, AMAZING LECTURES, INSPIRATIONAL, CARING, GET READY TO READ, EXTRA CREDIT, AMAZING LECTURES, GET READY TO READ, EXTRA CREDIT, AMAZING LECTURES, GET READY TO READ, AMAZING LECTURES"
"CASSELS, SUSAN",3.6,2.7,12,66%,https://www.ratemyprofessors.com/professor/2054922,Geography,"PARTICIPATION MATTERS, GET READY TO READ, AMAZING LECTURES, BEWARE OF POP QUIZZES, TOUGH GRADER, GET READY TO READ, CARING, LECTURE HEAVY, PARTICIPATION MATTERS, GIVES GOOD FEEDBACK, PARTICIPATION MATTERS, AMAZING LECTURES, INSPIRATIONAL, GET READY TO READ, LECTURE HEAVY, PARTICIPATION MATTERS, AMAZING LECTURES, CARING"
"DASGUPTA, DEBANUJ",4.0,2.6,20,75%,https://www.ratemyprofessors.com/professor/2678118,Feminist Studies,"GET READY TO READ, GIVES GOOD FEEDBACK, PARTICIPATION MATTERS, CLEAR GRADING CRITERIA, HILARIOUS, GRADED BY FEW THINGS, PARTICIPATION MATTERS, CLEAR GRADING CRITERIA, GIVES GOOD FEEDBACK, GET READY TO READ, PARTICIPATION MATTERS"
"KORNBERG, DANA",3.0,2.8,16,50%,https://www.ratemyprofessors.com/professor/2672015,Sociology,"GET READY TO READ, GRADED BY FEW THINGS, TOUGH GRADER, CARING, PARTICIPATION MATTERS, GET READY TO READ, CARING, LECTURE HEAVY, AMAZING LECTURES, INSPIRATIONAL, CARING, GET READY TO READ, CARING, GRADED BY FEW THINGS"
"SHILO, AMIT",3.1,2.7,43,57%,https://www.ratemyprofessors.com/professor/2137401,Classics,"GET READY TO READ, LOTS OF HOMEWORK, LECTURE HEAVY, SKIP CLASS? YOU WON'T PASS., PARTICIPATION MATTERS, GET READY TO READ, GROUP PROJECTS, SO MANY PAPERS, PARTICIPATION MATTERS, LOTS OF HOMEWORK, TEST HEAVY, GET READY TO READ, BEWARE OF POP QUIZZES, GRADED BY FEW THINGS, TOUGH GRADER, GET READY TO READ, LECTURE HEAVY"
"RODRIGUEZ, RAUL",2.5,3.9,31,38%,https://www.ratemyprofessors.com/professor/2933544,Mathematics,"TOUGH GRADER, TEST HEAVY, GRADED BY FEW THINGS, LECTURE HEAVY, GET READY TO READ, TOUGH GRADER, LECTURE HEAVY, TEST HEAVY, TOUGH GRADER, TEST HEAVY, GRADED BY FEW THINGS, TEST HEAVY, GRADED BY FEW THINGS, CLEAR GRADING CRITERIA, LECTURE HEAVY, GRADED BY FEW THINGS"
"SU, JIANWEN",2.1,3.7,31,42%,https://www.ratemyprofessors.com/professor/1046333,Computer Science,"GROUP PROJECTS, TOUGH GRADER, LOTS OF HOMEWORK, GRADED BY FEW THINGS, GET READY TO READ, TOUGH GRADER, GROUP PROJECTS, AMAZING LECTURES, GROUP PROJECTS, EXTRA CREDIT, GROUP PROJECTS, LOTS OF HOMEWORK, GROUP PROJECTS, TOUGH GRADER"
"OH, SANG-YUN",2.3,3.8,29,36%,https://www.ratemyprofessors.com/professor/2081738,Statistics,"TOUGH GRADER, LOTS OF HOMEWORK, GROUP PROJECTS, BEWARE OF POP QUIZZES, GET READY TO READ, GROUP PROJECTS, CLEAR GRADING CRITERIA, ONLINE SAVVY, PARTICIPATION MATTERS, GROUP PROJECTS, ONLINE SAVVY, TOUGH GRADER"
"SHKOLNIK, ALEXANDER",3.7,4.1,15,73%,https://www.ratemyprofessors.com/professor/2524082,Statistics,"GROUP PROJECTS, EXTRA CREDIT, AMAZING LECTURES, LOTS OF HOMEWORK, ACCESSIBLE OUTSIDE CLASS, GROUP PROJECTS, INSPIRATIONAL, HILARIOUS, AMAZING LECTURES, HILARIOUS, ACCESSIBLE OUTSIDE CLASS, EXTRA CREDIT, GROUP PROJECTS, AMAZING LECTURES, GROUP PROJECTS, RESPECTED, ACCESSIBLE OUTSIDE CLASS, EXTRA CREDIT, AMAZING LECTURES, LOTS OF HOMEWORK"
"PREISS, JAMES",2.1,4.3,7,28%,https://www.ratemyprofessors.com/professor/3106808,Computer Science,"TOUGH GRADER, TEST HEAVY, GRADED BY FEW THINGS, GET READY TO READ, EXTRA CREDIT, GROUP PROJECTS, ACCESSIBLE OUTSIDE CLASS, EXTRA CREDIT, AMAZING LECTURES, CARING, TOUGH GRADER, GET READY TO READ, LECTURE HEAVY, CLEAR GRADING CRITERIA, TEST HEAVY, GRADED BY FEW THINGS"
"WU, GRACE",4.6,3.0,5,100%,https://www.ratemyprofessors.com/professor/2917481,Mathematics,"LOTS OF HOMEWORK, ONLINE SAVVY, CLEAR GRADING CRITERIA, RESPECTED, EXTRA CREDIT, EXTRA CREDIT, CLEAR GRADING CRITERIA, LOTS OF HOMEWORK, LOTS OF HOMEWORK, CARING, ONLINE SAVVY, GROUP PROJECTS, CLEAR GRADING CRITERIA, RESPECTED, LOTS OF HOMEWORK, ONLINE SAVVY, RESPECTED, ACCESSIBLE OUTSIDE CLASS, ONLINE SAVVY"
"LAURENT-PERRAULT, EVELYNE",2.8,2.4,5,40%,https://www.ratemyprofessors.com/professor/2417559,History,"GET READY TO READ, LECTURE HEAVY, SO MANY PAPERS, AMAZING LECTURES, CLEAR GRADING CRITERIA, LOTS OF HOMEWORK, SO MANY PAPERS, LECTURE HEAVY, GET READY TO READ, LECTURE HEAVY, GET READY TO READ, SO MANY PAPERS, GET READY TO READ, CLEAR GRADING CRITERIA, GET READY TO READ, AMAZING LECTURES, LECTURE HEAVY"
"NGUYEN, ALICE",1.2,3.9,83,2%,https://www.ratemyprofessors.com/professor/2109478,Biology,"TOUGH GRADER, GRADED BY FEW THINGS, LOTS OF HOMEWORK, TEST HEAVY, GET READY TO READ, CLEAR GRADING CRITERIA, TOUGH GRADER, CLEAR GRADING CRITERIA, TOUGH GRADER"
"CONRAD, PHILL",4.5,2.0,78,87%,https://www.ratemyprofessors.com/professor/1146063,Computer Science,"RESPECTED, GROUP PROJECTS, INSPIRATIONAL, AMAZING LECTURES, CARING, EXTRA CREDIT, GROUP PROJECTS, INSPIRATIONAL, GROUP PROJECTS, PARTICIPATION MATTERS, GIVES GOOD FEEDBACK, INSPIRATIONAL, GIVES GOOD FEEDBACK, CARING, ACCESSIBLE OUTSIDE CLASS, TOUGH GRADER, GROUP PROJECTS, ONLINE SAVVY"
"WANG, YUAN-FANG",1.8,4.1,55,18%,https://www.ratemyprofessors.com/professor/356046,Computer Science,"TOUGH GRADER, LOTS OF HOMEWORK, GRADED BY FEW THINGS, CLEAR GRADING CRITERIA, GET READY TO READ, AMAZING LECTURES, INSPIRATIONAL, ACCESSIBLE OUTSIDE CLASS, TOUGH GRADER, GRADED BY FEW THINGS, TOUGH GRADER, GRADED BY FEW THINGS, TOUGH GRADER, GET READY TO READ"
"POPESCU, PAULA",3.6,3.0,42,76%,https://www.ratemyprofessors.com/professor/2275527,Physics,"CLEAR GRADING CRITERIA, CARING, LOTS OF HOMEWORK, GRADED BY FEW THINGS, EXTRA CREDIT, GROUP PROJECTS, GRADED BY FEW THINGS, ACCESSIBLE OUTSIDE CLASS, TEST HEAVY, GRADED BY FEW THINGS"
"CASILLAS, DOLORES",4.3,2.2,38,74%,https://www.ratemyprofessors.com/professor/1237945,Chicano Studies,"GET READY TO READ, AMAZING LECTURES, CARING, SO MANY PAPERS, EXTRA CREDIT, GET READY TO READ, CARING, GRADED BY FEW THINGS, GET READY TO READ, PARTICIPATION MATTERS, CARING"
"JAMMALAMADAKA, SREENIVASA",4.4,2.4,31,82%,https://www.ratemyprofessors.com/professor/125860,Statistics,"RESPECTED, CARING, LECTURE HEAVY, CLEAR GRADING CRITERIA, INSPIRATIONAL, RESPECTED, AMAZING LECTURES, CLEAR GRADING CRITERIA, CARING, CLEAR GRADING CRITERIA, CARING, LECTURE HEAVY, CLEAR GRADING CRITERIA, CARING, PARTICIPATION MATTERS, RESPECTED, LECTURE HEAVY"
"BALKIND, JONATHAN",3.5,3.2,26,73%,https://www.ratemyprofessors.com/professor/2685406,Computer Science,"INSPIRATIONAL, AMAZING LECTURES, LOTS OF HOMEWORK, CLEAR GRADING CRITERIA, ACCESSIBLE OUTSIDE CLASS, LOTS OF HOMEWORK, TOUGH GRADER, LOTS OF HOMEWORK, GRADED BY FEW THINGS, CLEAR GRADING CRITERIA, LOTS OF HOMEWORK"
"PARK, SOWON",4.3,3.2,20,80%,https://www.ratemyprofessors.com/professor/2237922,English,"INSPIRATIONAL, GRADED BY FEW THINGS, AMAZING LECTURES, RESPECTED, LECTURE HEAVY, AMAZING LECTURES, CARING, AMAZING LECTURES, GIVES GOOD FEEDBACK, INSPIRATIONAL, LECTURE HEAVY, GRADED BY FEW THINGS, ACCESSIBLE OUTSIDE CLASS, GET READY TO READ, INSPIRATIONAL, GRADED BY FEW THINGS"
"KING, RACHAEL",3.3,3.1,15,57%,https://www.ratemyprofessors.com/professor/2098222,English,"GET READY TO READ, PARTICIPATION MATTERS, SO MANY PAPERS, CLEAR GRADING CRITERIA, CARING, PARTICIPATION MATTERS, GIVES GOOD FEEDBACK, CARING, PARTICIPATION MATTERS, GET READY TO READ, AMAZING LECTURES, GRADED BY FEW THINGS, PARTICIPATION MATTERS, CARING, ACCESSIBLE OUTSIDE CLASS"
"LOUIS, MATTHIEU",3.4,4.1,14,35%,https://www.ratemyprofessors.com/professor/2501631,Biology,"CARING, LECTURE HEAVY, CLEAR GRADING CRITERIA, LOTS OF HOMEWORK, ACCESSIBLE OUTSIDE CLASS, CLEAR GRADING CRITERIA, CARING, LECTURE HEAVY, CARING, LECTURE HEAVY, LECTURE HEAVY, TOUGH GRADER, LOTS OF HOMEWORK, CARING, LECTURE HEAVY, GRADED BY FEW THINGS"
"HARMON, COBY",3.6,3.1,167,73%,https://www.ratemyprofessors.com/professor/214353,Accounting,"HILARIOUS, TEST HEAVY, LOTS OF HOMEWORK, CARING, GRADED BY FEW THINGS, LECTURE HEAVY, TEST HEAVY, GRADED BY FEW THINGS, PARTICIPATION MATTERS, EXTRA CREDIT, AMAZING LECTURES, CARING, LECTURE HEAVY, GRADED BY FEW THINGS"
"SIMMS, ALEX",4.2,2.4,64,78%,https://www.ratemyprofessors.com/professor/1890667,Science,"BEWARE OF POP QUIZZES, RESPECTED, HILARIOUS, LECTURE HEAVY, EXTRA CREDIT, CARING, RESPECTED, GRADED BY FEW THINGS, TOUGH GRADER, GRADED BY FEW THINGS, TOUGH GRADER, PARTICIPATION MATTERS, GRADED BY FEW THINGS, TOUGH GRADER, GRADED BY FEW THINGS"
"EDGAR, ADRIENNE",3.3,2.9,29,68%,https://www.ratemyprofessors.com/professor/830976,History,"GET READY TO READ, CARING, RESPECTED, LECTURE HEAVY, GRADED BY FEW THINGS, INSPIRATIONAL, CARING, RESPECTED, GET READY TO READ, TEST HEAVY, GRADED BY FEW THINGS, EXTRA CREDIT, AMAZING LECTURES, GRADED BY FEW THINGS, GET READY TO READ, SO MANY PAPERS, PARTICIPATION MATTERS"
"MA, YUEYUAN",2.0,4.2,26,30%,https://www.ratemyprofessors.com/professor/2843379,Economics,"TEST HEAVY, GRADED BY FEW THINGS, TOUGH GRADER, LOTS OF HOMEWORK, GET READY TO READ, CLEAR GRADING CRITERIA, LOTS OF HOMEWORK, LECTURE HEAVY, EXTRA CREDIT, LOTS OF HOMEWORK, GRADED BY FEW THINGS, GET READY TO READ, CLEAR GRADING CRITERIA, LOTS OF HOMEWORK, TOUGH GRADER, TEST HEAVY, GRADED BY FEW THINGS, GET READY TO READ, TEST HEAVY, GRADED BY FEW THINGS"
"COBO, JUAN",3.7,3.3,14,71%,https://www.ratemyprofessors.com/professor/2345405,History,"GET READY TO READ, LECTURE HEAVY, LOTS OF HOMEWORK, PARTICIPATION MATTERS, AMAZING LECTURES, GET READY TO READ, LECTURE HEAVY, GET READY TO READ, CARING, LECTURE HEAVY, GET READY TO READ, LECTURE HEAVY, GET READY TO READ, CLEAR GRADING CRITERIA, LOTS OF HOMEWORK, GET READY TO READ, AMAZING LECTURES, LECTURE HEAVY"
"RAZOR, SASHA ",4.9,2.0,9,100%,https://www.ratemyprofessors.com/professor/2947522,Film,"CARING, ONLINE SAVVY, PARTICIPATION MATTERS, AMAZING LECTURES, GIVES GOOD FEEDBACK, PARTICIPATION MATTERS, LOTS OF HOMEWORK, CARING, AMAZING LECTURES, GIVES GOOD FEEDBACK, CARING, RESPECTED, ACCESSIBLE OUTSIDE CLASS, ONLINE SAVVY"
"SHARBROUGH, JOEL",5.0,3.0,2,100%,https://www.ratemyprofessors.com/professor/3105184,Biology,"AMAZING LECTURES, GIVES GOOD FEEDBACK, LECTURE HEAVY, AMAZING LECTURES, GIVES GOOD FEEDBACK, AMAZING LECTURES, GIVES GOOD FEEDBACK, LECTURE HEAVY"
"CHIKOWERO, MHOZE",2.9,2.9,30,40%,https://www.ratemyprofessors.com/professor/1581077,History,"GET READY TO READ, BEWARE OF POP QUIZZES, SO MANY PAPERS, TOUGH GRADER, LOTS OF HOMEWORK, GET READY TO READ, BEWARE OF POP QUIZZES, SO MANY PAPERS, BEWARE OF POP QUIZZES, GRADED BY FEW THINGS, TOUGH GRADER, GRADED BY FEW THINGS, GET READY TO READ, SO MANY PAPERS, GET READY TO READ, PARTICIPATION MATTERS, SO MANY PAPERS"
"LUDWIG, ANDREAS",4.3,3.9,10,100%,https://www.ratemyprofessors.com/professor/355291,Physics,"AMAZING LECTURES, INSPIRATIONAL, PARTICIPATION MATTERS, LOTS OF HOMEWORK, RESPECTED, PARTICIPATION MATTERS, AMAZING LECTURES, INSPIRATIONAL, LOTS OF HOMEWORK, AMAZING LECTURES"
"GALLUCCI, RALPH",4.1,1.9,250,76%,https://www.ratemyprofessors.com/professor/13635,Classics,"EXTRA CREDIT, GET READY TO READ, CLEAR GRADING CRITERIA, ACCESSIBLE OUTSIDE CLASS, CARING, GRADED BY FEW THINGS, CARING, GRADED BY FEW THINGS, ACCESSIBLE OUTSIDE CLASS"
"PAN, JIAYIN",3.4,3.4,51,60%,https://www.ratemyprofessors.com/professor/2415205,Mathematics,"TEST HEAVY, LECTURE HEAVY, SKIP CLASS? YOU WON'T PASS., ACCESSIBLE OUTSIDE CLASS, GIVES GOOD FEEDBACK, HILARIOUS, ACCESSIBLE OUTSIDE CLASS, GROUP PROJECTS, TOUGH GRADER, GROUP PROJECTS, CLEAR GRADING CRITERIA, LOTS OF HOMEWORK, HILARIOUS, ACCESSIBLE OUTSIDE CLASS, ONLINE SAVVY"
"PRIETO, ERIC",4.1,2.8,41,88%,https://www.ratemyprofessors.com/professor/617561,Literature,"GET READY TO READ, CARING, EXTRA CREDIT, AMAZING LECTURES, GIVES GOOD FEEDBACK, GIVES GOOD FEEDBACK, BEWARE OF POP QUIZZES, GET READY TO READ, GIVES GOOD FEEDBACK, ACCESSIBLE OUTSIDE CLASS, GET READY TO READ, RESPECTED, GET READY TO READ, AMAZING LECTURES, CARING, GET READY TO READ, AMAZING LECTURES, CARING"
"KROKHMAL, ANNA",5.0,1.5,4,100%,https://www.ratemyprofessors.com/professor/2937734,Linguistics,"CARING, INSPIRATIONAL, CLEAR GRADING CRITERIA, RESPECTED, INSPIRATIONAL, CARING, CLEAR GRADING CRITERIA, CARING, INSPIRATIONAL, CARING, RESPECTED"
"THACKER, ROBERT",4.0,2.0,2,100%,https://www.ratemyprofessors.com/professor/3050162,Geography,"EXTRA CREDIT, CLEAR GRADING CRITERIA, CARING, RESPECTED, LECTURE HEAVY, EXTRA CREDIT, CLEAR GRADING CRITERIA, LECTURE HEAVY"
"CASTELLA, FRANCESC",4.5,2.1,25,96%,https://www.ratemyprofessors.com/professor/2564548,Mathematics,"CLEAR GRADING CRITERIA, GRADED BY FEW THINGS, ACCESSIBLE OUTSIDE CLASS, RESPECTED, AMAZING LECTURES, AMAZING LECTURES, CLEAR GRADING CRITERIA, GIVES GOOD FEEDBACK, RESPECTED, AMAZING LECTURES, CLEAR GRADING CRITERIA, RESPECTED, CLEAR GRADING CRITERIA, LECTURE HEAVY, CLEAR GRADING CRITERIA, GIVES GOOD FEEDBACK, ACCESSIBLE OUTSIDE CLASS"
"MURUAMENDIARAZ, MAITANE",5.0,1.8,5,100%,https://www.ratemyprofessors.com/professor/2901540,Spanish,"CARING, ACCESSIBLE OUTSIDE CLASS, PARTICIPATION MATTERS, CLEAR GRADING CRITERIA, GIVES GOOD FEEDBACK, CARING, RESPECTED, ACCESSIBLE OUTSIDE CLASS, GIVES GOOD FEEDBACK, CARING, PARTICIPATION MATTERS, CLEAR GRADING CRITERIA, CARING, GRADED BY FEW THINGS, ACCESSIBLE OUTSIDE CLASS"
"BORROMEO, CARLA",3.4,3.2,5,60%,https://www.ratemyprofessors.com/professor/2265213,French  Italian,"PARTICIPATION MATTERS, TOUGH GRADER, SKIP CLASS? YOU WON'T PASS., AMAZING LECTURES, INSPIRATIONAL, TOUGH GRADER, PARTICIPATION MATTERS, GRADED BY FEW THINGS, TOUGH GRADER, PARTICIPATION MATTERS, TOUGH GRADER, PARTICIPATION MATTERS, INSPIRATIONAL, AMAZING LECTURES, CARING, PARTICIPATION MATTERS, SKIP CLASS? YOU WON'T PASS."
"MENDEZ, CECILIA",1.9,4.0,66,10%,https://www.ratemyprofessors.com/professor/128337,History,"GET READY TO READ, TOUGH GRADER, SKIP CLASS? YOU WON'T PASS., LOTS OF HOMEWORK, SO MANY PAPERS, GET READY TO READ, PARTICIPATION MATTERS, GET READY TO READ, GIVES GOOD FEEDBACK, LECTURE HEAVY, GET READY TO READ, AMAZING LECTURES"
"LAVERMAN, LEROY",4.1,3.2,56,100%,https://www.ratemyprofessors.com/professor/244462,Chemistry,"TOUGH GRADER, CARING, SKIP CLASS? YOU WON'T PASS., AMAZING LECTURES, GIVES GOOD FEEDBACK, AMAZING LECTURES, CARING, LECTURE HEAVY, GIVES GOOD FEEDBACK, CARING, LECTURE HEAVY, AMAZING LECTURES, GIVES GOOD FEEDBACK, CARING"
"DUAN, JUNTAO",2.0,4.2,5,,https://www.ratemyprofessors.com/professor/3101508,Statistics,"TEST HEAVY, LECTURE HEAVY, GRADED BY FEW THINGS, LECTURE HEAVY, TEST HEAVY, GRADED BY FEW THINGS, TEST HEAVY, LECTURE HEAVY, TEST HEAVY, GRADED BY FEW THINGS, LECTURE HEAVY, TEST HEAVY, TEST HEAVY, GRADED BY FEW THINGS"
"CORTIJO, ANTONIO",3.7,2.6,20,100%,https://www.ratemyprofessors.com/professor/13637,Literature,"PARTICIPATION MATTERS, TESTS? NOT MANY, WOULD TAKE AGAIN, AMAZING LECTURES, CLEAR GRADING CRITERIA, PARTICIPATION MATTERS, GIVES GOOD FEEDBACK, HILARIOUS, PARTICIPATION MATTERS, AMAZING LECTURES, GRADED BY FEW THINGS, PARTICIPATION MATTERS, CARING, RESPECTED"
"KAM, JENNIFER",3.9,2.9,17,64%,https://www.ratemyprofessors.com/professor/2163740,Communication,"GRADED BY FEW THINGS, CARING, CLEAR GRADING CRITERIA, TEST HEAVY, TOUGH GRADER, TOUGH GRADER, LECTURE HEAVY, GRADED BY FEW THINGS, GROUP PROJECTS, TEST HEAVY, GRADED BY FEW THINGS, CARING, TEST HEAVY, GRADED BY FEW THINGS"
"SEN, PRADEEP",3.3,3.9,17,54%,https://www.ratemyprofessors.com/professor/1906513,Electrical & Comp. Engineering,"LOTS OF HOMEWORK, SKIP CLASS? YOU WON'T PASS., AMAZING LECTURES, TOUGH GRADER, INSPIRATIONAL, AMAZING LECTURES, INSPIRATIONAL, ACCESSIBLE OUTSIDE CLASS, TOUGH GRADER, PARTICIPATION MATTERS, CLEAR GRADING CRITERIA, LOTS OF HOMEWORK, SO MANY PAPERS, LECTURE HEAVY, TOUGH GRADER, LOTS OF HOMEWORK, TEST HEAVY"
"VLCEK, VOJTECH",2.6,4.0,8,50%,https://www.ratemyprofessors.com/professor/2633497,Chemistry,"LECTURE HEAVY, ACCESSIBLE OUTSIDE CLASS, TOUGH GRADER, CLEAR GRADING CRITERIA, INSPIRATIONAL, GRADED BY FEW THINGS, LECTURE HEAVY, TEST HEAVY"
"NOWICKI , SHAUN",4.5,2.8,4,100%,https://www.ratemyprofessors.com/professor/3015467,English,"GET READY TO READ, EXTRA CREDIT, AMAZING LECTURES, CARING, CLEAR GRADING CRITERIA, EXTRA CREDIT, CARING, ACCESSIBLE OUTSIDE CLASS, GET READY TO READ, EXTRA CREDIT, GET READY TO READ, AMAZING LECTURES, SO MANY PAPERS, AMAZING LECTURES, CLEAR GRADING CRITERIA, CARING"
"DE ALMEIDA, ALINE",4.0,3.0,2,100%,https://www.ratemyprofessors.com/professor/2808730,Spanish & Portuguese,"GET READY TO READ, GIVES GOOD FEEDBACK, INSPIRATIONAL, HILARIOUS, CARING, GIVES GOOD FEEDBACK, INSPIRATIONAL, CARING, GET READY TO READ, HILARIOUS"
"FOGU, CLAUDIO",3.5,3.3,56,51%,https://www.ratemyprofessors.com/professor/821758,Languages,"LECTURE HEAVY, GET READY TO READ, GRADED BY FEW THINGS, TOUGH GRADER, SKIP CLASS? YOU WON'T PASS., TOUGH GRADER, GET READY TO READ, TOUGH GRADER, GET READY TO READ, LECTURE HEAVY, GET READY TO READ, LECTURE HEAVY, INSPIRATIONAL, LECTURE HEAVY, GRADED BY FEW THINGS"
"SLADE, ALLISON",2.8,3.5,35,31%,https://www.ratemyprofessors.com/professor/2290687,Exercise & Sport Studies,"GET READY TO READ, LOTS OF HOMEWORK, PARTICIPATION MATTERS, SKIP CLASS? YOU WON'T PASS., LECTURE HEAVY, GET READY TO READ, LOTS OF HOMEWORK, GET READY TO READ, PARTICIPATION MATTERS, LOTS OF HOMEWORK, TOUGH GRADER, LOTS OF HOMEWORK, SO MANY PAPERS, TOUGH GRADER, LOTS OF HOMEWORK, GET READY TO READ, LOTS OF HOMEWORK, TEST HEAVY"
"LUPI, JUAN PABLO",3.9,3.3,24,77%,https://www.ratemyprofessors.com/professor/1114279,Languages,"GET READY TO READ, CARING, TOUGH GRADER, AMAZING LECTURES, CLEAR GRADING CRITERIA, GET READY TO READ, PARTICIPATION MATTERS, GRADED BY FEW THINGS, GET READY TO READ, CARING, GET READY TO READ, GET READY TO READ, AMAZING LECTURES, CLEAR GRADING CRITERIA, CLEAR GRADING CRITERIA, SO MANY PAPERS, CARING"
"OAKLEY, TODD",3.3,3.0,23,50%,https://www.ratemyprofessors.com/professor/592505,Biology,"TOUGH GRADER, LECTURE HEAVY, WOULD TAKE AGAIN, HILARIOUS, TEST HEAVY, HILARIOUS, LECTURE HEAVY, TEST HEAVY, TOUGH GRADER, LECTURE HEAVY, TEST HEAVY, CLEAR GRADING CRITERIA"
"HILLIS, GREG",4.1,2.1,129,76%,https://www.ratemyprofessors.com/professor/751172,Religion,"HILARIOUS, GET READY TO READ, CARING, LECTURE HEAVY, AMAZING LECTURES, GET READY TO READ, LECTURE HEAVY, GRADED BY FEW THINGS, AMAZING LECTURES, HILARIOUS, RESPECTED, GET READY TO READ, AMAZING LECTURES, HILARIOUS, GET READY TO READ, LECTURE HEAVY, TEST HEAVY"
"BLANKHOLM, JOSEPH",4.6,3.3,53,90%,https://www.ratemyprofessors.com/professor/2182035,Religious Studies,"GET READY TO READ, AMAZING LECTURES, RESPECTED, LECTURE HEAVY, SKIP CLASS? YOU WON'T PASS., GET READY TO READ, EXTRA CREDIT, LECTURE HEAVY, GET READY TO READ, AMAZING LECTURES, EXTRA CREDIT, AMAZING LECTURES, CARING, EXTRA CREDIT, LECTURE HEAVY, GET READY TO READ, EXTRA CREDIT, LECTURE HEAVY"
"FREEMAN, LAURIE",2.4,2.7,39,37%,https://www.ratemyprofessors.com/professor/678346,Political Science,"GET READY TO READ, CARING, LECTURE HEAVY, TEST HEAVY, CLEAR GRADING CRITERIA, GET READY TO READ, CARING, LECTURE HEAVY, TOUGH GRADER, GET READY TO READ"
"SUNG, BENJAMIN",2.0,3.6,35,17%,https://www.ratemyprofessors.com/professor/2826527,Mathematics,"LECTURE HEAVY, GRADED BY FEW THINGS, TEST HEAVY, GET READY TO READ, LOTS OF HOMEWORK, GRADED BY FEW THINGS, ACCESSIBLE OUTSIDE CLASS"
"MIGLIO, VIOLA",4.2,2.3,19,100%,https://www.ratemyprofessors.com/professor/480533,Languages,"PARTICIPATION MATTERS, CLEAR GRADING CRITERIA, CARING, GET READY TO READ, GROUP PROJECTS, PARTICIPATION MATTERS, CLEAR GRADING CRITERIA, CARING, GROUP PROJECTS, CLEAR GRADING CRITERIA, RESPECTED, GROUP PROJECTS, CLEAR GRADING CRITERIA, CARING, GET READY TO READ, PARTICIPATION MATTERS, CARING, PARTICIPATION MATTERS, GIVES GOOD FEEDBACK, GRADED BY FEW THINGS"
"ACKERT, LIZ",4.7,2.8,17,100%,https://www.ratemyprofessors.com/professor/2558388,Geography,"CLEAR GRADING CRITERIA, AMAZING LECTURES, CARING, LECTURE HEAVY, RESPECTED, LECTURE HEAVY, TEST HEAVY, RESPECTED, ONLINE SAVVY, CLEAR GRADING CRITERIA, CARING, AMAZING LECTURES, CLEAR GRADING CRITERIA, INSPIRATIONAL"
"KING, JENNIFER",4.8,2.8,15,87%,https://www.ratemyprofessors.com/professor/1297121,Geography,"CARING, ACCESSIBLE OUTSIDE CLASS, PARTICIPATION MATTERS, SKIP CLASS? YOU WON'T PASS., AMAZING LECTURES, PARTICIPATION MATTERS, EXTRA CREDIT, CLEAR GRADING CRITERIA, GROUP PROJECTS, CARING, ACCESSIBLE OUTSIDE CLASS, PARTICIPATION MATTERS, CARING, ACCESSIBLE OUTSIDE CLASS, AMAZING LECTURES, GIVES GOOD FEEDBACK"
"BELTZ, ERIC",4.7,3.7,15,100%,https://www.ratemyprofessors.com/professor/914510,Fine Arts,"GIVES GOOD FEEDBACK, AMAZING LECTURES, INSPIRATIONAL, TOUGH GRADER, LOTS OF HOMEWORK, AMAZING LECTURES, GIVES GOOD FEEDBACK, INSPIRATIONAL, AMAZING LECTURES, GIVES GOOD FEEDBACK, INSPIRATIONAL, TOUGH GRADER, LOTS OF HOMEWORK, ACCESSIBLE OUTSIDE CLASS"
"YE, RUGANG",1.8,3.1,7,33%,https://www.ratemyprofessors.com/professor/2107437,Mathematics,"TOUGH GRADER, GET READY TO READ, TEST HEAVY, LOTS OF HOMEWORK, SO MANY PAPERS, TOUGH GRADER, TEST HEAVY, TEST HEAVY, GRADED BY FEW THINGS"
"SEYFERT, ANDRÉAS-BENJAMIN",5.0,1.8,4,100%,https://www.ratemyprofessors.com/professor/2995736,Germanic & Russian Studies,"HILARIOUS, PARTICIPATION MATTERS, GROUP PROJECTS, AMAZING LECTURES, INSPIRATIONAL, AMAZING LECTURES, INSPIRATIONAL, HILARIOUS, GROUP PROJECTS, HILARIOUS, PARTICIPATION MATTERS, LOTS OF HOMEWORK, HILARIOUS, HILARIOUS, CARING, ACCESSIBLE OUTSIDE CLASS"
"PONCE, GUSTAVO",2.5,3.3,109,30%,https://www.ratemyprofessors.com/professor/215272,Mathematics,"TOUGH GRADER, GRADED BY FEW THINGS, LOTS OF HOMEWORK, TEST HEAVY, CARING, LOTS OF HOMEWORK, GRADED BY FEW THINGS, TOUGH GRADER, LOTS OF HOMEWORK, LOTS OF HOMEWORK"
"SPENCER, MEGAN",5.0,1.2,5,100%,https://www.ratemyprofessors.com/professor/2716934,Feminist Studies,"CLEAR GRADING CRITERIA, CARING, GET READY TO READ, AMAZING LECTURES, GET READY TO READ, CLEAR GRADING CRITERIA, CARING, AMAZING LECTURES, CLEAR GRADING CRITERIA, CARING, CARING, GET READY TO READ, CLEAR GRADING CRITERIA"
"CARLINI, ANDREA",2.8,3.5,4,50%,https://www.ratemyprofessors.com/professor/2988223,Chemistry,"TEST HEAVY, EXTRA CREDIT, LOTS OF HOMEWORK, TOUGH GRADER, PARTICIPATION MATTERS, TEST HEAVY, ACCESSIBLE OUTSIDE CLASS, PARTICIPATION MATTERS, EXTRA CREDIT, TEST HEAVY, EXTRA CREDIT, CLEAR GRADING CRITERIA"
"MILLER, LINDSAY",5.0,2.0,1,100%,https://www.ratemyprofessors.com/professor/3107715,Communication,"GROUP PROJECTS, CARING, GRADED BY FEW THINGS, GROUP PROJECTS, CARING, GRADED BY FEW THINGS"
"LIBERMAN, ZOE",3.3,3.1,96,56%,https://www.ratemyprofessors.com/professor/2202602,Psychology,"SKIP CLASS? YOU WON'T PASS., LECTURE HEAVY, TEST HEAVY, CLEAR GRADING CRITERIA, AMAZING LECTURES, LOTS OF HOMEWORK, LECTURE HEAVY, AMAZING LECTURES, CARING, AMAZING LECTURES, CLEAR GRADING CRITERIA, LECTURE HEAVY, AMAZING LECTURES, LECTURE HEAVY"
"MOELLER, HOLLY",4.4,3.6,11,81%,https://www.ratemyprofessors.com/professor/2386182,Biology,"CARING, AMAZING LECTURES, LECTURE HEAVY, GROUP PROJECTS, ACCESSIBLE OUTSIDE CLASS, CARING, LOTS OF HOMEWORK, LECTURE HEAVY, ACCESSIBLE OUTSIDE CLASS, LOTS OF HOMEWORK, LECTURE HEAVY, TEST HEAVY, GROUP PROJECTS, AMAZING LECTURES, ONLINE SAVVY"
"MOORE, KATIE",4.0,2.0,29,75%,https://www.ratemyprofessors.com/professor/2656708,History,"LECTURE HEAVY, CLEAR GRADING CRITERIA, GRADED BY FEW THINGS, GET READY TO READ, AMAZING LECTURES, LECTURE HEAVY, GET READY TO READ, GRADED BY FEW THINGS, TOUGH GRADER, SO MANY PAPERS, GRADED BY FEW THINGS"
"SMITH, IKUKO",3.8,3.0,5,60%,https://www.ratemyprofessors.com/professor/2500627,Psychology,"CARING, TEST HEAVY, AMAZING LECTURES, CLEAR GRADING CRITERIA, INSPIRATIONAL, AMAZING LECTURES, INSPIRATIONAL, CARING, SO MANY PAPERS, CARING, TEST HEAVY, AMAZING LECTURES, CLEAR GRADING CRITERIA, HILARIOUS, ACCESSIBLE OUTSIDE CLASS, TEST HEAVY, CARING, TEST HEAVY, CLEAR GRADING CRITERIA"
"SMITH, STEVE",5.0,2.0,2,100%,https://www.ratemyprofessors.com/professor/2319672,Psychology,"AMAZING LECTURES, CLEAR GRADING CRITERIA, INSPIRATIONAL, AMAZING LECTURES, CLEAR GRADING CRITERIA, AMAZING LECTURES, CLEAR GRADING CRITERIA, INSPIRATIONAL"
"MORRISSEY, MEGHAN",5.0,2.3,4,100%,https://www.ratemyprofessors.com/professor/2914997,Biology,"CLEAR GRADING CRITERIA, AMAZING LECTURES, INSPIRATIONAL, LECTURE HEAVY, TEST HEAVY, AMAZING LECTURES, CLEAR GRADING CRITERIA, INSPIRATIONAL, AMAZING LECTURES, CLEAR GRADING CRITERIA, INSPIRATIONAL, AMAZING LECTURES, CLEAR GRADING CRITERIA, INSPIRATIONAL, CLEAR GRADING CRITERIA, LECTURE HEAVY, TEST HEAVY"
"HAIDER, JANNA",3.5,2.9,12,66%,https://www.ratemyprofessors.com/professor/2936369,History,"PARTICIPATION MATTERS, GIVES GOOD FEEDBACK, CLEAR GRADING CRITERIA, ACCESSIBLE OUTSIDE CLASS, TOUGH GRADER, PARTICIPATION MATTERS, CLEAR GRADING CRITERIA, ACCESSIBLE OUTSIDE CLASS, GIVES GOOD FEEDBACK, HILARIOUS, CARING, CLEAR GRADING CRITERIA, GIVES GOOD FEEDBACK, TOUGH GRADER, GET READY TO READ, PARTICIPATION MATTERS, TOUGH GRADER, LECTURE HEAVY"
"ALEXANDER, ANDY",4.4,3.0,5,80%,https://www.ratemyprofessors.com/professor/3017006,Psychology,"LECTURE HEAVY, GROUP PROJECTS, HILARIOUS, CARING, EXTRA CREDIT, GROUP PROJECTS, HILARIOUS, CARING, GROUP PROJECTS, AMAZING LECTURES, LECTURE HEAVY, LECTURE HEAVY, GRADED BY FEW THINGS, ACCESSIBLE OUTSIDE CLASS, CLEAR GRADING CRITERIA, CARING, LECTURE HEAVY, EXTRA CREDIT, INSPIRATIONAL, HILARIOUS"
"ZIMMERMAN, AARON",4.0,2.8,120,58%,https://www.ratemyprofessors.com/professor/377357,Philosophy,"GRADED BY FEW THINGS, GET READY TO READ, HILARIOUS, AMAZING LECTURES, TOUGH GRADER, GET READY TO READ, LECTURE HEAVY, GRADED BY FEW THINGS, GET READY TO READ, GRADED BY FEW THINGS, PARTICIPATION MATTERS, AMAZING LECTURES, HILARIOUS, GET READY TO READ, HILARIOUS, SO MANY PAPERS"
"SPICKARD, PAUL",3.9,3.0,101,70%,https://www.ratemyprofessors.com/professor/54687,History,"GET READY TO READ, INSPIRATIONAL, HILARIOUS, RESPECTED, AMAZING LECTURES, PARTICIPATION MATTERS, INSPIRATIONAL, RESPECTED, GET READY TO READ, HILARIOUS, CARING, PARTICIPATION MATTERS, INSPIRATIONAL, HILARIOUS, GET READY TO READ, INSPIRATIONAL, HILARIOUS"
"LITTLE, DAN",4.2,2.5,13,100%,https://www.ratemyprofessors.com/professor/646593,Chemistry,"AMAZING LECTURES, CARING, RESPECTED, LECTURE HEAVY, CLEAR GRADING CRITERIA, AMAZING LECTURES, LECTURE HEAVY, CLEAR GRADING CRITERIA, AMAZING LECTURES, CARING, RESPECTED, ACCESSIBLE OUTSIDE CLASS, LECTURE HEAVY"
"TAMAI, LILLY",5.0,3.0,2,100%,https://www.ratemyprofessors.com/professor/2769475,Asian American Studies,"GET READY TO READ, AMAZING LECTURES, GIVES GOOD FEEDBACK, CARING, ACCESSIBLE OUTSIDE CLASS, AMAZING LECTURES, GIVES GOOD FEEDBACK, ACCESSIBLE OUTSIDE CLASS, GET READY TO READ, CARING"
"AUE, DONALD",3.0,3.6,129,88%,https://www.ratemyprofessors.com/professor/124168,Science,"SKIP CLASS? YOU WON'T PASS., CLEAR GRADING CRITERIA, LECTURE HEAVY, INSPIRATIONAL, HILARIOUS, GET READY TO READ, SKIP CLASS? YOU WON'T PASS., CLEAR GRADING CRITERIA, LECTURE HEAVY, SKIP CLASS? YOU WON'T PASS., LECTURE HEAVY, TOUGH GRADER, SKIP CLASS? YOU WON'T PASS., CARING"
"RALEY, RITA",4.1,3.3,45,40%,https://www.ratemyprofessors.com/professor/651406,English,"TOUGH GRADER, GET READY TO READ, AMAZING LECTURES, INSPIRATIONAL, WOULD TAKE AGAIN, TOUGH GRADER, GET READY TO READ, SO MANY PAPERS, GET READY TO READ, TOUGH GRADER, AMAZING LECTURES, INSPIRATIONAL, ONLINE SAVVY, TOUGH GRADER, GROUP PROJECTS, AMAZING LECTURES"
"YU, GUO",2.8,3.3,29,44%,https://www.ratemyprofessors.com/professor/2631936,Statistics,"TOUGH GRADER, GRADED BY FEW THINGS, GROUP PROJECTS, AMAZING LECTURES, EXTRA CREDIT, TOUGH GRADER, GRADED BY FEW THINGS, EXTRA CREDIT, GIVES GOOD FEEDBACK, GRADED BY FEW THINGS"
"AL OMARI, RASHA",3.8,3.5,6,50%,https://www.ratemyprofessors.com/professor/1307566,Religion,"GET READY TO READ, SKIP CLASS? YOU WON'T PASS., LOTS OF HOMEWORK, PARTICIPATION MATTERS, GET READY TO READ, LOTS OF HOMEWORK, GET READY TO READ, SKIP CLASS? YOU WON'T PASS., LOTS OF HOMEWORK, GET READY TO READ, PARTICIPATION MATTERS, SKIP CLASS? YOU WON'T PASS."
"EL OMARI, RACHA",4.8,3.0,4,100%,https://www.ratemyprofessors.com/professor/2309169,Religion,"GET READY TO READ, GIVES GOOD FEEDBACK, PARTICIPATION MATTERS, LOTS OF HOMEWORK, RESPECTED, GET READY TO READ, GIVES GOOD FEEDBACK, LOTS OF HOMEWORK, GET READY TO READ, PARTICIPATION MATTERS, LECTURE HEAVY, GET READY TO READ, GIVES GOOD FEEDBACK, GIVES GOOD FEEDBACK, RESPECTED, GET READY TO READ"
"MALKHI, DAHLIA",5.0,3.0,1,100%,https://www.ratemyprofessors.com/professor/3105910,Computer Science,None
"JIN, YUXIN",5.0,2.0,1,100%,https://www.ratemyprofessors.com/professor/3105697,Communication,"PARTICIPATION MATTERS, AMAZING LECTURES, CARING, PARTICIPATION MATTERS, AMAZING LECTURES, CARING"
"SURI, SUBHASH",4.6,2.8,28,90%,https://www.ratemyprofessors.com/professor/583532,Computer Science,"AMAZING LECTURES, RESPECTED, CLEAR GRADING CRITERIA, SKIP CLASS? YOU WON'T PASS., CARING, GRADED BY FEW THINGS, LOTS OF HOMEWORK, GRADED BY FEW THINGS, AMAZING LECTURES, CLEAR GRADING CRITERIA, TEST HEAVY, AMAZING LECTURES, CARING, TEST HEAVY"
"YORK, BOB",4.6,2.9,21,100%,https://www.ratemyprofessors.com/professor/362322,Engineering,"GIVES GOOD FEEDBACK, LOTS OF HOMEWORK, HILARIOUS"
"PADULA, VALENTINA",4.6,2.1,63,88%,https://www.ratemyprofessors.com/professor/361236,Languages,"CARING, AMAZING LECTURES, CLEAR GRADING CRITERIA, GIVES GOOD FEEDBACK, HILARIOUS, GET READY TO READ, CARING, EXTRA CREDIT, AMAZING LECTURES, CARING, GET READY TO READ, GRADED BY FEW THINGS"
"JURKOWSKI, NICOLAS",4.1,2.2,27,77%,https://www.ratemyprofessors.com/professor/2462864,Music,"LECTURE HEAVY, LOTS OF HOMEWORK, GET READY TO READ, AMAZING LECTURES, CLEAR GRADING CRITERIA, AMAZING LECTURES, CLEAR GRADING CRITERIA, GIVES GOOD FEEDBACK, AMAZING LECTURES, CLEAR GRADING CRITERIA, CLEAR GRADING CRITERIA, LECTURE HEAVY, TOUGH GRADER, LOTS OF HOMEWORK"
"DUNGEY, NICHOLAS",5.0,2.3,15,100%,https://www.ratemyprofessors.com/professor/824422,Political Science,"PARTICIPATION MATTERS, SKIP CLASS? YOU WON'T PASS., AMAZING LECTURES, HILARIOUS, CARING, AMAZING LECTURES, HILARIOUS, CARING, PARTICIPATION MATTERS, SKIP CLASS? YOU WON'T PASS., GRADED BY FEW THINGS"
"BURKEPILE, DERON",4.3,3.1,8,75%,https://www.ratemyprofessors.com/professor/2594409,Environmental Science & Mgmt.,"LECTURE HEAVY, AMAZING LECTURES, CLEAR GRADING CRITERIA, INSPIRATIONAL, CARING, INSPIRATIONAL, CARING, RESPECTED, CLEAR GRADING CRITERIA, LECTURE HEAVY, INSPIRATIONAL, TEST HEAVY, AMAZING LECTURES, PARTICIPATION MATTERS, LECTURE HEAVY, TOUGH GRADER"
"PACHECO, RAQUEL",4.8,2.2,6,100%,https://www.ratemyprofessors.com/professor/2612409,Anthropology,"GIVES GOOD FEEDBACK, PARTICIPATION MATTERS, GROUP PROJECTS, CARING, GET READY TO READ, GET READY TO READ, GIVES GOOD FEEDBACK, CARING, PARTICIPATION MATTERS, GROUP PROJECTS, PARTICIPATION MATTERS, GROUP PROJECTS, CARING, PARTICIPATION MATTERS, GIVES GOOD FEEDBACK, GRADED BY FEW THINGS, GROUP PROJECTS, GIVES GOOD FEEDBACK, CARING"
"WEI, GUFONG",2.3,3.5,114,46%,https://www.ratemyprofessors.com/professor/12657,Mathematics,"TOUGH GRADER, LOTS OF HOMEWORK, GRADED BY FEW THINGS, SKIP CLASS? YOU WON'T PASS., TEST HEAVY, CLEAR GRADING CRITERIA, LOTS OF HOMEWORK, AMAZING LECTURES, CLEAR GRADING CRITERIA, GIVES GOOD FEEDBACK, TOUGH GRADER, HILARIOUS, GRADED BY FEW THINGS, AMAZING LECTURES, HILARIOUS, TOUGH GRADER, AMAZING LECTURES"
"GODDARD, TUG",1.2,3.4,12,8%,https://www.ratemyprofessors.com/professor/2830573,East Asian Languages & Cultures,"TOUGH GRADER, PARTICIPATION MATTERS, GET READY TO READ, GRADED BY FEW THINGS, LECTURE HEAVY, GRADED BY FEW THINGS, TOUGH GRADER, PARTICIPATION MATTERS, GET READY TO READ, PARTICIPATION MATTERS, TOUGH GRADER, GET READY TO READ, PARTICIPATION MATTERS, TOUGH GRADER, GET READY TO READ, PARTICIPATION MATTERS"
"MOAK, DAVID",4.1,2.6,94,82%,https://www.ratemyprofessors.com/professor/2520906,Global Studies,"GET READY TO READ, CARING, AMAZING LECTURES, CLEAR GRADING CRITERIA, LECTURE HEAVY, GIVES GOOD FEEDBACK, HILARIOUS, ACCESSIBLE OUTSIDE CLASS, GET READY TO READ, AMAZING LECTURES, INSPIRATIONAL, EXTRA CREDIT, CLEAR GRADING CRITERIA, LECTURE HEAVY, CLEAR GRADING CRITERIA, GIVES GOOD FEEDBACK, HILARIOUS"
"WEBER, ELISABETH",4.3,2.9,20,80%,https://www.ratemyprofessors.com/professor/133368,Literature,"GET READY TO READ, PARTICIPATION MATTERS, GIVES GOOD FEEDBACK, EXTRA CREDIT, GROUP PROJECTS, GET READY TO READ, INSPIRATIONAL, CARING, GET READY TO READ, PARTICIPATION MATTERS, GRADED BY FEW THINGS, GET READY TO READ, EXTRA CREDIT, CLEAR GRADING CRITERIA, GET READY TO READ, PARTICIPATION MATTERS, GRADED BY FEW THINGS, GET READY TO READ, GIVES GOOD FEEDBACK"
"BELTZ, GLENN",4.8,2.5,46,91%,https://www.ratemyprofessors.com/professor/318786,Mechanical Engineering,"AMAZING LECTURES, RESPECTED, GRADED BY FEW THINGS, LOTS OF HOMEWORK, PARTICIPATION MATTERS, AMAZING LECTURES, LOTS OF HOMEWORK, AMAZING LECTURES, GIVES GOOD FEEDBACK, LECTURE HEAVY, AMAZING LECTURES, RESPECTED, AMAZING LECTURES"
"LI, GEN",4.8,1.3,23,91%,https://www.ratemyprofessors.com/professor/2843242,Geology,"CLEAR GRADING CRITERIA, CARING, RESPECTED, AMAZING LECTURES, GIVES GOOD FEEDBACK, CLEAR GRADING CRITERIA, RESPECTED, ONLINE SAVVY, CLEAR GRADING CRITERIA, ACCESSIBLE OUTSIDE CLASS, ONLINE SAVVY, RESPECTED, CLEAR GRADING CRITERIA, GIVES GOOD FEEDBACK, GRADED BY FEW THINGS"
"SMITH, KENNETH",4.9,2.1,16,100%,https://www.ratemyprofessors.com/professor/2198091,Writing,"CARING, GIVES GOOD FEEDBACK, CLEAR GRADING CRITERIA, ACCESSIBLE OUTSIDE CLASS, PARTICIPATION MATTERS, AMAZING LECTURES, CLEAR GRADING CRITERIA, GIVES GOOD FEEDBACK, PARTICIPATION MATTERS, GIVES GOOD FEEDBACK, GRADED BY FEW THINGS, GET READY TO READ, LOTS OF HOMEWORK, CARING, PARTICIPATION MATTERS, INSPIRATIONAL, CARING, GIVES GOOD FEEDBACK, CLEAR GRADING CRITERIA, CARING"
"AHMAD, AHMAD",2.8,3.0,28,50%,https://www.ratemyprofessors.com/professor/1143221,Religion,"GET READY TO READ, GRADED BY FEW THINGS, PARTICIPATION MATTERS, RESPECTED, BEWARE OF POP QUIZZES, GET READY TO READ, RESPECTED, GRADED BY FEW THINGS, TOUGH GRADER, PARTICIPATION MATTERS, LECTURE HEAVY, GRADED BY FEW THINGS, RESPECTED, LECTURE HEAVY"
"DASH, ANSHUMAN",5.0,3.5,2,100%,https://www.ratemyprofessors.com/professor/2941185,Computer Science,"HILARIOUS, PARTICIPATION MATTERS, INSPIRATIONAL, CARING, ACCESSIBLE OUTSIDE CLASS, INSPIRATIONAL, HILARIOUS, CARING, PARTICIPATION MATTERS, HILARIOUS, ACCESSIBLE OUTSIDE CLASS"
"PARKS, LISA",4.4,3.0,21,66%,https://www.ratemyprofessors.com/professor/41973,Film,"LECTURE HEAVY, TOUGH GRADER, RESPECTED, PARTICIPATION MATTERS, SKIP CLASS? YOU WON'T PASS., TOUGH GRADER, EXTRA CREDIT, LECTURE HEAVY, RESPECTED, LECTURE HEAVY, GRADED BY FEW THINGS, TOUGH GRADER, RESPECTED, LECTURE HEAVY"
"BEYERLEIN, IRENE",5.0,2.0,1,100%,https://www.ratemyprofessors.com/professor/3101123,Mechanical Engineering,"LECTURE HEAVY, GRADED BY FEW THINGS, ACCESSIBLE OUTSIDE CLASS, LECTURE HEAVY, GRADED BY FEW THINGS, ACCESSIBLE OUTSIDE CLASS"
"PLASENCIA, MARISA",3.7,2.7,3,66%,https://www.ratemyprofessors.com/professor/2498130,Theater,"PARTICIPATION MATTERS, GIVES GOOD FEEDBACK, TOUGH GRADER, SKIP CLASS? YOU WON'T PASS., CLEAR GRADING CRITERIA, PARTICIPATION MATTERS, CLEAR GRADING CRITERIA, GIVES GOOD FEEDBACK, GIVES GOOD FEEDBACK, INSPIRATIONAL, CARING, PARTICIPATION MATTERS, SKIP CLASS? YOU WON'T PASS., TOUGH GRADER"
"LIU, ALAN",2.8,4.0,35,29%,https://www.ratemyprofessors.com/professor/511842,English,"GET READY TO READ, LOTS OF HOMEWORK, SO MANY PAPERS, SKIP CLASS? YOU WON'T PASS., TOUGH GRADER, GET READY TO READ, LECTURE HEAVY, ONLINE SAVVY, INSPIRATIONAL, CARING, RESPECTED, PARTICIPATION MATTERS, AMAZING LECTURES, ACCESSIBLE OUTSIDE CLASS, TOUGH GRADER, GET READY TO READ, LOTS OF HOMEWORK, GET READY TO READ, LOTS OF HOMEWORK, LECTURE HEAVY"
"MORGAN-HOBBS, CHASE",4.4,3.8,46,82%,https://www.ratemyprofessors.com/professor/2659278,Political Science,"GET READY TO READ, AMAZING LECTURES, TOUGH GRADER, CARING, LECTURE HEAVY, GIVES GOOD FEEDBACK, CARING, ACCESSIBLE OUTSIDE CLASS, AMAZING LECTURES, LECTURE HEAVY, TEST HEAVY, GET READY TO READ, AMAZING LECTURES, GIVES GOOD FEEDBACK, AMAZING LECTURES, LECTURE HEAVY, GRADED BY FEW THINGS, TOUGH GRADER, GET READY TO READ, LECTURE HEAVY"
"CHUA, CHARMAINE",4.3,3.1,23,82%,https://www.ratemyprofessors.com/professor/2650121,Global Studies,"GET READY TO READ, AMAZING LECTURES, PARTICIPATION MATTERS, CLEAR GRADING CRITERIA, RESPECTED, AMAZING LECTURES, RESPECTED, ACCESSIBLE OUTSIDE CLASS, GET READY TO READ, BEWARE OF POP QUIZZES, CARING, GET READY TO READ, PARTICIPATION MATTERS, EXTRA CREDIT, PARTICIPATION MATTERS, AMAZING LECTURES, BEWARE OF POP QUIZZES"
"GREENE, BRANDON",2.7,4.7,21,33%,https://www.ratemyprofessors.com/professor/2628632,Biochemistry,"GET READY TO READ, TOUGH GRADER, PARTICIPATION MATTERS, SKIP CLASS? YOU WON'T PASS., TEST HEAVY, TOUGH GRADER, GET READY TO READ, TEST HEAVY, GET READY TO READ, GET READY TO READ, PARTICIPATION MATTERS, CARING, GET READY TO READ, ACCESSIBLE OUTSIDE CLASS, GET READY TO READ, PARTICIPATION MATTERS, ACCESSIBLE OUTSIDE CLASS"
"FALVEY, KEVIN",2.7,3.2,71,5%,https://www.ratemyprofessors.com/professor/37446,Philosophy,"GRADED BY FEW THINGS, GET READY TO READ, TOUGH GRADER, SKIP CLASS? YOU WON'T PASS., LECTURE HEAVY, GET READY TO READ, GET READY TO READ, TOUGH GRADER, GRADED BY FEW THINGS"
"CHO, GUNHEE",3.4,3.2,61,60%,https://www.ratemyprofessors.com/professor/2772851,Mathematics,"TEST HEAVY, LECTURE HEAVY, CARING, AMAZING LECTURES, CLEAR GRADING CRITERIA, GRADED BY FEW THINGS, TEST HEAVY, CARING"
"GIBBS, JENNIFER",4.4,2.6,12,83%,https://www.ratemyprofessors.com/professor/2431306,Communication,"GROUP PROJECTS, CARING, GIVES GOOD FEEDBACK, AMAZING LECTURES, CLEAR GRADING CRITERIA, GROUP PROJECTS, GIVES GOOD FEEDBACK, INSPIRATIONAL, GET READY TO READ, GROUP PROJECTS, SO MANY PAPERS, GROUP PROJECTS, CARING, RESPECTED, LECTURE HEAVY, TEST HEAVY, GRADED BY FEW THINGS, GROUP PROJECTS, AMAZING LECTURES, ACCESSIBLE OUTSIDE CLASS"
"HAUGHTON, CHANTEL",3.7,3.0,3,66%,https://www.ratemyprofessors.com/professor/2719965,Communication,"GET READY TO READ, BEWARE OF POP QUIZZES, SO MANY PAPERS, GET READY TO READ, BEWARE OF POP QUIZZES, SO MANY PAPERS"
"AHUJA, AMIT",4.3,3.6,15,80%,https://www.ratemyprofessors.com/professor/1673908,Political Science,"GET READY TO READ, AMAZING LECTURES, INSPIRATIONAL, PARTICIPATION MATTERS, SKIP CLASS? YOU WON'T PASS., GET READY TO READ, INSPIRATIONAL, CARING, GET READY TO READ, EXTRA CREDIT, TEST HEAVY, GET READY TO READ, EXTRA CREDIT, AMAZING LECTURES, RESPECTED, GET READY TO READ, PARTICIPATION MATTERS, RESPECTED, ACCESSIBLE OUTSIDE CLASS, AMAZING LECTURES"
"TWINE, FRANCE WINDDANCE",2.6,3.5,58,10%,https://www.ratemyprofessors.com/professor/239948,Sociology,"GET READY TO READ, LOTS OF HOMEWORK, TOUGH GRADER, GRADED BY FEW THINGS, BEWARE OF POP QUIZZES, GRADED BY FEW THINGS, TOUGH GRADER, GET READY TO READ, GRADED BY FEW THINGS, GET READY TO READ, TEST HEAVY, GET READY TO READ, LECTURE HEAVY, GET READY TO READ, RESPECTED, GRADED BY FEW THINGS"
"GAMBHEERA, RUSIRU",3.5,3.1,15,60%,https://www.ratemyprofessors.com/professor/2938376,Mathematics,"TEST HEAVY, CLEAR GRADING CRITERIA, GRADED BY FEW THINGS, LOTS OF HOMEWORK, TOUGH GRADER, GRADED BY FEW THINGS, TOUGH GRADER, TEST HEAVY, TOUGH GRADER, CLEAR GRADING CRITERIA, LECTURE HEAVY, LOTS OF HOMEWORK, LECTURE HEAVY, TEST HEAVY, TEST HEAVY, GRADED BY FEW THINGS"
"RUDNICK, ROBERTA",2.8,3.5,12,41%,https://www.ratemyprofessors.com/professor/2235441,Environmental Science  Mgmt.,"SKIP CLASS? YOU WON'T PASS., LOTS OF HOMEWORK, GET READY TO READ, ACCESSIBLE OUTSIDE CLASS, TOUGH GRADER, TOUGH GRADER, LECTURE HEAVY, GRADED BY FEW THINGS, TOUGH GRADER, CARING, ACCESSIBLE OUTSIDE CLASS"
"HARRIS, JEFFERY",3.5,3.3,4,50%,https://www.ratemyprofessors.com/professor/3019287,Accounting,"LOTS OF HOMEWORK, EXTRA CREDIT, CLEAR GRADING CRITERIA, CARING, RESPECTED, CLEAR GRADING CRITERIA, LOTS OF HOMEWORK, GRADED BY FEW THINGS, LOTS OF HOMEWORK, RESPECTED, EXTRA CREDIT, LOTS OF HOMEWORK, CARING"
"XU, HANGPING",5.0,2.9,13,100%,https://www.ratemyprofessors.com/professor/2772101,East Asian Languages & Cultures,"AMAZING LECTURES, INSPIRATIONAL, GET READY TO READ, GIVES GOOD FEEDBACK, PARTICIPATION MATTERS, GET READY TO READ, AMAZING LECTURES, INSPIRATIONAL, RESPECTED, GET READY TO READ, GROUP PROJECTS, AMAZING LECTURES, GET READY TO READ, EXTRA CREDIT, AMAZING LECTURES, GET READY TO READ, AMAZING LECTURES, INSPIRATIONAL"
"NELSON, ERIK",3.3,1.3,4,75%,https://www.ratemyprofessors.com/professor/2688255,Sociology,"LECTURE HEAVY, GET READY TO READ, GROUP PROJECTS, SO MANY PAPERS, RESPECTED, SO MANY PAPERS, RESPECTED, LECTURE HEAVY, GROUP PROJECTS, LECTURE HEAVY, GRADED BY FEW THINGS, GET READY TO READ"
"SINGH, AMBUJ",2.4,3.7,27,33%,https://www.ratemyprofessors.com/professor/331308,Computer Science,"LOTS OF HOMEWORK, TOUGH GRADER, GET READY TO READ, CLEAR GRADING CRITERIA, HILARIOUS, GET READY TO READ, CLEAR GRADING CRITERIA, LOTS OF HOMEWORK, HILARIOUS"
"HUGHES, DANA",4.7,1.8,11,100%,https://www.ratemyprofessors.com/professor/2990323,Writing,"GROUP PROJECTS, CARING, CLEAR GRADING CRITERIA, GIVES GOOD FEEDBACK, RESPECTED, CLEAR GRADING CRITERIA, CARING, GROUP PROJECTS, GIVES GOOD FEEDBACK, RESPECTED, CLEAR GRADING CRITERIA, GIVES GOOD FEEDBACK, CARING, GET READY TO READ, GROUP PROJECTS, GIVES GOOD FEEDBACK"
"MARCUSE, HAROLD",3.0,2.5,65,33%,https://www.ratemyprofessors.com/professor/361823,History,"GET READY TO READ, EXTRA CREDIT, LECTURE HEAVY, LOTS OF HOMEWORK, PARTICIPATION MATTERS, TOUGH GRADER, GET READY TO READ, LECTURE HEAVY, GET READY TO READ, GET READY TO READ, LOTS OF HOMEWORK, ACCESSIBLE OUTSIDE CLASS, GIVES GOOD FEEDBACK, CARING, LECTURE HEAVY, PARTICIPATION MATTERS, LOTS OF HOMEWORK, LECTURE HEAVY"
"MOORE, TAYLOR",4.5,2.0,2,100%,https://www.ratemyprofessors.com/professor/3075017,History,"CARING, PARTICIPATION MATTERS, GIVES GOOD FEEDBACK, LECTURE HEAVY, GRADED BY FEW THINGS, CARING, LECTURE HEAVY, GRADED BY FEW THINGS, PARTICIPATION MATTERS, GIVES GOOD FEEDBACK, CARING"
"BURK, KEVIN",3.0,4.4,72,54%,https://www.ratemyprofessors.com/professor/2836014,Computer Science,"LOTS OF HOMEWORK, TOUGH GRADER, GRADED BY FEW THINGS, ACCESSIBLE OUTSIDE CLASS, EXTRA CREDIT, TOUGH GRADER, EXTRA CREDIT, TOUGH GRADER, EXTRA CREDIT, TOUGH GRADER, GRADED BY FEW THINGS"
"SU, XIN",2.3,3.3,15,20%,https://www.ratemyprofessors.com/professor/3034228,Mathematics,"TEST HEAVY, GRADED BY FEW THINGS, EXTRA CREDIT, HILARIOUS, TOUGH GRADER, CLEAR GRADING CRITERIA, HILARIOUS, CARING, TEST HEAVY, GRADED BY FEW THINGS"
"YANG, XU",2.8,3.3,24,42%,https://www.ratemyprofessors.com/professor/1860302,Mathematics,"TOUGH GRADER, LOTS OF HOMEWORK, TEST HEAVY, GRADED BY FEW THINGS, AMAZING LECTURES, CLEAR GRADING CRITERIA, GRADED BY FEW THINGS, LOTS OF HOMEWORK, LECTURE HEAVY, TEST HEAVY, AMAZING LECTURES, GIVES GOOD FEEDBACK, INSPIRATIONAL"
"BOSCAGLI, MAURIZIA",3.5,3.2,61,58%,https://www.ratemyprofessors.com/professor/421505,English,"GET READY TO READ, SKIP CLASS? YOU WON'T PASS., LECTURE HEAVY, PARTICIPATION MATTERS, GRADED BY FEW THINGS, GET READY TO READ, LECTURE HEAVY, GRADED BY FEW THINGS, GET READY TO READ, GET READY TO READ, PARTICIPATION MATTERS, GET READY TO READ, LECTURE HEAVY, GRADED BY FEW THINGS"
"CARLSON, TOM",3.9,4.4,43,50%,https://www.ratemyprofessors.com/professor/569952,Religion,"GET READY TO READ, TOUGH GRADER, AMAZING LECTURES, INSPIRATIONAL, LECTURE HEAVY, LOTS OF HOMEWORK, LECTURE HEAVY, PARTICIPATION MATTERS, AMAZING LECTURES, INSPIRATIONAL, TOUGH GRADER, TEST HEAVY, TOUGH GRADER, GET READY TO READ, HILARIOUS"
"ZUO, YA",4.2,2.2,17,76%,https://www.ratemyprofessors.com/professor/2764746,History,"GET READY TO READ, CARING, PARTICIPATION MATTERS, GIVES GOOD FEEDBACK, GROUP PROJECTS, GET READY TO READ, GROUP PROJECTS, AMAZING LECTURES, PARTICIPATION MATTERS, GROUP PROJECTS, CARING, LOTS OF HOMEWORK, CARING, GET READY TO READ, GIVES GOOD FEEDBACK, CARING"
"GOARD, MICHAEL",4.3,3.7,22,86%,https://www.ratemyprofessors.com/professor/2462097,Biology,"PARTICIPATION MATTERS, CARING, RESPECTED, GET READY TO READ, AMAZING LECTURES, PARTICIPATION MATTERS, CARING, RESPECTED, PARTICIPATION MATTERS, RESPECTED, LECTURE HEAVY, GET READY TO READ, PARTICIPATION MATTERS, SO MANY PAPERS, AMAZING LECTURES, CARING, RESPECTED"
"NGUYEN, MISA",3.0,2.8,4,50%,https://www.ratemyprofessors.com/professor/2988113,Writing,"CARING, CARING"
"GIBSON, JERRY",5.0,2.3,3,100%,https://www.ratemyprofessors.com/professor/1484232,Electrical & Comp. Engineering,"HILARIOUS, AMAZING LECTURES, GIVES GOOD FEEDBACK, LECTURE HEAVY, AMAZING LECTURES, HILARIOUS, GIVES GOOD FEEDBACK, HILARIOUS, LECTURE HEAVY"
"LONG, DARREN",3.5,3.4,87,37%,https://www.ratemyprofessors.com/professor/147442,Mathematics,"GRADED BY FEW THINGS, AMAZING LECTURES, TOUGH GRADER, TEST HEAVY, SKIP CLASS? YOU WON'T PASS., TOUGH GRADER, PARTICIPATION MATTERS, AMAZING LECTURES, HILARIOUS, LECTURE HEAVY, GRADED BY FEW THINGS, BEWARE OF POP QUIZZES, GRADED BY FEW THINGS, PARTICIPATION MATTERS, AMAZING LECTURES, CLEAR GRADING CRITERIA, AMAZING LECTURES, INSPIRATIONAL, GRADED BY FEW THINGS"
"STRUKOV, DMITRI",4.2,3.3,8,100%,https://www.ratemyprofessors.com/professor/1648443,Electrical & Comp. Engineering,"GET READY TO READ, EXTRA CREDIT, INSPIRATIONAL, RESPECTED, TOUGH GRADER, INSPIRATIONAL, CARING, RESPECTED, GET READY TO READ, BEWARE OF POP QUIZZES, EXTRA CREDIT, GET READY TO READ, CLEAR GRADING CRITERIA, EXTRA CREDIT"
"ZISA, JESSICA",2.4,3.3,14,35%,https://www.ratemyprofessors.com/professor/2914684,Writing,"GET READY TO READ, GIVES GOOD FEEDBACK, SO MANY PAPERS, TOUGH GRADER, PARTICIPATION MATTERS, TOUGH GRADER, PARTICIPATION MATTERS, SO MANY PAPERS, GET READY TO READ, PARTICIPATION MATTERS, LECTURE HEAVY, AMAZING LECTURES, GIVES GOOD FEEDBACK, ACCESSIBLE OUTSIDE CLASS, PARTICIPATION MATTERS, GIVES GOOD FEEDBACK"
"TANNA, AVANI",3.4,2.6,5,40%,https://www.ratemyprofessors.com/professor/2977367,Computer Science,"GROUP PROJECTS, TOUGH GRADER, EXTRA CREDIT, CLEAR GRADING CRITERIA, LOTS OF HOMEWORK, EXTRA CREDIT, GROUP PROJECTS, CLEAR GRADING CRITERIA, TOUGH GRADER, GROUP PROJECTS, TOUGH GRADER, LOTS OF HOMEWORK, EXTRA CREDIT, GROUP PROJECTS, LOTS OF HOMEWORK, GROUP PROJECTS, CLEAR GRADING CRITERIA"
"NIU, MURPHY",2.5,4.0,2,50%,https://www.ratemyprofessors.com/professor/3036271,Computer Science,"GROUP PROJECTS, AMAZING LECTURES, GIVES GOOD FEEDBACK, GROUP PROJECTS, AMAZING LECTURES, GIVES GOOD FEEDBACK"
"STANSELL, AMANDA",4.3,2.4,57,68%,https://www.ratemyprofessors.com/professor/327347,Writing,"TOUGH GRADER, GIVES GOOD FEEDBACK, PARTICIPATION MATTERS, GROUP PROJECTS, CLEAR GRADING CRITERIA, TOUGH GRADER, PARTICIPATION MATTERS, TOUGH GRADER, CLEAR GRADING CRITERIA, GIVES GOOD FEEDBACK, TOUGH GRADER, GROUP PROJECTS, GIVES GOOD FEEDBACK, GROUP PROJECTS, CLEAR GRADING CRITERIA, GIVES GOOD FEEDBACK, GROUP PROJECTS, GIVES GOOD FEEDBACK, LOTS OF HOMEWORK"
"MATTHYS, ERIC",1.9,4.6,49,50%,https://www.ratemyprofessors.com/professor/407329,Engineering,"TOUGH GRADER, LOTS OF HOMEWORK, CLEAR GRADING CRITERIA, GRADED BY FEW THINGS, TOUGH GRADER, CLEAR GRADING CRITERIA, LOTS OF HOMEWORK, GRADED BY FEW THINGS"
"DESHMUKH, RANJIT",3.9,2.9,17,76%,https://www.ratemyprofessors.com/professor/2571648,Environmental Science & Mgmt.,"ACCESSIBLE OUTSIDE CLASS, LECTURE HEAVY, AMAZING LECTURES, CLEAR GRADING CRITERIA, CARING, CLEAR GRADING CRITERIA, INSPIRATIONAL, CARING, LECTURE HEAVY, GROUP PROJECTS, AMAZING LECTURES, INSPIRATIONAL"
"GOULIAS, KOSTAS",4.3,1.5,13,100%,https://www.ratemyprofessors.com/professor/963228,Geography,"HILARIOUS, GRADED BY FEW THINGS, CARING, RESPECTED, GROUP PROJECTS, CARING, RESPECTED, ACCESSIBLE OUTSIDE CLASS, GRADED BY FEW THINGS, HILARIOUS, CARING, GROUP PROJECTS, RESPECTED, GRADED BY FEW THINGS, HILARIOUS"
"ASLANDOGAN, YUKSEL",4.0,1.5,2,100%,https://www.ratemyprofessors.com/professor/3075870,Engineering,"EXTRA CREDIT, CARING, RESPECTED, CARING, RESPECTED, EXTRA CREDIT"
"OGBECHIE, SYLVESTER",2.4,3.2,48,31%,https://www.ratemyprofessors.com/professor/355137,History,"GRADED BY FEW THINGS, LECTURE HEAVY, TOUGH GRADER, GET READY TO READ, SKIP CLASS? YOU WON'T PASS., GET READY TO READ, PARTICIPATION MATTERS, GET READY TO READ, LECTURE HEAVY, TEST HEAVY, GET READY TO READ, TEST HEAVY, GRADED BY FEW THINGS, GET READY TO READ, LECTURE HEAVY, GRADED BY FEW THINGS, TOUGH GRADER, LECTURE HEAVY, GRADED BY FEW THINGS"
"PARK, JOHN",4.4,3.7,19,72%,https://www.ratemyprofessors.com/professor/1920676,Asian American Studies,"GET READY TO READ, TOUGH GRADER, RESPECTED, GRADED BY FEW THINGS, ACCESSIBLE OUTSIDE CLASS, TOUGH GRADER, RESPECTED, LECTURE HEAVY, TOUGH GRADER, GET READY TO READ, ACCESSIBLE OUTSIDE CLASS, GET READY TO READ, AMAZING LECTURES, HILARIOUS, GET READY TO READ, GRADED BY FEW THINGS, TOUGH GRADER, GET READY TO READ, INSPIRATIONAL"
"WANG, YUEDONG",3.4,2.5,14,75%,https://www.ratemyprofessors.com/professor/1694378,Mathematics,"TOUGH GRADER, CLEAR GRADING CRITERIA, TOUGH GRADER, CLEAR GRADING CRITERIA"
"WELDEAB, SYEE",3.3,3.3,7,71%,https://www.ratemyprofessors.com/professor/2353146,Geology,"GRADED BY FEW THINGS, TOUGH GRADER, BEWARE OF POP QUIZZES, LECTURE HEAVY, TEST HEAVY, BEWARE OF POP QUIZZES, TEST HEAVY, GRADED BY FEW THINGS, CLEAR GRADING CRITERIA, GRADED BY FEW THINGS, ACCESSIBLE OUTSIDE CLASS, BEWARE OF POP QUIZZES, LECTURE HEAVY, TOUGH GRADER, LECTURE HEAVY, CARING"
"TANIMOTO, TOSHIRO",3.3,2.7,6,50%,https://www.ratemyprofessors.com/professor/968778,Geology,"GET READY TO READ, TEST HEAVY, GET READY TO READ, TEST HEAVY"
"JACOBS , JEREMY ",5.0,3.0,2,100%,https://www.ratemyprofessors.com/professor/2994774,Environmental Science & Mgmt.,"GROUP PROJECTS, GIVES GOOD FEEDBACK, PARTICIPATION MATTERS, AMAZING LECTURES, PARTICIPATION MATTERS, GROUP PROJECTS, GIVES GOOD FEEDBACK, GROUP PROJECTS, AMAZING LECTURES, GIVES GOOD FEEDBACK"
"SILVER, DAVID",3.6,2.4,5,60%,https://www.ratemyprofessors.com/professor/2994801,Economics,"LECTURE HEAVY, CLEAR GRADING CRITERIA, TEST HEAVY, LECTURE HEAVY, CLEAR GRADING CRITERIA, LECTURE HEAVY, CLEAR GRADING CRITERIA, LECTURE HEAVY, TEST HEAVY"
"THOMAS, CHRISTINE",4.2,2.7,53,80%,https://www.ratemyprofessors.com/professor/160805,Religion,"GET READY TO READ, CARING, CLEAR GRADING CRITERIA, SKIP CLASS? YOU WON'T PASS., AMAZING LECTURES, GET READY TO READ, RESPECTED, LECTURE HEAVY, GET READY TO READ, EXTRA CREDIT, GET READY TO READ, GIVES GOOD FEEDBACK, CARING, GET READY TO READ, GIVES GOOD FEEDBACK, CARING, CLEAR GRADING CRITERIA, CARING"
"THOMAS, ANISHA",4.0,1.6,10,80%,https://www.ratemyprofessors.com/professor/2995587,Feminist Studies,"CLEAR GRADING CRITERIA, CARING, GRADED BY FEW THINGS, AMAZING LECTURES, PARTICIPATION MATTERS, PARTICIPATION MATTERS, GRADED BY FEW THINGS, TOUGH GRADER, PARTICIPATION MATTERS, EXTRA CREDIT, CLEAR GRADING CRITERIA, CARING, RESPECTED, AMAZING LECTURES, INSPIRATIONAL, CARING, CLEAR GRADING CRITERIA, GRADED BY FEW THINGS"
"CARLISLE, LIZ",4.8,1.6,5,80%,https://www.ratemyprofessors.com/professor/2769977,Environmental Science & Mgmt.,"INSPIRATIONAL, CARING, RESPECTED, AMAZING LECTURES, CLEAR GRADING CRITERIA, CLEAR GRADING CRITERIA, CARING, RESPECTED, AMAZING LECTURES, INSPIRATIONAL, INSPIRATIONAL, CARING, RESPECTED"
"FOUQUE, JEAN-PIERRE",4.0,3.2,5,66%,https://www.ratemyprofessors.com/professor/1261312,Statistics,"CLEAR GRADING CRITERIA, LECTURE HEAVY, TOUGH GRADER, AMAZING LECTURES, WOULD TAKE AGAIN, CLEAR GRADING CRITERIA, CARING, RESPECTED, ACCESSIBLE OUTSIDE CLASS, CLEAR GRADING CRITERIA, LECTURE HEAVY, LOTS OF HOMEWORK, LECTURE HEAVY"
"HU, RUIMENG",4.4,4.0,5,80%,https://www.ratemyprofessors.com/professor/2621722,Mathematics,"SKIP CLASS? YOU WON'T PASS., CLEAR GRADING CRITERIA, CARING, TEST HEAVY, GET READY TO READ, AMAZING LECTURES, CLEAR GRADING CRITERIA, TEST HEAVY, GET READY TO READ, TEST HEAVY, GRADED BY FEW THINGS, GIVES GOOD FEEDBACK, CARING, ACCESSIBLE OUTSIDE CLASS, SKIP CLASS? YOU WON'T PASS., CLEAR GRADING CRITERIA, CARING, SKIP CLASS? YOU WON'T PASS., LECTURE HEAVY"
"MONTELLO, DAN",3.0,3.3,158,27%,https://www.ratemyprofessors.com/professor/180785,Geography,"LECTURE HEAVY, TOUGH GRADER, TEST HEAVY, SKIP CLASS? YOU WON'T PASS., GRADED BY FEW THINGS, TOUGH GRADER, HILARIOUS, LECTURE HEAVY, GET READY TO READ, LECTURE HEAVY, GRADED BY FEW THINGS, LECTURE HEAVY, TEST HEAVY, GRADED BY FEW THINGS"
"COOLEY, TIM",3.3,2.2,15,75%,https://www.ratemyprofessors.com/professor/727320,Music,"GROUP PROJECTS, GET READY TO READ, PARTICIPATION MATTERS, SKIP CLASS? YOU WON'T PASS., CARING, PARTICIPATION MATTERS, GROUP PROJECTS, HILARIOUS, LECTURE HEAVY, GROUP PROJECTS, AMAZING LECTURES, PARTICIPATION MATTERS, GRADED BY FEW THINGS"
"O'MALLEY, MICHELLE",4.4,3.4,5,100%,https://www.ratemyprofessors.com/professor/2097062,Chemical Engineering,"ACCESSIBLE OUTSIDE CLASS, PARTICIPATION MATTERS, RESPECTED, LECTURE HEAVY, TOUGH GRADER, RESPECTED, LECTURE HEAVY, ACCESSIBLE OUTSIDE CLASS, LECTURE HEAVY, GRADED BY FEW THINGS, ACCESSIBLE OUTSIDE CLASS, RESPECTED, PARTICIPATION MATTERS, ACCESSIBLE OUTSIDE CLASS"
"SAFINYA, CYRUS",2.7,1.7,3,,https://www.ratemyprofessors.com/professor/1229323,Biology,"LECTURE HEAVY, GRADED BY FEW THINGS, LECTURE HEAVY, GRADED BY FEW THINGS"
"REEVE, DANIEL",3.2,3.4,12,25%,https://www.ratemyprofessors.com/professor/2647205,English,"GET READY TO READ, GRADED BY FEW THINGS, CLEAR GRADING CRITERIA, GIVES GOOD FEEDBACK, CARING, GET READY TO READ, GIVES GOOD FEEDBACK, CARING, GET READY TO READ, LECTURE HEAVY, GET READY TO READ, LOTS OF HOMEWORK, GRADED BY FEW THINGS, GET READY TO READ, CLEAR GRADING CRITERIA, LECTURE HEAVY"
"PETERS, GARETH",3.6,3.6,5,80%,https://www.ratemyprofessors.com/professor/2795516,Statistics,"CARING, LECTURE HEAVY, AMAZING LECTURES, LOTS OF HOMEWORK, TOUGH GRADER, AMAZING LECTURES, CARING, RESPECTED, LOTS OF HOMEWORK, CARING, ACCESSIBLE OUTSIDE CLASS, CARING, LECTURE HEAVY, LECTURE HEAVY, AMAZING LECTURES, INSPIRATIONAL, CARING"
"KLEMANN, DAN",4.3,3.3,4,75%,https://www.ratemyprofessors.com/professor/2996845,Environmental Science & Mgmt.,"BEWARE OF POP QUIZZES, LOTS OF HOMEWORK, HILARIOUS, HILARIOUS, BEWARE OF POP QUIZZES, BEWARE OF POP QUIZZES, LOTS OF HOMEWORK, BEWARE OF POP QUIZZES, BEWARE OF POP QUIZZES"
"SIDERIS, LISA",5.0,2.0,2,100%,https://www.ratemyprofessors.com/professor/2778342,Environmental Science & Mgmt.,"GET READY TO READ, EXTRA CREDIT, AMAZING LECTURES, CARING, ACCESSIBLE OUTSIDE CLASS, EXTRA CREDIT, AMAZING LECTURES, ACCESSIBLE OUTSIDE CLASS, GET READY TO READ, CARING"
"BURATTO, STEVE",4.1,3.2,71,90%,https://www.ratemyprofessors.com/professor/348467,Chemistry,"LOTS OF HOMEWORK, TOUGH GRADER, WOULD TAKE AGAIN, GIVES GOOD FEEDBACK, CARING, INSPIRATIONAL, CARING, ACCESSIBLE OUTSIDE CLASS, AMAZING LECTURES, LOTS OF HOMEWORK, GIVES GOOD FEEDBACK, SKIP CLASS? YOU WON'T PASS., TEST HEAVY"
"YANG, MAYFAIR",2.9,2.9,27,75%,https://www.ratemyprofessors.com/professor/509514,Anthropology,"EXTRA CREDIT, TOUGH GRADER, GET READY TO READ, CARING, RESPECTED, TOUGH GRADER, TEST HEAVY, GRADED BY FEW THINGS, TOUGH GRADER, TEST HEAVY, RESPECTED, LECTURE HEAVY, EXTRA CREDIT, AMAZING LECTURES, INSPIRATIONAL, GET READY TO READ, CARING"
"CONROY-BEAM, DANIEL",4.2,2.8,26,76%,https://www.ratemyprofessors.com/professor/2258031,Psychology,"TEST HEAVY, AMAZING LECTURES, CLEAR GRADING CRITERIA, HILARIOUS, CARING, CLEAR GRADING CRITERIA, GRADED BY FEW THINGS, CARING, LECTURE HEAVY, TEST HEAVY, CLEAR GRADING CRITERIA, AMAZING LECTURES, HILARIOUS, RESPECTED"
"BENNETT, TED",3.1,4.7,25,31%,https://www.ratemyprofessors.com/professor/616066,Engineering,"LOTS OF HOMEWORK, TOUGH GRADER, GET READY TO READ, GRADED BY FEW THINGS, LECTURE HEAVY, GET READY TO READ, LOTS OF HOMEWORK, PARTICIPATION MATTERS, LECTURE HEAVY, GRADED BY FEW THINGS, TOUGH GRADER, LOTS OF HOMEWORK, GRADED BY FEW THINGS, LOTS OF HOMEWORK"
"DE TOMASO, ANTHONY",3.1,4.6,23,42%,https://www.ratemyprofessors.com/professor/2112995,Biology,"LECTURE HEAVY, TEST HEAVY, GRADED BY FEW THINGS, GET READY TO READ, TOUGH GRADER, TEST HEAVY, GRADED BY FEW THINGS, GET READY TO READ, CLEAR GRADING CRITERIA, LECTURE HEAVY, GRADED BY FEW THINGS, ACCESSIBLE OUTSIDE CLASS, LECTURE HEAVY, TEST HEAVY, GRADED BY FEW THINGS, LECTURE HEAVY, TEST HEAVY, GRADED BY FEW THINGS"
"CHENOWETH, REBECCA",4.6,3.1,20,93%,https://www.ratemyprofessors.com/professor/1918905,English,"CARING, GIVES GOOD FEEDBACK, ACCESSIBLE OUTSIDE CLASS, PARTICIPATION MATTERS, CLEAR GRADING CRITERIA, CARING, TOUGH GRADER, PARTICIPATION MATTERS, EXTRA CREDIT, TOUGH GRADER, GET READY TO READ, PARTICIPATION MATTERS, TOUGH GRADER, PARTICIPATION MATTERS, ACCESSIBLE OUTSIDE CLASS, GET READY TO READ, PARTICIPATION MATTERS, CARING"
"WHITE, KELSEY",5.0,2.3,16,100%,https://www.ratemyprofessors.com/professor/2094556,Germanic  Russian Studies,"CARING, PARTICIPATION MATTERS, GIVES GOOD FEEDBACK, RESPECTED, LOTS OF HOMEWORK, PARTICIPATION MATTERS, AMAZING LECTURES, CARING, PARTICIPATION MATTERS, CARING, RESPECTED, LOTS OF HOMEWORK, HILARIOUS, CARING, RESPECTED, PARTICIPATION MATTERS, AMAZING LECTURES, CARING"
"ANANTH, PRABHANJAN",3.6,4.0,12,66%,https://www.ratemyprofessors.com/professor/2669130,Computer Science,"LOTS OF HOMEWORK, ACCESSIBLE OUTSIDE CLASS, SKIP CLASS? YOU WON'T PASS., CLEAR GRADING CRITERIA, TEST HEAVY, CLEAR GRADING CRITERIA, CARING, RESPECTED, GET READY TO READ, CLEAR GRADING CRITERIA, LECTURE HEAVY, TOUGH GRADER, GRADED BY FEW THINGS"
"ROMO, LAURA",1.6,3.4,8,,https://www.ratemyprofessors.com/professor/1536947,Education,"TOUGH GRADER, PARTICIPATION MATTERS, GROUP PROJECTS, SKIP CLASS? YOU WON'T PASS., LECTURE HEAVY, TOUGH GRADER, GROUP PROJECTS, GRADED BY FEW THINGS, TOUGH GRADER, PARTICIPATION MATTERS, GROUP PROJECTS, LECTURE HEAVY, TOUGH GRADER, PARTICIPATION MATTERS, TEST HEAVY"
"ZHAO, XIAOJIAN",3.7,2.5,70,60%,https://www.ratemyprofessors.com/professor/109015,Ethnic Studies,"GET READY TO READ, LECTURE HEAVY, TOUGH GRADER, BEWARE OF POP QUIZZES, GROUP PROJECTS, GET READY TO READ, BEWARE OF POP QUIZZES, LECTURE HEAVY, INSPIRATIONAL, LECTURE HEAVY, GET READY TO READ, AMAZING LECTURES, TOUGH GRADER, GET READY TO READ, TEST HEAVY, TOUGH GRADER, TEST HEAVY"
"CHMELKA, BRADLEY",3.5,3.3,13,83%,https://www.ratemyprofessors.com/professor/705349,Chemical Engineering,"CARING, ACCESSIBLE OUTSIDE CLASS, TOUGH GRADER, AMAZING LECTURES, CLEAR GRADING CRITERIA, GRADED BY FEW THINGS, ACCESSIBLE OUTSIDE CLASS, CLEAR GRADING CRITERIA, GIVES GOOD FEEDBACK, LECTURE HEAVY, AMAZING LECTURES, LOTS OF HOMEWORK, CARING"
"GAYEN, MIKAEL",4.4,3.2,11,90%,https://www.ratemyprofessors.com/professor/2852789,French & Italian,"PARTICIPATION MATTERS, HILARIOUS, CARING, TOUGH GRADER, GROUP PROJECTS, PARTICIPATION MATTERS, HILARIOUS, CARING, TOUGH GRADER, PARTICIPATION MATTERS, PARTICIPATION MATTERS, GROUP PROJECTS, RESPECTED, PARTICIPATION MATTERS, HILARIOUS, TOUGH GRADER, PARTICIPATION MATTERS, HILARIOUS"
"CASTILLO, JORGE LUIS",4.7,3.1,9,100%,https://www.ratemyprofessors.com/professor/1082286,Literature,"CARING, GET READY TO READ, CLEAR GRADING CRITERIA, TOUGH GRADER, PARTICIPATION MATTERS, GET READY TO READ, EXTRA CREDIT, AMAZING LECTURES, CLEAR GRADING CRITERIA, CARING, TOUGH GRADER, GET READY TO READ, PARTICIPATION MATTERS, GET READY TO READ, LECTURE HEAVY, CARING, RESPECTED, INSPIRATIONAL, CARING"
"MUKHERJEE, ARNAB",3.0,2.6,7,71%,https://www.ratemyprofessors.com/professor/2368006,Chemical Engineering,"GRADED BY FEW THINGS, GROUP PROJECTS, LECTURE HEAVY, PARTICIPATION MATTERS, GIVES GOOD FEEDBACK, INSPIRATIONAL, GROUP PROJECTS, GRADED BY FEW THINGS, PARTICIPATION MATTERS, LECTURE HEAVY, GRADED BY FEW THINGS, LECTURE HEAVY, TEST HEAVY, GRADED BY FEW THINGS"
"GORDON, MICHAEL",4.6,3.2,26,100%,https://www.ratemyprofessors.com/professor/1040598,Chemical Engineering,"AMAZING LECTURES, CARING, RESPECTED, INSPIRATIONAL, HILARIOUS, CLEAR GRADING CRITERIA, GIVES GOOD FEEDBACK, RESPECTED, AMAZING LECTURES, CLEAR GRADING CRITERIA, ACCESSIBLE OUTSIDE CLASS, INSPIRATIONAL, CARING, RESPECTED, LOTS OF HOMEWORK, HILARIOUS, CARING, RESPECTED, HILARIOUS, CARING"
"CHANDRASEKARAN, SHIV",4.5,3.1,14,100%,https://www.ratemyprofessors.com/professor/653728,Electrical & Comp. Engineering,"AMAZING LECTURES, CARING, RESPECTED, CLEAR GRADING CRITERIA, GIVES GOOD FEEDBACK, AMAZING LECTURES, CARING, RESPECTED, CLEAR GRADING CRITERIA, CARING, RESPECTED, GIVES GOOD FEEDBACK, ACCESSIBLE OUTSIDE CLASS, AMAZING LECTURES"
"MALDONADO, JULIE",4.8,2.6,12,91%,https://www.ratemyprofessors.com/professor/2204306,Environmental Science  Mgmt.,"CARING, RESPECTED, GIVES GOOD FEEDBACK, GET READY TO READ, CLEAR GRADING CRITERIA, EXTRA CREDIT, GIVES GOOD FEEDBACK, CARING, GET READY TO READ, PARTICIPATION MATTERS, CLEAR GRADING CRITERIA, GIVES GOOD FEEDBACK, GET READY TO READ, GRADED BY FEW THINGS, GET READY TO READ, CLEAR GRADING CRITERIA, CARING"
"SRA, MISHA",3.0,2.2,9,66%,https://www.ratemyprofessors.com/professor/2884233,Computer Science,"GROUP PROJECTS, GRADED BY FEW THINGS, TOUGH GRADER, PARTICIPATION MATTERS, AMAZING LECTURES, GROUP PROJECTS, GRADED BY FEW THINGS, GROUP PROJECTS, GRADED BY FEW THINGS, TOUGH GRADER, PARTICIPATION MATTERS, GROUP PROJECTS, GROUP PROJECTS, GIVES GOOD FEEDBACK, GRADED BY FEW THINGS"
"CHANDRASEKARAN, SANJAY",5.0,3.0,1,100%,https://www.ratemyprofessors.com/professor/3082586,Computer Science,"AMAZING LECTURES, CARING"
"WOLSKI, RICH",4.2,4.1,20,66%,https://www.ratemyprofessors.com/professor/470776,Computer Science,"GROUP PROJECTS, AMAZING LECTURES, RESPECTED, LOTS OF HOMEWORK, TOUGH GRADER, GRADED BY FEW THINGS, ACCESSIBLE OUTSIDE CLASS, PARTICIPATION MATTERS"
"SALDIVAR, EMIKO",4.0,1.9,9,88%,https://www.ratemyprofessors.com/professor/2295573,Anthropology,"GET READY TO READ, INSPIRATIONAL, CARING, AMAZING LECTURES, LOTS OF HOMEWORK, GIVES GOOD FEEDBACK"
"DUNBAR, NORAH",3.9,2.6,25,78%,https://www.ratemyprofessors.com/professor/2117643,Communication,"TOUGH GRADER, CLEAR GRADING CRITERIA, GRADED BY FEW THINGS, AMAZING LECTURES, RESPECTED, GET READY TO READ, GIVES GOOD FEEDBACK, SO MANY PAPERS, LECTURE HEAVY, TEST HEAVY, CARING"
"CHRISTOFFERSEN, ROLF",3.0,3.6,94,43%,https://www.ratemyprofessors.com/professor/275767,Biology,"TEST HEAVY, GRADED BY FEW THINGS, LECTURE HEAVY, TOUGH GRADER, SKIP CLASS? YOU WON'T PASS., AMAZING LECTURES, CLEAR GRADING CRITERIA, LOTS OF HOMEWORK"
"SOH, TOM",4.2,2.9,8,,https://www.ratemyprofessors.com/professor/581833,Engineering,None
"STEIN, DAVID",4.0,2.2,6,66%,https://www.ratemyprofessors.com/professor/3001826,History,"GET READY TO READ, PARTICIPATION MATTERS, AMAZING LECTURES, CLEAR GRADING CRITERIA, GIVES GOOD FEEDBACK, LECTURE HEAVY, GRADED BY FEW THINGS"
"PUENTE, MAYRA",3.5,2.3,6,50%,https://www.ratemyprofessors.com/professor/2986324,Education,"GET READY TO READ, CLEAR GRADING CRITERIA, PARTICIPATION MATTERS, EXTRA CREDIT, INSPIRATIONAL, GRADED BY FEW THINGS, CARING, ACCESSIBLE OUTSIDE CLASS"
"CABRANES-GRANT, LEO",3.9,2.5,30,100%,https://www.ratemyprofessors.com/professor/149984,Languages,"AMAZING LECTURES, CLEAR GRADING CRITERIA, INSPIRATIONAL, HILARIOUS, PARTICIPATION MATTERS, GIVES GOOD FEEDBACK, GRADED BY FEW THINGS, CARING, GET READY TO READ"
"SQUIRES, TODD",4.6,2.7,18,100%,https://www.ratemyprofessors.com/professor/859177,Chemical Engineering,"HILARIOUS, CARING, GROUP PROJECTS, INSPIRATIONAL, PARTICIPATION MATTERS, SO MANY PAPERS, RESPECTED, AMAZING LECTURES, LOTS OF HOMEWORK, GIVES GOOD FEEDBACK, TEST HEAVY"
"KAHN, KALJU",3.2,4.5,106,45%,https://www.ratemyprofessors.com/professor/358063,Chemistry,"TOUGH GRADER, LOTS OF HOMEWORK, GET READY TO READ, SKIP CLASS? YOU WON'T PASS., GIVES GOOD FEEDBACK, AMAZING LECTURES, CARING, EXTRA CREDIT, PARTICIPATION MATTERS, INSPIRATIONAL"
"BLUMENTHAL, DEBRA",2.5,3.0,42,10%,https://www.ratemyprofessors.com/professor/628936,History,"GET READY TO READ, TOUGH GRADER, ACCESSIBLE OUTSIDE CLASS, SKIP CLASS? YOU WON'T PASS., GROUP PROJECTS"
"MATOZA, ROBIN",4.1,2.2,20,87%,https://www.ratemyprofessors.com/professor/2115795,Science,"CLEAR GRADING CRITERIA, EXTRA CREDIT, RESPECTED, GIVES GOOD FEEDBACK, LOTS OF HOMEWORK, AMAZING LECTURES, GRADED BY FEW THINGS"
"PITENIS, ANGELA",4.3,2.6,7,85%,https://www.ratemyprofessors.com/professor/2422726,Engineering,"CARING, INSPIRATIONAL, LECTURE HEAVY, TOUGH GRADER, GET READY TO READ, TEST HEAVY, RESPECTED"
"PARIKH, SAHAJ",5.0,2.9,7,100%,https://www.ratemyprofessors.com/professor/2942980,Religious Studies,"AMAZING LECTURES, ACCESSIBLE OUTSIDE CLASS, GIVES GOOD FEEDBACK, INSPIRATIONAL, HILARIOUS, CARING, ONLINE SAVVY, CLEAR GRADING CRITERIA, RESPECTED"
"GEULEN, EVA",1.3,4.3,3,,https://www.ratemyprofessors.com/professor/3081574,Germanic & Russian Studies,"GET READY TO READ, LECTURE HEAVY, GRADED BY FEW THINGS, TOUGH GRADER, LOTS OF HOMEWORK"
"STEWART, JEFFREY",3.2,2.9,20,52%,https://www.ratemyprofessors.com/professor/1144419,Black Studies,"LECTURE HEAVY, TOUGH GRADER, GROUP PROJECTS, AMAZING LECTURES, GRADED BY FEW THINGS, GET READY TO READ"
"NOVAK, DAVID",1.7,3.8,12,33%,https://www.ratemyprofessors.com/professor/1535314,Music,"GET READY TO READ, SKIP CLASS? YOU WON'T PASS., PARTICIPATION MATTERS, GROUP PROJECTS, TOUGH GRADER, LOTS OF HOMEWORK, LECTURE HEAVY, AMAZING LECTURES"
"YAMBOLIEV, KALI",2.6,4.0,9,11%,https://www.ratemyprofessors.com/professor/2597955,Writing,"TOUGH GRADER, GET READY TO READ, PARTICIPATION MATTERS, ACCESSIBLE OUTSIDE CLASS, GIVES GOOD FEEDBACK, LOTS OF HOMEWORK, SO MANY PAPERS"
"ROBERTS, NATHAN",2.8,4.3,6,33%,https://www.ratemyprofessors.com/professor/3041761,Film,"LECTURE HEAVY, TEST HEAVY, GET READY TO READ, ACCESSIBLE OUTSIDE CLASS, TOUGH GRADER, AMAZING LECTURES, CARING"
"RIGHTMIRE, RANDY",2.6,3.2,30,38%,https://www.ratemyprofessors.com/professor/500137,Languages,"LOTS OF HOMEWORK, PARTICIPATION MATTERS, GIVES GOOD FEEDBACK, GROUP PROJECTS, ACCESSIBLE OUTSIDE CLASS, TOUGH GRADER, GET READY TO READ, CARING"
"JACOB, BILL",3.1,3.9,50,83%,https://www.ratemyprofessors.com/professor/229281,Mathematics,"TOUGH GRADER, TESTS ARE TOUGH, AMAZING LECTURES, LOTS OF HOMEWORK, LECTURE HEAVY, PARTICIPATION MATTERS, INSPIRATIONAL, GROUP PROJECTS, GIVES GOOD FEEDBACK, HILARIOUS"
"KEARNEY, J J",4.3,2.4,65,87%,https://www.ratemyprofessors.com/professor/1002196,English,"GET READY TO READ, AMAZING LECTURES, CARING, CLEAR GRADING CRITERIA, HILARIOUS, SO MANY PAPERS, LECTURE HEAVY"
"TASCHIAN, HELEN",3.4,3.3,50,60%,https://www.ratemyprofessors.com/professor/568297,Art History,"GET READY TO READ, SO MANY PAPERS, CARING, LOTS OF HOMEWORK, TOUGH GRADER"
"BRYSK, ALISON",3.8,2.4,18,68%,https://www.ratemyprofessors.com/professor/1546875,Global Studies,"LECTURE HEAVY, GROUP PROJECTS, CLEAR GRADING CRITERIA, INSPIRATIONAL, RESPECTED, BEWARE OF POP QUIZZES, CARING, ACCESSIBLE OUTSIDE CLASS, GET READY TO READ, GRADED BY FEW THINGS"
"KIRTMAN, BERNIE",2.4,4.2,18,40%,https://www.ratemyprofessors.com/professor/125598,Science,"LOTS OF HOMEWORK, TOUGH GRADER, CARING, LECTURE HEAVY, GET READY TO READ, GRADED BY FEW THINGS"
"MAHAN, MIKE",4.2,4.1,15,33%,https://www.ratemyprofessors.com/professor/129749,Science,"SKIP CLASS? YOU WON'T PASS., ACCESSIBLE OUTSIDE CLASS, HILARIOUS, TEST HEAVY, TOUGH GRADER, RESPECTED, LECTURE HEAVY"
"HALL, AMANDA",4.3,3.3,3,100%,https://www.ratemyprofessors.com/professor/3021318,History,"GET READY TO READ, PARTICIPATION MATTERS, CLEAR GRADING CRITERIA, LECTURE HEAVY, ACCESSIBLE OUTSIDE CLASS"
"RODRIG, ALONSO",3.5,3.5,2,100%,https://www.ratemyprofessors.com/professor/3015509,Mathematics,"EXTRA CREDIT, CLEAR GRADING CRITERIA, INSPIRATIONAL, GRADED BY FEW THINGS"
"ROBERTSON, TERESA",3.3,3.8,33,74%,https://www.ratemyprofessors.com/professor/1704813,Philosophy,"CARING, GRADED BY FEW THINGS, ACCESSIBLE OUTSIDE CLASS, SKIP CLASS? YOU WON'T PASS., CLEAR GRADING CRITERIA, LOTS OF HOMEWORK, TEST HEAVY, AMAZING LECTURES, INSPIRATIONAL"
"ROTHMAN, JOEL",4.2,3.3,25,76%,https://www.ratemyprofessors.com/professor/971025,Biology,"TEST HEAVY, GRADED BY FEW THINGS, LECTURE HEAVY, TOUGH GRADER, AMAZING LECTURES, CLEAR GRADING CRITERIA, PARTICIPATION MATTERS"
"DOHERTY, MICHAEL",4.2,4.2,6,50%,https://www.ratemyprofessors.com/professor/824215,Chemical Engineering,"TOUGH GRADER, SKIP CLASS? YOU WON'T PASS., INSPIRATIONAL, LOTS OF HOMEWORK, GRADED BY FEW THINGS, ACCESSIBLE OUTSIDE CLASS"
"STROBEL, MARCEL",4.3,2.3,6,83%,https://www.ratemyprofessors.com/professor/2615084,Germanic & Russian Studies,"GIVES GOOD FEEDBACK, PARTICIPATION MATTERS, CARING, TOUGH GRADER, AMAZING LECTURES, ACCESSIBLE OUTSIDE CLASS, LOTS OF HOMEWORK, RESPECTED, INSPIRATIONAL"
"BRIDGES, TRISTAN",4.6,3.7,25,84%,https://www.ratemyprofessors.com/professor/2317100,Sociology,"AMAZING LECTURES, INSPIRATIONAL, GET READY TO READ, CLEAR GRADING CRITERIA, HILARIOUS, GIVES GOOD FEEDBACK, ACCESSIBLE OUTSIDE CLASS, EXTRA CREDIT, CARING, RESPECTED"
"SUBER, KEVIN",5.0,3.6,9,100%,https://www.ratemyprofessors.com/professor/2751359,Finance,"PARTICIPATION MATTERS, AMAZING LECTURES, INSPIRATIONAL, CARING, HILARIOUS, RESPECTED, ACCESSIBLE OUTSIDE CLASS"
"MEDINA, ANDREA",4.5,2.0,2,100%,https://www.ratemyprofessors.com/professor/2557157,Chicano Studies,"GET READY TO READ, AMAZING LECTURES, INSPIRATIONAL, CARING"
"MADHOW, UPAMANYU",2.0,4.5,6,33%,https://www.ratemyprofessors.com/professor/2847042,Electrical & Comp. Engineering,"LOTS OF HOMEWORK, TOUGH GRADER, LECTURE HEAVY, GRADED BY FEW THINGS, GIVES GOOD FEEDBACK, SO MANY PAPERS"
"BALDWIN, JOHN",3.7,3.3,362,50%,https://www.ratemyprofessors.com/professor/419084,Sociology,"GET READY TO READ, TEST HEAVY, GRADED BY FEW THINGS, TOUGH GRADER, LECTURE HEAVY, CARING"
"JANICE, BALDWIN",3.8,3.1,39,54%,https://www.ratemyprofessors.com/professor/1659058,Sociology,"GET READY TO READ, TEST HEAVY, GRADED BY FEW THINGS, AMAZING LECTURES, HILARIOUS, TOUGH GRADER, LECTURE HEAVY"
"ANDEREGG, LEANDER",5.0,3.0,2,100%,https://www.ratemyprofessors.com/professor/2610271,Biology,"AMAZING LECTURES, CLEAR GRADING CRITERIA, ACCESSIBLE OUTSIDE CLASS"
"AFIF, CHLOE",0.0,0.0,0,,https://www.ratemyprofessors.com/professor/3079672,Biology,None
"GENOVA, GINA",4.5,3.2,47,100%,https://www.ratemyprofessors.com/professor/363356,Writing,"GIVES GOOD FEEDBACK, TOUGH GRADER, CARING, ACCESSIBLE OUTSIDE CLASS, CLEAR GRADING CRITERIA, LOTS OF HOMEWORK, RESPECTED, AMAZING LECTURES, INSPIRATIONAL"
"WHITTET, ELLEN",4.5,2.5,8,87%,https://www.ratemyprofessors.com/professor/2462927,Writing,"CARING, PARTICIPATION MATTERS, GIVES GOOD FEEDBACK, CLEAR GRADING CRITERIA, TOUGH GRADER, RESPECTED, GROUP PROJECTS, GET READY TO READ, ACCESSIBLE OUTSIDE CLASS"
"JACKSON, WENDY",5.0,3.0,3,100%,https://www.ratemyprofessors.com/professor/2639706,Film,"RESPECTED, AMAZING LECTURES, GIVES GOOD FEEDBACK, INSPIRATIONAL, CARING"
"TIAN, WENCHUAN",3.9,3.0,35,71%,https://www.ratemyprofessors.com/professor/2757694,Mathematics,"LOTS OF HOMEWORK, CLEAR GRADING CRITERIA, TEST HEAVY, AMAZING LECTURES, HILARIOUS, TOUGH GRADER, GRADED BY FEW THINGS"
"ELIZONDO, SONNY",4.7,2.9,15,92%,https://www.ratemyprofessors.com/professor/1549475,Philosophy,"GET READY TO READ, AMAZING LECTURES, SKIP CLASS? YOU WON'T PASS., LECTURE HEAVY, TOUGH GRADER, CLEAR GRADING CRITERIA"
"WILSON, BRENT",5.0,3.3,6,100%,https://www.ratemyprofessors.com/professor/2955394,Music,"PARTICIPATION MATTERS, INSPIRATIONAL, HILARIOUS, CARING, RESPECTED"
"LEACH, RYAN",5.0,1.7,3,100%,https://www.ratemyprofessors.com/professor/2394352,English,"GET READY TO READ, AMAZING LECTURES, CLEAR GRADING CRITERIA, GIVES GOOD FEEDBACK, CARING, GRADED BY FEW THINGS"
"FRUHSTUCK, SABINE",3.6,2.8,24,50%,https://www.ratemyprofessors.com/professor/563305,Ethnic Studies,"GET READY TO READ, LECTURE HEAVY, PARTICIPATION MATTERS, AMAZING LECTURES, LOTS OF HOMEWORK, ACCESSIBLE OUTSIDE CLASS, INSPIRATIONAL, CARING, TOUGH GRADER"
"CLITANDRE, NADEGE",2.3,3.5,23,35%,https://www.ratemyprofessors.com/professor/1693982,Global Studies,"GET READY TO READ, BEWARE OF POP QUIZZES, TOUGH GRADER, PARTICIPATION MATTERS, EXTRA CREDIT, LECTURE HEAVY"
"DORNAN, NATALIE",4.8,3.0,4,100%,https://www.ratemyprofessors.com/professor/2606071,Biology,"INSPIRATIONAL, CARING, GIVES GOOD FEEDBACK, PARTICIPATION MATTERS, GROUP PROJECTS, HILARIOUS"
"THOMPSON, MIRIAM ",5.0,1.0,1,100%,https://www.ratemyprofessors.com/professor/3079301,Humanities,"PARTICIPATION MATTERS, INSPIRATIONAL"
"BRAGADIR, NATHALIE",5.0,2.3,4,100%,https://www.ratemyprofessors.com/professor/2855652,Spanish,"PARTICIPATION MATTERS, GIVES GOOD FEEDBACK, CARING, CLEAR GRADING CRITERIA, INSPIRATIONAL, LOTS OF HOMEWORK"
"AGBOOLA, ADEBISI",2.2,3.7,83,25%,https://www.ratemyprofessors.com/professor/88016,Mathematics,"LOTS OF HOMEWORK, GRADED BY FEW THINGS, LECTURE HEAVY, HILARIOUS, TOUGH GRADER, TEST HEAVY, AMAZING LECTURES, INSPIRATIONAL, CLEAR GRADING CRITERIA, ONLINE SAVVY"
"QUIROS, WAGNER",4.7,1.8,9,88%,https://www.ratemyprofessors.com/professor/3047498,Environmental Science & Mgmt.,"GROUP PROJECTS, CLEAR GRADING CRITERIA, PARTICIPATION MATTERS, EXTRA CREDIT, AMAZING LECTURES, CARING"
"ANDERSON, AVERY",2.0,3.5,2,,https://www.ratemyprofessors.com/professor/3055755,Statistics,"TOUGH GRADER, ONLINE SAVVY"
"CHU, RUI",0.0,0.0,0,,https://www.ratemyprofessors.com/professor/2982429,Spanish & Portuguese,None
"GABLE, SHELLY",4.4,2.6,73,81%,https://www.ratemyprofessors.com/professor/631648,Psychology,"CLEAR GRADING CRITERIA, AMAZING LECTURES, CARING, RESPECTED, GRADED BY FEW THINGS, INSPIRATIONAL, ACCESSIBLE OUTSIDE CLASS, TOUGH GRADER, TEST HEAVY, GET READY TO READ"
